run_id,yrs_il_single,yrs_il_double,yrs_sum_al,total_living_yrs,elapsed_time_yrs,earning_potential,earning_potential_cc,added_lc_worth_norm,man_independent_yrs,woman_independent_yrs,man_assisted_yrs,woman_assisted_yrs,roi_seed,inflation_seed,apy_roi,apy_cpi,roi_one_dollar_at_end,cpi_one_dollar_at_end,norm_one_dollar_at_end,roi_mean_shift,roi_vol_multiplier,roi_mean_reversion,inflation_mean_shift,inflation_vol_multiplier,inflation_mean_reversion,man_goes_to_al_seed,woman_goes_to_al_seed,man_goes_to_al,woman_goes_to_al,man_age_to_al,woman_age_to_al,man_age_at_death,woman_age_at_death,exp_norm_al_cc,exp_norm_cc,exp_norm_lc,exp_norm_non_taylor,exp_norm_total_cc,exp_norm_total_lc,entrance_fee_cc,entrance_fee_lc,earn_norm_cc,earn_norm_lc,cum_mo_earn_lc_norm,cum_mo_earn_cc_norm,cum_mo_earn_inv_lc_norm,cum_mo_earn_inv_cc_norm,cum_mo_earn_ss_man_norm,cum_mo_earn_ss_woman_norm,cum_mo_earn_ss_norm,cum_mo_earn_pen_man_norm,cum_mo_earn_pen_woman_norm,cum_mo_earn_pen_norm,cum_mo_exp_lc_norm,cum_mo_exp_cc_norm,cum_mo_exp_al_cc_norm,cum_mo_exp_non_taylor_norm,cum_mo_exp_total_lc_norm,cum_mo_exp_total_cc_norm,start_pile,worth_norm_lc,worth_norm_cc,man_age_at_start,woman_age_at_start,ticker,current_date,history_years,al_cum_running_avg_yrs,start_clock,man_dob,woman_dob,constant_monthly_roi,constant_monthly_cpi
1,1.1999999999999993,8.8,5.494999999999999,24.295,11.663483849771042,187647350.963677,202207395.41808078,-1852841.359077476,10.0,8.8,1.645,3.8499999999999996,716049,154002,14.228583575000364,4.024563331940567,4.721056907924512,1.5845970746182618,1.5845970746182618,-0.002701053775495065,1.4341515185061933,0.33162980773319484,0.0039288428965370365,0.9969838787556675,0.32756927500353705,100472,646259,True,False,78.93112110447169,,80.57660321567178,79.0214720357023,272513.6172745349,401091.7607269983,925839.745501151,891091.4925773151,1965115.2532705597,2716931.238078466,481000.0,900000.0,13058965.75944086,12171030.08921754,15934265.512956247,17012125.47232822,10166895.513471525,10952765.911837067,482300.0,373380.0,855680.0,638907.288361428,173809.66021681612,812716.9485782443,1121399.9999999998,482998.2934610118,280950.5774706921,1086148.0000000002,3104391.063421213,2329409.6637157095,6300000.0,19129874.449535035,20982715.80861251,68.93228471494966,70.22183891524124,SPY,2026-03-29 00:00:00,25,2,2026-07-01,1957-07-26,1956-04-11,stochastic,stochastic
2,1.1999999999999993,8.8,5.494999999999999,24.295,11.663483849771042,140802595.88463736,151727834.34309345,-1663318.6026306264,10.0,8.8,1.645,3.8499999999999996,282877,932218,9.865279395205494,2.5446174817919998,2.9971288839952894,1.3406543126458608,1.3406543126458608,0.0002644015954383575,0.6966854857042285,0.325621053852129,-0.0005017576078826611,0.8419994130454158,0.09426451986498742,999988,892791,True,False,78.93112110447169,,80.57660321567178,79.0214720357023,241259.9369395966,406234.13982072286,974928.3587804802,939983.5931405727,2032124.819564142,2814911.9519210528,481000.0,900000.0,8161127.859425769,7446983.928094181,10356394.942319624,11190849.152248945,6100233.751091276,6730585.966756539,482300.0,373380.0,855680.0,690685.9090738812,187895.6232923161,878581.5323661971,1121400.0000000007,465934.000735164,243830.22437057213,1086148.0,3103743.1217812314,2274878.729079926,6300000.0,13552651.820538392,15215970.423169019,68.93228471494966,70.22183891524124,SPY,2026-03-29 00:00:00,25,2,2026-07-01,1957-07-26,1956-04-11,stochastic,stochastic
3,1.1999999999999993,8.8,5.494999999999999,24.295,12.662819907321847,211319773.25279897,227716622.32556245,-1533311.49181889,10.0,8.8,1.645,3.8499999999999996,64364,617175,11.980490787290975,2.4370108658388956,4.192470126849265,1.3566069288078113,1.3566069288078113,-0.005828971827329579,0.8511878257255197,0.14283747742380185,-0.00035784188998895256,0.7815313909398551,0.08562879983484331,885441,654946,False,True,,79.0214720357023,78.93112110447169,82.87096928752814,535590.6492609392,419129.8156268226,999793.3475561477,964447.703584126,2332640.351002218,2864241.051140274,481000.0,900000.0,12887011.25332386,11982025.343519079,15080541.521015126,16096538.580349617,10593884.11319865,11418139.001017522,523640.0,405384.0,929024.0,735037.1330908369,199961.02200823463,934998.1550990711,1121399.9999999995,468947.6490670866,553691.7119554268,1086148.0,3106589.5612320346,2589275.128747634,6300000.0,18273951.959783092,19807263.451601982,68.93228471494966,70.22183891524124,SPY,2026-03-29 00:00:00,25,2,2026-07-01,1957-07-26,1956-04-11,stochastic,stochastic
4,1.1999999999999993,8.8,5.494999999999999,24.295,12.662819907321847,179970050.52094525,193934393.32988527,-1358739.1596238408,10.0,8.8,1.645,3.8499999999999996,86328,440089,10.034010311276532,1.9406159928931244,3.357437422387839,1.2756510133568115,1.2756510133568115,-0.003849872408490075,0.5335958626613752,0.4411229289022691,-0.0015321486894528417,0.623365976529031,0.25035042498108323,535236,493665,False,True,,79.0214720357023,78.93112110447169,82.87096928752814,501525.2762692944,419956.9466612469,1025454.3438691148,990394.1108623882,2312742.7348075737,2915848.4547315026,481000.0,900000.0,9872579.762759974,9153372.09865233,11809513.814258423,12606083.796024622,8085900.387741972,8718193.253348215,523640.0,405384.0,929024.0,770409.5587785478,209583.80985526848,979993.3686338166,1121400.0,458565.689558435,519434.29810220277,1086148.0,3107052.1741442755,2544882.9962866344,6300000.0,15002461.640114147,16361200.799737986,68.93228471494966,70.22183891524124,SPY,2026-03-29 00:00:00,25,2,2026-07-01,1957-07-26,1956-04-11,stochastic,stochastic
5,1.1999999999999993,8.8,5.494999999999999,24.295,12.662819907321847,117231017.28702721,126327275.85059467,-258822.32946031308,10.0,8.8,1.645,3.8499999999999996,238280,455402,6.805785074864357,2.355633253451561,2.3025045875260264,1.3430190119709446,1.3430190119709446,0.002143827236001355,1.0089538899471373,0.19429766395419623,-0.004819929803330885,1.0189657939693468,0.07110859992718932,324352,765179,True,True,78.93112110447169,79.0214720357023,80.57660321567178,82.87096928752814,1215028.2508556256,414504.18667582265,997889.6121787751,963200.4812822144,3002018.536052391,2861090.093460989,481000.0,900000.0,4913834.234030376,4549920.814241078,7108807.48190591,7550414.055248323,3311404.37337477,3588190.589113016,523640.0,405384.0,929024.0,746928.806836041,203196.0575301554,950124.8643661969,1121400.0000000002,464838.9660623642,1258274.8636701847,1086148.0000000002,3107396.7524234015,3290180.996305501,6300000.0,10301410.72948251,10560233.058942823,68.93228471494966,70.22183891524124,SPY,2026-03-29 00:00:00,25,2,2026-07-01,1957-07-26,1956-04-11,stochastic,stochastic
6,1.1999999999999993,8.8,5.494999999999999,24.295,12.662819907321847,206994509.73350626,223055750.39616168,-270840.3797949739,10.0,8.8,1.645,3.8499999999999996,956312,708025,14.320898527574876,4.748837182358723,5.448261824778586,1.799796213306417,1.799796213306417,-0.0022976991813681603,1.1868142176979097,0.43338623951634614,0.0046913520727471765,1.1596337516768935,0.3526410678463921,685073,950420,True,True,78.93112110447169,79.0214720357023,80.57660321567178,82.87096928752814,1505360.4984382885,393926.92477079254,888551.4629743997,854008.3774162417,3103699.001612871,2642559.8403906412,481000.0,900000.0,13689947.525922256,13090026.592448328,18157219.91596271,19002221.57014491,10629034.461532053,11221243.780281812,523640.0,405384.0,929024.0,651279.6036749985,177175.45046513554,828455.0541401338,1121400.0,492768.82776216033,1620415.6011836606,1086148.0,3104590.575424194,3678751.849811419,6300000.0,21352629.340538517,21623469.72033349,68.93228471494966,70.22183891524124,SPY,2026-03-29 00:00:00,25,2,2026-07-01,1957-07-26,1956-04-11,stochastic,stochastic
7,1.1999999999999993,8.8,5.494999999999999,24.295,12.662819907321847,141222847.81164885,152180694.70666382,-357657.14588083513,10.0,8.8,1.645,3.8499999999999996,368441,348905,8.751782604630453,2.699772404260803,2.8941933147256225,1.4013504624918145,1.4013504624918145,0.00566065691320009,0.6576861669473055,0.37098401002922515,-0.0038426720497697184,1.4859576115292257,0.023547506823667273,275670,818852,True,True,78.93112110447169,79.0214720357023,80.57660321567178,82.87096928752814,1242501.9347810335,408556.1862990307,974007.3590899702,938944.7701325878,2995357.41795838,2812952.129222558,481000.0,900000.0,7088075.415422498,6599213.900615655,9450774.298761686,10039084.869319506,5176370.0748556405,5585528.100747659,523640.0,405384.0,929024.0,732966.9682781287,199397.8500907373,932364.8183688666,1121399.9999999998,468705.902497902,1301710.228897143,1086148.0000000005,3106179.1122822277,3336832.5369592123,6300000.0,12644595.186479459,13002252.332360294,68.93228471494966,70.22183891524124,SPY,2026-03-29 00:00:00,25,2,2026-07-01,1957-07-26,1956-04-11,stochastic,stochastic
8,1.1999999999999993,8.8,5.494999999999999,24.295,9.99883638952203,79644610.79070772,85824442.6279867,-1544551.9660005826,10.0,8.8,1.645,3.8499999999999996,8460,44225,5.969942321239974,1.929848969845005,1.7857759899931962,1.2106366216752804,1.2106366216752804,-0.008403390774764279,0.8407063342196814,0.10363485310587446,-0.0010241825078449078,0.6398675616300709,0.4503460740269141,839499,245824,False,False,,,78.93112110447169,79.0214720357023,0.0,413724.8882293111,1012933.5602856528,978088.1661594976,1872813.0543888088,2891021.72644515,481000.0,900000.0,3385009.892097611,2963669.435813231,4854990.548639022,5317444.505933472,2137789.6553075886,2462794.7930600657,413400.0,320040.0,733440.0,627006.6579483321,170572.18810443665,797578.8460527686,1121399.9999999995,457395.1068698288,0.0,1086148.0000000002,3105600.038229988,2023502.0295238555,6300000.0,8049390.510409034,9593942.476409616,68.93228471494966,70.22183891524124,SPY,2026-03-29 00:00:00,25,2,2026-07-01,1957-07-26,1956-04-11,stochastic,stochastic
9,1.1999999999999993,8.8,5.494999999999999,24.295,9.99883638952203,132125243.93933573,142377184.16351753,-1917799.7395430282,10.0,8.8,1.645,3.8499999999999996,806885,540880,12.368019946199027,2.7492049622271475,3.209425372270926,1.3115495458902646,1.3115495458902646,-0.008247255048090468,0.5730328174956081,0.1792305566814501,0.002273273005452602,1.0633703156647671,0.13190140807946518,48312,323900,False,False,,,78.93112110447169,79.0214720357023,0.0,422620.2730874338,1000721.4745196471,965684.5382290783,1869304.811316512,2866406.0127487257,481000.0,900000.0,9273592.58415492,8504161.552841604,10831058.699366221,11681815.76179722,7254733.00192153,7933471.463184959,413400.0,320040.0,733440.0,589589.434426187,160393.12922514323,749982.5636513311,1121400.0000000002,472125.3287209447,0.0,1086148.0000000002,3104901.711813072,2037859.034701041,6300000.0,14026156.987553148,15943956.727096178,68.93228471494966,70.22183891524124,SPY,2026-03-29 00:00:00,25,2,2026-07-01,1957-07-26,1956-04-11,stochastic,stochastic
10,1.1999999999999993,8.8,5.494999999999999,24.295,12.662819907321847,158618680.3934158,170926315.03875676,-389661.38537998125,10.0,8.8,1.645,3.8499999999999996,407140,654039,11.064580137160874,3.9263874246166175,3.77824981163425,1.6287728707554487,1.6287728707554487,0.007750050198888284,1.2606247423937629,0.1582676978172343,0.0034005820607118037,0.8193907477935598,0.27704374291214845,714831,608485,True,True,78.93112110447169,79.0214720357023,80.57660321567178,82.87096928752814,1373257.9341399677,406430.98341315694,937771.350852296,902732.2015000306,3033659.356654548,2740503.5523523265,481000.0,900000.0,9380070.297500135,8771627.489372691,12983847.340616273,13788836.539675796,6704119.7388827475,7290693.3393173935,523640.0,405384.0,929024.0,682772.3785095186,185742.8100695482,868515.1885790669,1121399.9999999995,483114.6738898569,1471883.50116195,1086147.9999999998,3105980.757124193,3521308.570803736,6300000.0,16177866.583492078,16567527.96887206,68.93228471494966,70.22183891524124,SPY,2026-03-29 00:00:00,25,2,2026-07-01,1957-07-26,1956-04-11,stochastic,stochastic
11,1.1999999999999993,8.8,5.494999999999999,24.295,12.662819907321847,209033006.21401381,225252419.10358268,-164809.17605228722,10.0,8.8,1.645,3.8499999999999996,337119,729169,14.487887409894418,4.820715490156169,5.549930276564722,1.8155024981999743,1.8155024981999743,0.0033487384591811,1.332179998544806,0.050678788195550224,0.004805118809490757,1.4285514774626413,0.32642906248061726,499632,48198,True,True,78.93112110447169,79.0214720357023,80.57660321567178,82.87096928752814,1477543.813875568,393077.749751973,891298.2786480213,856610.43760081,3055330.8424486457,2647908.7162488312,481000.0,900000.0,13525437.244000819,13024003.819994088,17615738.113341007,18342510.431828115,10579953.246326862,11064272.241473861,523640.0,405384.0,929024.0,657143.4844347916,178770.67271565244,835914.157150444,1121400.0,490185.9325051258,1610080.1261731656,1086147.9999999998,3103043.524150655,3665006.6665854747,6300000.0,20812694.589190353,20977503.76524264,68.93228471494966,70.22183891524124,SPY,2026-03-29 00:00:00,25,2,2026-07-01,1957-07-26,1956-04-11,stochastic,stochastic
12,1.1999999999999993,8.8,5.494999999999999,24.295,11.663483849771042,116425830.08994736,125459612.09137104,-1584681.0341622722,10.0,8.8,1.645,3.8499999999999996,297045,402935,6.591476310210687,1.1233775303336024,2.105857121993678,1.139204288017049,1.139204288017049,-0.007911000290848354,0.7530689697622133,0.09412476819310175,-0.0022524459206193985,0.7242062554891052,0.4756992291660643,765566,610806,True,False,78.93112110447169,,80.57660321567178,79.0214720357023,205715.13746298733,425570.5329702271,1058296.5012403254,1023059.7812628493,2118653.9155145506,2981356.2825031746,481000.0,900000.0,4722083.993660842,4038550.0069337604,5939370.184535099,6642072.428167768,3479657.546773676,4086771.727205718,482300.0,373380.0,855680.0,747012.3113549929,203218.77427220848,950231.0856272007,1121399.9999999998,450650.99473037536,207337.27237102683,1086147.9999999998,3106618.052190699,2224639.2616610955,6300000.0,9132752.1323444,10717433.166506672,68.93228471494966,70.22183891524124,SPY,2026-03-29 00:00:00,25,2,2026-07-01,1957-07-26,1956-04-11,stochastic,stochastic
13,1.1999999999999993,8.8,5.494999999999999,24.295,11.663483849771042,115191921.51932095,124129961.35572754,-1616044.8669920065,10.0,8.8,1.645,3.8499999999999996,976680,116896,7.170758459736115,1.7658398486827487,2.2433147740960964,1.226564090429411,1.226564090429411,0.004778711771848803,1.4001062642553534,0.18175854091823826,-0.0033799945179573032,0.8383862500954016,0.18838366552760674,112951,308374,True,False,78.93112110447169,,80.57660321567178,79.0214720357023,220471.81617715754,410841.6625013781,1014383.7597465233,979343.0087427844,2049626.724576702,2893726.7684893077,481000.0,900000.0,5197198.73550349,4514229.743452909,6748104.335517913,7501358.982097784,3603677.1289784457,4200076.271579534,482300.0,373380.0,855680.0,731105.723336251,198891.5131670222,929997.2365032728,1121400.0,453646.81282769213,222785.05628561875,1086147.9999999995,3105017.8820355632,2242227.661623428,6300000.0,9943086.45348235,11559131.320474356,68.93228471494966,70.22183891524124,SPY,2026-03-29 00:00:00,25,2,2026-07-01,1957-07-26,1956-04-11,stochastic,stochastic
14,1.1999999999999993,8.8,5.494999999999999,24.295,9.99883638952203,138851861.49257886,149625737.4120956,-1941732.262659775,10.0,8.8,1.645,3.8499999999999996,818261,326384,11.99168239641384,1.8978264808162004,3.1035424420300908,1.2068386334183747,1.2068386334183747,0.006642621410530314,0.701796900132305,0.35945987286841913,-0.0008821397673272127,1.4662513171675449,0.07503654551174653,757660,9041,False,False,,,78.93112110447169,79.0214720357023,0.0,409794.67409746523,1009531.1290958812,975033.967808766,1865828.6419062314,2884565.0969046475,481000.0,900000.0,9652077.813666277,8872308.380410196,11277877.609435566,12136585.086102039,7968847.534646503,8687782.438580956,413400.0,320040.0,733440.0,633736.3329168294,172402.94280226462,806139.2757190939,1121400.0000000002,454786.0306301528,0.0,1086148.0000000002,3101986.508260405,2018961.7222671027,6300000.0,14475891.101175161,16417623.363834936,68.93228471494966,70.22183891524124,SPY,2026-03-29 00:00:00,25,2,2026-07-01,1957-07-26,1956-04-11,stochastic,stochastic
15,1.1999999999999993,8.8,5.494999999999999,24.295,12.662819907321847,151114773.91592875,162840161.00310916,-355817.8303801827,10.0,8.8,1.645,3.8499999999999996,821681,638039,9.10588957629308,2.4849477166510647,3.015855053845169,1.3646702667684876,1.3646702667684876,-0.0016903472326847344,0.7341240594396641,0.008352834221562647,-0.002783159693629308,0.9449785774222772,0.05126902056344441,780447,156192,True,True,78.93112110447169,79.0214720357023,80.57660321567178,82.87096928752814,1183731.1227921087,418145.7285931772,1006645.675827828,971198.1099272468,2951522.6541597596,2877843.7857550746,481000.0,900000.0,7660814.877530207,7242047.280110002,10198913.7863161,10728334.14607606,5895735.361269474,6271040.539776266,523640.0,405384.0,929024.0,749121.3343121265,203792.51723968817,952913.8515518146,1121399.9999999998,464478.2416453312,1249996.420761971,1086147.9999999998,3108562.128221415,3282164.657601193,6300000.0,13390351.658094686,13746169.488474868,68.93228471494966,70.22183891524124,SPY,2026-03-29 00:00:00,25,2,2026-07-01,1957-07-26,1956-04-11,stochastic,stochastic
16,1.1999999999999993,8.8,5.494999999999999,24.295,12.662819907321847,188303761.97412565,202914739.06063652,-569651.5926823374,10.0,8.8,1.645,3.8499999999999996,618232,362855,9.875170667923406,1.4303367673329515,3.296561081392258,1.1970886709189485,1.1970886709189485,0.0028311307430667846,1.2071654231412263,0.021236158243089432,-0.002243957586476722,0.8103576991862911,0.2811452235808275,763955,43524,True,True,78.93112110447169,79.0214720357023,80.57660321567178,82.87096928752814,1100917.702098935,423431.2914556749,1046198.4532003241,1011032.5031532281,2964127.5716577517,2957230.9563535526,481000.0,900000.0,10400874.990896562,9852889.04057552,12751096.175619813,13366800.527352188,9007793.108565094,9519918.329119096,523640.0,405384.0,929024.0,793631.1727557959,215901.0657523214,1009532.2385081167,1121399.9999999998,453522.61058018345,1131910.6854611095,1086148.0000000005,3105358.2226542463,3151410.981704284,6300000.0,15945737.952965565,16515389.545647904,68.93228471494966,70.22183891524124,SPY,2026-03-29 00:00:00,25,2,2026-07-01,1957-07-26,1956-04-11,stochastic,stochastic
17,1.1999999999999993,8.8,5.494999999999999,24.295,12.662819907321847,128838486.86165114,138835399.0829533,-864301.4775532642,10.0,8.8,1.645,3.8499999999999996,713318,649784,5.303846101000365,0.1668741112294425,1.9243923656442619,1.0213443713450694,1.0213443713450694,0.005576104843277642,1.3088191286989317,0.03578809059901625,-0.004639578721522898,1.4352517428066554,0.4132237444006476,337328,300951,True,True,78.93112110447169,79.0214720357023,80.57660321567178,82.87096928752814,978119.6696448436,435511.85573225474,1112971.3162086813,1077752.5239028523,2959534.899206143,3090723.8401115336,481000.0,900000.0,4502026.588032802,3762385.9482968366,5832361.535019248,6581924.534908058,3659918.943681202,4398734.045871219,523640.0,405384.0,929024.0,861565.2434395272,234381.9908533122,1095947.2342928392,1121400.0000000002,438807.793219798,986551.385722457,1086148.0,3106898.57505021,2992160.097385756,6300000.0,9025462.959969038,9889764.437522301,68.93228471494966,70.22183891524124,SPY,2026-03-29 00:00:00,25,2,2026-07-01,1957-07-26,1956-04-11,stochastic,stochastic
18,1.1999999999999993,8.8,5.494999999999999,24.295,12.662819907321847,270991829.87391776,292018788.52524585,-735970.8046225831,10.0,8.8,1.645,3.8499999999999996,14514,889197,14.245766389480185,2.4771555325783012,5.403080789261825,1.3633565656175413,1.3633565656175413,0.009637053358410095,1.4154210146325346,0.37459279128162637,-0.0004404396931821427,0.5894248729908076,0.00010644999883605843,935785,812773,True,True,78.93112110447169,79.0214720357023,80.57660321567178,82.87096928752814,1236364.8726991839,406596.5940561875,981371.7130809374,946746.0377806883,2989421.396803847,2828117.7508616257,481000.0,900000.0,17725853.98387772,16926262.506991256,20393832.46224819,21335332.526095655,15472807.596540025,16230138.796280492,523640.0,405384.0,929024.0,747381.3151963267,203319.1588404382,950700.4740367652,1121399.9999999995,463548.6823661416,1281321.7110246215,1086147.9999999998,3105273.586513827,3310802.8457387094,6300000.0,23588558.875734363,24324529.680356946,68.93228471494966,70.22183891524124,SPY,2026-03-29 00:00:00,25,2,2026-07-01,1957-07-26,1956-04-11,stochastic,stochastic
19,1.1999999999999993,8.8,5.494999999999999,24.295,11.663483849771042,94020947.31407924,101316276.3741902,-1309814.0712407725,10.0,8.8,1.645,3.8499999999999996,580116,222391,6.775983811600028,3.171341029931818,2.1487791708449238,1.439425575979647,1.439425575979647,0.0004047496856197409,0.5365285139660252,0.17164845089337452,0.000896299904362398,1.353840185104635,0.3129572321572485,403687,414751,True,False,78.93112110447169,,80.57660321567178,79.0214720357023,247528.53962221392,402466.77316680603,957859.8490409516,923280.5284418133,1978345.4066725464,2781140.3774827654,481000.0,900000.0,4337350.654222753,3936526.494554006,6783718.290440442,7278999.99326614,2496254.8850466544,2742539.2042347714,482300.0,373380.0,855680.0,678290.6593566852,184523.59392139805,862814.2532780829,1121400.0000000002,469459.54047119385,255090.27355909196,1086148.0,3104717.3656344255,2290184.9972193507,6300000.0,9979000.924806017,11288814.996046789,68.93228471494966,70.22183891524124,SPY,2026-03-29 00:00:00,25,2,2026-07-01,1957-07-26,1956-04-11,stochastic,stochastic
20,1.1999999999999993,8.8,5.494999999999999,24.295,12.662819907321847,102780856.23424666,110755889.33834839,-1127671.214044692,10.0,8.8,1.645,3.8499999999999996,196666,611041,5.92778743855058,2.573969126177178,2.073920384338087,1.3797615526122757,1.3797615526122757,-0.005507409148144524,0.5224404858940513,0.003330810053982062,0.0016830147497336346,1.1482084611389354,0.01699663609382783,174730,127723,False,True,,79.0214720357023,78.93112110447169,82.87096928752814,527530.4936867098,409816.93019994657,980657.1871474389,946095.2017712756,2294465.6387364203,2826752.3889187146,481000.0,900000.0,3769418.119013171,3248353.0118949604,5604249.684421495,6213678.741058336,1896387.6491607833,2305064.9425399816,523640.0,405384.0,929024.0,738753.149993011,200971.93493236694,939725.0849253781,1121400.0,467356.52451615623,553718.0172402663,1086148.0,3105221.1008301806,2586978.9434223296,6300000.0,8799028.583591314,9926699.797636006,68.93228471494966,70.22183891524124,SPY,2026-03-29 00:00:00,25,2,2026-07-01,1957-07-26,1956-04-11,stochastic,stochastic
21,1.1999999999999993,8.8,5.494999999999999,24.295,11.663483849771042,124327925.04994719,133974851.08623013,-1503956.123255508,10.0,8.8,1.645,3.8499999999999996,508092,797490,8.419738219996887,2.280520300608102,2.5680144745611586,1.3009207289926483,1.3009207289926483,-0.006662072064901045,1.1573716676648669,0.4530570865998562,-0.0042271805494977785,1.235676108778778,0.037297207944485024,690480,589045,True,False,78.93112110447169,,80.57660321567178,79.0214720357023,231324.60111667894,420979.85179865104,1012294.9259467203,977195.6850842955,2061652.034725144,2889490.611031016,481000.0,900000.0,6461084.715623489,5858977.628717652,8251135.289499258,8916695.297773188,4730957.375450569,5219118.583243914,482300.0,373380.0,855680.0,694633.7014480142,188969.58889523547,883603.2903432503,1121400.0000000005,465495.1729139973,235018.26722501384,1086147.9999999998,3104346.567084794,2265950.452103216,6300000.0,11446788.722414464,12950744.845669972,68.93228471494966,70.22183891524124,SPY,2026-03-29 00:00:00,25,2,2026-07-01,1957-07-26,1956-04-11,stochastic,stochastic
22,1.1999999999999993,8.8,5.494999999999999,24.295,11.663483849771042,156535948.30725402,168681978.37035394,-1710540.4857981335,10.0,8.8,1.645,3.8499999999999996,420938,626625,12.994266640023655,4.511880427536918,4.159023981629334,1.673398549352895,1.673398549352895,-0.005392321693282732,0.8266753695985317,0.06070268698308763,0.004504112664412595,1.312058941988406,0.359810773758123,957313,419479,True,False,78.93112110447169,,80.57660321567178,79.0214720357023,287045.0728210351,394870.896806262,904162.3459130549,869447.2261880967,1930353.8338405148,2673609.5721011516,481000.0,900000.0,10611362.082045563,9890980.207503255,14626045.345456902,15580502.796945907,7667535.836250378,8297055.285258079,482300.0,373380.0,855680.0,629438.4411644114,171233.73544034472,800672.1766047565,1121400.0,485944.1813319851,296543.006837919,1086148.0,3103617.6902890955,2347534.6559799667,6300000.0,17822427.655167807,19532968.14096594,68.93228471494966,70.22183891524124,SPY,2026-03-29 00:00:00,25,2,2026-07-01,1957-07-26,1956-04-11,stochastic,stochastic
23,1.1999999999999993,8.8,5.494999999999999,24.295,11.663483849771042,192371111.12499908,207297684.37710547,-1862809.1734863445,10.0,8.8,1.645,3.8499999999999996,119781,696681,11.132259580405734,0.9893929608167928,3.4261130395811876,1.1217185101398623,1.1217185101398623,-0.00520595623515294,1.2547236967894542,0.20428503448733754,-0.004503445752947904,0.804356738956185,0.2886093521362545,748236,862943,True,False,78.93112110447169,,80.57660321567178,79.0214720357023,201094.00118768308,428637.22932504513,1074073.4050459815,1039130.4695589506,2108412.0557653587,3013203.8746049325,481000.0,900000.0,11997936.038826836,11075930.10531877,13508477.932414435,14482703.464953786,10507577.055517482,11393048.460984986,482300.0,373380.0,855680.0,758071.5101711899,206227.34159258305,964298.8517637725,1121399.9999999998,447395.6046377911,203697.32915128034,1086148.0000000002,3105994.103251693,2217410.4623046983,6300000.0,16702483.829162743,18565293.00264909,68.93228471494966,70.22183891524124,SPY,2026-03-29 00:00:00,25,2,2026-07-01,1957-07-26,1956-04-11,stochastic,stochastic
24,1.1999999999999993,8.8,5.494999999999999,24.295,9.99883638952203,86687129.72205286,93413408.86159733,-1539113.1400091983,10.0,8.8,1.645,3.8499999999999996,444064,340603,6.341122693080203,1.4238520496717255,1.849321464981428,1.1518634798966332,1.1518634798966332,-0.004070455820657958,0.632302315703843,0.2361667596714984,-0.0016297545682908083,1.0477035338015273,0.49515097793321516,879084,67457,False,False,,,78.93112110447169,79.0214720357023,0.0,416025.4111441706,1032644.3136784581,997747.9668310892,1894773.37797526,2930392.2805095473,481000.0,900000.0,3975343.985591346,3558586.363782155,5459686.682988189,5909831.119081003,2936627.630830423,3279837.559766846,413400.0,320040.0,733440.0,643580.8536249923,175081.06657773678,818661.9202027294,1121400.0000000002,451404.46328687196,0.0,1086147.9999999998,3107490.363921078,2018521.6600046929,6300000.0,8652196.319067111,10191309.45907631,68.93228471494966,70.22183891524124,SPY,2026-03-29 00:00:00,25,2,2026-07-01,1957-07-26,1956-04-11,stochastic,stochastic
25,1.1999999999999993,8.8,5.494999999999999,24.295,12.662819907321847,185548514.12214914,199945704.38459,-1391927.5991893895,10.0,8.8,1.645,3.8499999999999996,995824,97870,10.599221241626712,2.217618069662586,3.5825550616984745,1.320260357526941,1.320260357526941,-0.007415977458872602,0.9656861816606759,0.257557719080101,0.00020887166845179675,0.6306155801946853,0.2244071374316984,478132,148502,False,True,,79.0214720357023,78.93112110447169,82.87096928752814,514239.98310012283,411029.86303477973,998245.9356608543,963335.8361252658,2296359.4335416695,2861581.7717861203,481000.0,900000.0,10170715.830154656,9397759.95120694,11883536.311752077,12731946.452831518,8224198.155716896,8888013.481950453,523640.0,405384.0,929024.0,760021.3647052228,206757.78405302472,966779.1487582474,1121400.0,460885.4323461573,534870.4811135172,1086148.0,3105128.0343977627,2561610.576287814,6300000.0,15078408.277354315,16470335.876543704,68.93228471494966,70.22183891524124,SPY,2026-03-29 00:00:00,25,2,2026-07-01,1957-07-26,1956-04-11,stochastic,stochastic
26,1.1999999999999993,8.8,5.494999999999999,24.295,12.662819907321847,426150735.0272962,459216875.39330304,-1129845.038344767,10.0,8.8,1.645,3.8499999999999996,941395,870484,17.70973685790631,1.877370441325632,7.88781879667111,1.2656623857240512,1.2656623857240512,0.009360766391067086,0.7607165851084816,0.3411801968729518,-0.0015887473766767646,0.8520188896651917,0.27779398315358744,792584,100625,True,True,78.93112110447169,79.0214720357023,80.57660321567178,82.87096928752814,1106440.2076431173,420121.3149797749,1033490.5931805744,998363.4048683792,2907530.319483513,2931853.9980489537,481000.0,900000.0,31335517.17935991,30288129.665269107,35097589.29438331,36309589.99348976,29009902.89501077,30100823.212629512,523640.0,405384.0,929024.0,782387.35285217,212842.27372945964,995229.6265816292,1121400.0000000005,455408.5208043798,1166315.2175793657,1086148.0000000002,3105761.0545581444,3187916.715319822,6300000.0,38291828.23982517,39421673.27816994,68.93228471494966,70.22183891524124,SPY,2026-03-29 00:00:00,25,2,2026-07-01,1957-07-26,1956-04-11,stochastic,stochastic
27,1.1999999999999993,8.8,5.494999999999999,24.295,12.662819907321847,385168126.1377075,415054319.6287629,-1868798.6840891317,10.0,8.8,1.645,3.8499999999999996,401824,161476,16.242141065743798,1.4134942151388108,6.728820474487911,1.1945732650371395,1.1945732650371395,0.009040575356915414,0.8557312082496091,0.0005045962227744538,-0.0021532902971554413,1.181460569786066,0.3474971012197136,738465,441057,False,True,,79.0214720357023,78.93112110447169,82.87096928752814,476291.95234879764,422271.46864721697,1045332.5451022637,1010376.7934581768,2336214.8765231725,2955709.3385604406,481000.0,900000.0,27813723.005485747,26655238.34599592,30690808.98031398,31963237.67885024,25704059.833335977,26854014.216210216,523640.0,405384.0,929024.0,796010.2595728996,216548.27745085701,1012558.5370237562,1121399.9999999995,452685.2280744834,489983.9973364567,1086147.9999999998,3104625.0641227425,2508255.0785698723,6300000.0,33886183.916191235,35754982.60028037,68.93228471494966,70.22183891524124,SPY,2026-03-29 00:00:00,25,2,2026-07-01,1957-07-26,1956-04-11,stochastic,stochastic
28,1.1999999999999993,8.8,5.494999999999999,24.295,11.663483849771042,243199748.75717714,262070247.78111365,-1895212.1355676576,10.0,8.8,1.645,3.8499999999999996,858658,845996,15.37653229075735,2.7603063094636004,5.305226799852607,1.373924553970936,1.373924553970936,0.008635864124520573,0.5791787115210237,0.44327141629405714,0.0009328826735484977,1.481579869400337,0.15678386327944463,733073,868207,True,False,78.93112110447169,,80.57660321567178,79.0214720357023,243904.8724410186,408358.50006678054,975498.0870166522,940829.9083749105,2022293.1940443274,2816327.9953915626,481000.0,900000.0,18056863.28157166,17136991.52346363,21341978.21371112,22413221.34598685,15651547.978816884,16504257.06364709,482300.0,373380.0,855680.0,683522.8995048117,185946.98335345628,869469.8828582676,1121400.0000000002,468158.56536232075,247672.08407226333,1086148.0,3106258.4712502575,2282289.467958333,6300000.0,24535719.74246086,26430931.87802852,68.93228471494966,70.22183891524124,SPY,2026-03-29 00:00:00,25,2,2026-07-01,1957-07-26,1956-04-11,stochastic,stochastic
29,1.1999999999999993,8.8,5.494999999999999,24.295,12.662819907321847,110060902.0799695,118600812.81543379,-248424.72271351423,10.0,8.8,1.645,3.8499999999999996,98799,791978,6.162187172272793,2.247037919701267,2.132806848334351,1.3250816769506495,1.3250816769506495,-0.0046345197357279145,1.4780958931347554,0.2645392351415757,-0.0025875108399803855,0.6938905681722615,0.11691043884494624,823438,596098,True,True,78.93112110447169,79.0214720357023,80.57660321567178,82.87096928752814,1158285.612280804,415795.95624302037,1011029.5971137562,976009.555754688,2930999.609656879,2887039.152868444,481000.0,900000.0,4062017.5419257632,3720736.4219299047,6038064.582176599,6430140.419003936,2594215.0295380983,2841198.1703909393,523640.0,405384.0,929024.0,762245.3184143238,207362.79301998796,969608.1114343117,1121400.0,460416.841075416,1221556.0880671286,1086148.0,3103084.118200118,3246735.2323139417,6300000.0,9234980.463976482,9483405.186689995,68.93228471494966,70.22183891524124,SPY,2026-03-29 00:00:00,25,2,2026-07-01,1957-07-26,1956-04-11,stochastic,stochastic
30,1.1999999999999993,8.8,5.494999999999999,24.295,12.662819907321847,309373137.9216669,333378201.7715148,-795811.9876458123,10.0,8.8,1.645,3.8499999999999996,845747,765494,16.0287489241975,2.9937801019644716,6.574020495494893,1.4530235109225627,1.4530235109225627,-0.0014597266846462873,1.0912469830649982,0.0713783016317765,0.0013434118573443588,0.6029895431233514,0.3177657573099332,53147,548267,True,True,78.93112110447169,79.0214720357023,80.57660321567178,82.87096928752814,1269696.15365975,397007.2145328227,953236.1424542698,918782.0147722289,2960890.6535535324,2772018.1572264987,481000.0,900000.0,21779068.241082754,20956444.864241105,26448378.34999421,27507658.631975148,19115492.11948415,19970537.980609294,523640.0,405384.0,929024.0,736002.3533278264,200223.60251792925,936225.9558457559,1121399.9999999998,465574.3206718037,1338002.6885545207,1086148.0,3106922.327928588,3370390.622263714,6300000.0,29641456.02206562,30437268.00971143,68.93228471494966,70.22183891524124,SPY,2026-03-29 00:00:00,25,2,2026-07-01,1957-07-26,1956-04-11,stochastic,stochastic
31,1.1999999999999993,8.8,5.494999999999999,24.295,12.662819907321847,254685344.59267887,274447040.77496266,-1887328.2511591483,10.0,8.8,1.645,3.8499999999999996,927253,502458,12.15713891342045,1.097793601877739,4.277017359240997,1.1483155557880507,1.1483155557880507,-0.0003969706842513396,0.5067407391573066,0.027338420392985396,-0.00476220681481698,1.472156356482196,0.17272532646526417,964715,515159,False,True,,79.0214720357023,78.93112110447169,82.87096928752814,466254.4898156048,413230.8729439732,1038400.8415213506,1003723.4462213314,2334663.6770388437,2942124.287742682,481000.0,900000.0,15461099.037187222,14269906.395433238,16861841.013655845,18130731.84273426,13572592.357219107,14733464.92690344,523640.0,405384.0,929024.0,819412.99918591,222914.80714049647,1042327.8063264069,1121400.0,446082.03013967356,475067.04011738475,1086148.0000000002,3105800.6088401317,2487363.1867593974,6300000.0,20056040.404815715,21943368.65597486,68.93228471494966,70.22183891524124,SPY,2026-03-29 00:00:00,25,2,2026-07-01,1957-07-26,1956-04-11,stochastic,stochastic
32,1.1999999999999993,8.8,5.494999999999999,24.295,12.662819907321847,204088187.90671536,219923919.5239216,-492783.341337746,10.0,8.8,1.645,3.8499999999999996,834539,138278,12.598632895467897,3.2860125299214005,4.495239373015068,1.5061185015409884,1.5061185015409884,0.005019147154630333,1.0033257486753877,0.2401448725359817,0.003327775369502001,0.7942936573598186,0.16218141520525187,138888,981834,True,True,78.93112110447169,79.0214720357023,80.57660321567178,82.87096928752814,1325461.2708538044,412321.60526682547,959045.3935753647,924309.3358195954,3060951.0773815275,2783354.72939496,481000.0,900000.0,12588517.704423022,11907960.560864612,15484415.361302827,16309966.222428467,10114366.9606302,10741205.250032727,523640.0,405384.0,929024.0,697092.4897923861,189638.48276210044,886730.9725544866,1121400.0000000002,479882.7227550954,1391389.7419906748,1086148.0000000002,3103477.476043166,3436244.995831062,6300000.0,18680937.88525966,19173721.226597406,68.93228471494966,70.22183891524124,SPY,2026-03-29 00:00:00,25,2,2026-07-01,1957-07-26,1956-04-11,stochastic,stochastic
33,1.1999999999999993,8.8,5.494999999999999,24.295,12.662819907321847,118076252.32493539,127238094.86644427,-180937.34464691486,10.0,8.8,1.645,3.8499999999999996,984202,531643,7.0354165283309955,2.5175357705826684,2.366001653584906,1.3701770012952843,1.3701770012952843,-0.007134316059396157,0.833233617302684,0.33633711827131774,0.0027245096016708745,1.3432915483518504,0.125571965889099,89443,990975,True,True,78.93112110447169,79.0214720357023,80.57660321567178,82.87096928752814,1193368.8808612598,419242.02535970986,1008411.3338619445,973688.8583505587,2956924.1651949766,2882100.1922125034,481000.0,900000.0,4716560.5290059075,4404319.721727754,6705877.5533866035,7071772.414545512,3150972.895971097,3358888.7052753847,523640.0,405384.0,929024.0,745316.0698878373,202757.32523504354,948073.395122881,1121399.9999999998,465224.5898979202,1259441.440663412,1086148.0,3106062.707981872,3291020.2244938654,6300000.0,9899814.845404731,10080752.190051647,68.93228471494966,70.22183891524124,SPY,2026-03-29 00:00:00,25,2,2026-07-01,1957-07-26,1956-04-11,stochastic,stochastic
34,1.1999999999999993,8.8,5.494999999999999,24.295,12.662819907321847,407002922.19339603,438583334.1191429,-1337766.1600964442,10.0,8.8,1.645,3.8499999999999996,313404,594109,16.0231334333907,0.7827417353793109,6.569991535999789,1.10380275278883,1.10380275278883,0.007001129220533945,0.938668845393592,0.351972398343824,-0.0036581795983484057,0.8961392459590289,0.4169816255920547,298621,736446,True,True,78.93112110447169,79.0214720357023,80.57660321567178,82.87096928752814,1060307.4566591596,430721.7706890497,1076397.4487209274,1041382.2542992788,3003218.531046487,3017779.703020206,481000.0,900000.0,29080697.3475775,27818227.125433728,30604465.282553494,31917719.620097168,27284205.40546459,28534239.20770107,523640.0,405384.0,929024.0,817871.543242307,222495.46627731112,1040367.0095196178,1121399.9999999998,448614.0423206278,1066978.5177568886,1086147.9999999998,3106913.022356229,3082401.1998034553,6300000.0,33797552.26019727,35135318.42029371,68.93228471494966,70.22183891524124,SPY,2026-03-29 00:00:00,25,2,2026-07-01,1957-07-26,1956-04-11,stochastic,stochastic
35,1.1999999999999993,8.8,5.494999999999999,24.295,12.662819907321847,165217060.47521907,178036680.53801847,-936570.0384431034,10.0,8.8,1.645,3.8499999999999996,270971,147736,8.181016062765135,0.9029574514602734,2.7075721871177163,1.1205967109075479,1.1205967109075479,-0.006399471105692373,1.0776725303060455,0.12394599062160153,-0.0029671782311332822,0.7197579829641705,0.40164952624917866,583700,641229,True,True,78.93112110447169,79.0214720357023,80.57660321567178,82.87096928752814,1035562.1152760444,425144.63285537285,1070745.8260481374,1035713.140061043,2929372.156572214,3006458.9661091804,481000.0,900000.0,8248663.019234078,7407892.284181966,10011699.132933678,10917135.753237262,6824558.280692931,7661857.6022442235,523640.0,405384.0,929024.0,827668.6481545464,225160.6909615874,1052829.3391161342,1121399.9999999998,445166.08682579425,1063024.1257309068,1086148.0000000002,3105235.9895622856,3074102.5714227664,6300000.0,13206463.143371392,14143033.181814495,68.93228471494966,70.22183891524124,SPY,2026-03-29 00:00:00,25,2,2026-07-01,1957-07-26,1956-04-11,stochastic,stochastic
36,1.1999999999999993,8.8,5.494999999999999,24.295,11.663483849771042,64311025.444143884,69301084.6406432,-1089918.599324774,10.0,8.8,1.645,3.8499999999999996,750944,264740,2.9692197435302825,2.785194140717384,1.4068676874759234,1.3778117137288708,1.3778117137288708,-0.00728647464619853,0.6103799424058003,0.3905387927323347,-0.0005740395290423335,1.2085641665011,0.295339518519986,874988,998547,True,False,78.93112110447169,,80.57660321567178,79.0214720357023,242749.78245021435,409568.2743062623,976747.4808735246,941822.3724788236,2028936.7756253483,2818569.8533523483,481000.0,900000.0,1420819.489824704,1191308.8423012109,3108502.537129122,3374356.3248040983,-18011.28585953584,30241.64196829361,482300.0,373380.0,855680.0,682273.9000166646,185607.2029493186,867881.1029659833,1121400.0000000002,468831.3791049204,246804.93526643878,1086147.9999999998,3106046.8387089274,2281982.02705913,6300000.0,6302455.698420195,7392374.297744967,68.93228471494966,70.22183891524124,SPY,2026-03-29 00:00:00,25,2,2026-07-01,1957-07-26,1956-04-11,stochastic,stochastic
37,1.1999999999999993,8.8,5.494999999999999,24.295,12.662819907321847,158261656.62287614,170541588.86824375,-300093.26872030273,10.0,8.8,1.645,3.8499999999999996,741519,996102,9.136773958811206,2.140651545087091,3.026686358826632,1.307723421555786,1.307723421555786,-0.0019453991444353842,0.9600725122145125,0.4682867882169457,-0.0044308077219888855,1.1543384448095801,0.12304018579275353,709153,351660,True,True,78.93112110447169,79.0214720357023,80.57660321567178,82.87096928752814,1169623.1927505536,415187.4244260146,1009369.1139942056,974914.3802888897,2961876.706845825,2884283.4942830955,481000.0,900000.0,8128139.536452297,7763334.333281773,10621090.193140391,11060944.061021024,6612643.84635111,6904762.795028996,523640.0,405384.0,929024.0,762109.6971713976,207325.89833654862,969435.5955079463,1121400.0,460654.66870730626,1219206.9219621504,1086147.9999999998,3106905.738325096,3246666.3374854266,6300000.0,13814184.454815295,14114277.723535595,68.93228471494966,70.22183891524124,SPY,2026-03-29 00:00:00,25,2,2026-07-01,1957-07-26,1956-04-11,stochastic,stochastic
38,1.1999999999999993,8.8,5.494999999999999,24.295,11.663483849771042,231415346.90844807,249371463.64078882,-2132215.3817953467,10.0,8.8,1.645,3.8499999999999996,898837,915576,14.589796669017208,2.4950276567599294,4.898194985676792,1.3331099337495143,1.3331099337495143,0.00803690591042071,0.9304513557572756,0.11852173552237259,0.00047449094607771806,1.355149035977178,0.2871336250035097,523642,962955,True,False,78.93112110447169,,80.57660321567178,79.0214720357023,238074.19417446118,408121.765980543,983287.8049855035,948316.6349977845,2029484.0853907415,2831604.4399832883,481000.0,900000.0,16316422.40699512,15152260.472734207,18323543.513095256,19624990.64087311,13773942.24388403,14875591.775865616,482300.0,373380.0,855680.0,696201.9581968873,189396.22070492018,885598.1789018075,1121400.0000000002,464179.5745259801,241139.7515619363,1086147.9999999998,3098285.04557247,2267516.791554981,6300000.0,21525258.467522785,23657473.84931813,68.93228471494966,70.22183891524124,SPY,2026-03-29 00:00:00,25,2,2026-07-01,1957-07-26,1956-04-11,stochastic,stochastic
39,1.1999999999999993,8.8,5.494999999999999,24.295,12.662819907321847,280591408.7126059,302363223.5738247,-542176.3159632534,10.0,8.8,1.645,3.8499999999999996,481601,355873,14.850091957706212,2.7364971485004386,5.776486091094294,1.4077111568851401,1.4077111568851401,0.008304988983598561,1.4435531268012356,0.1293924478603966,0.0009738051748449505,1.2411316320799963,0.12170955802899662,810372,886808,True,True,78.93112110447169,79.0214720357023,80.57660321567178,82.87096928752814,1240279.920796291,410946.94008067943,980096.3496028506,945281.5678912713,2987152.6706380174,2825377.917494122,481000.0,900000.0,18761681.728613824,18127265.124285474,22051355.881374933,22827909.00871629,16553633.58023973,17152888.85162881,523640.0,405384.0,929024.0,732006.388049467,199136.53185850524,931142.9199079724,1121400.0,468776.0258132062,1303796.395049539,1086148.0000000002,3102813.032305915,3337189.843684018,6300000.0,25248542.849069018,25790719.16503227,68.93228471494966,70.22183891524124,SPY,2026-03-29 00:00:00,25,2,2026-07-01,1957-07-26,1956-04-11,stochastic,stochastic
40,1.1999999999999993,8.8,5.494999999999999,24.295,12.662819907321847,109522697.5848177,118020847.63815817,-245096.51970870607,10.0,8.8,1.645,3.8499999999999996,206622,323404,7.237230868025568,3.3224136363081636,2.4231342969590277,1.512855828129849,1.512855828129849,-0.002002267667732061,1.2459914319516239,0.3192710564815401,0.0028623705468854817,0.8272357339592586,0.20030780527816355,385049,362359,True,True,78.93112110447169,79.0214720357023,80.57660321567178,82.87096928752814,1316113.95568292,407037.96935086965,955570.6396492406,920678.664593275,3019840.9503741646,2776249.304242516,481000.0,900000.0,4998983.605506601,4542152.235883041,7532030.938592943,8101539.931937565,2903882.524534481,3266957.4700515885,523640.0,405384.0,929024.0,707743.0890734944,192535.89381981848,900278.9828933128,1121400.0,475446.23762719124,1389338.9161840726,1086148.0,3107489.317799078,3431901.7914349935,6300000.0,10724541.620793866,10969638.14050257,68.93228471494966,70.22183891524124,SPY,2026-03-29 00:00:00,25,2,2026-07-01,1957-07-26,1956-04-11,stochastic,stochastic
41,1.1999999999999993,8.8,5.494999999999999,24.295,12.662819907321847,143388824.47171766,154514735.11128244,-408345.5432483386,10.0,8.8,1.645,3.8499999999999996,947426,272109,9.131819219398608,2.9348942644535247,3.0249462978923383,1.442535649758839,1.442535649758839,0.005731751015606875,1.10615157403242,0.3668637332792477,0.0011802271241836962,0.8238356831140086,0.04473333093629093,785769,826601,True,True,78.93112110447169,79.0214720357023,80.57660321567178,82.87096928752814,1292852.8721285674,413948.3255195467,976853.2922251984,941931.2117292003,3041347.6010222216,2818784.503954399,481000.0,900000.0,7350572.139098221,6767925.1742426185,9632655.661753405,10321200.580763103,5229355.61895733,5723545.56221111,523640.0,405384.0,929024.0,716535.7619094945,194927.87072454602,911463.6326340404,1121400.0000000007,473425.5771276019,1345681.4514268334,1086148.0000000005,3104342.480939777,3384541.856701138,6300000.0,12828313.180813627,13236658.724061966,68.93228471494966,70.22183891524124,SPY,2026-03-29 00:00:00,25,2,2026-07-01,1957-07-26,1956-04-11,stochastic,stochastic
42,1.1999999999999993,8.8,5.494999999999999,24.295,11.663483849771042,103340154.3491469,111358584.8440159,-1389280.8015628848,10.0,8.8,1.645,3.8499999999999996,489565,785786,8.952876126013432,4.425387277509341,2.719264735157275,1.6573126178895763,1.6573126178895763,-0.0001704097258029228,1.0626785956228422,0.16004064927532435,0.003207496905122154,0.7092758022172203,0.4240294617010856,808624,475488,True,False,78.93112110447169,,80.57660321567178,79.0214720357023,285309.3007501859,396497.59351005044,905247.2382250268,870657.0234737557,1951137.1743123266,2675904.2616987824,481000.0,900000.0,5612163.653281535,5115045.895260295,8274029.608469504,8906359.06383736,3158677.6330282763,3476454.149953549,482300.0,373380.0,855680.0,626132.2115238749,170334.30189045653,796466.5134143317,1121399.9999999995,487553.07505726034,293981.3232189427,1086148.0,3103436.233947753,2346484.8877527243,6300000.0,11470593.374521751,12859874.176084636,68.93228471494966,70.22183891524124,SPY,2026-03-29 00:00:00,25,2,2026-07-01,1957-07-26,1956-04-11,stochastic,stochastic
43,1.1999999999999993,8.8,5.494999999999999,24.295,12.662819907321847,159250911.33785677,171607602.42129415,-726383.8901177058,10.0,8.8,1.645,3.8499999999999996,774919,11672,9.183611959320226,2.1342302825207105,3.0431810633968723,1.3066824453822379,1.3066824453822379,-0.009312787041056082,0.9406379760880004,0.14735655967735634,-0.0006422281127152112,1.25563874304153,0.4452121667112296,509920,439691,True,True,78.93112110447169,79.0214720357023,80.57660321567178,82.87096928752814,1223820.132683634,422439.95633475477,1013774.3081978766,978663.0468608048,3055693.1130952467,2892437.355058681,481000.0,900000.0,8614232.06433564,7810063.625283483,10704870.033550821,11604382.242853843,6577277.683648271,7318901.958033117,523640.0,405384.0,929024.0,745729.4021603359,202869.76900137457,948599.1711617108,1121400.0000000005,466195.91373684775,1246220.54351033,1086148.0000000005,3105159.752400185,3278288.0715855,6300000.0,13899710.281150635,14626094.171268342,68.93228471494966,70.22183891524124,SPY,2026-03-29 00:00:00,25,2,2026-07-01,1957-07-26,1956-04-11,stochastic,stochastic
44,1.1999999999999993,8.8,5.494999999999999,24.295,12.662819907321847,243695117.35330403,262604053.310903,-278535.87775575556,10.0,8.8,1.645,3.8499999999999996,230243,245025,15.03952874628518,4.05770760944606,5.898340732276289,1.6550351405579502,1.6550351405579502,0.009576341532728622,0.9143748812172553,0.2499275541428838,0.0025846297605498936,0.8477414825335479,0.48715158702392153,982749,708294,True,True,78.93112110447169,79.0214720357023,80.57660321567178,82.87096928752814,1380064.2899491466,399628.71587043564,923580.8659103415,888904.5218796183,3015589.424485252,2712485.38778996,481000.0,900000.0,15953306.402425814,15429707.705754865,19408706.982541405,20118636.460286606,13303475.837735618,13789780.668134246,523640.0,405384.0,929024.0,682749.2505262855,185736.51828515253,868485.7688114381,1121399.9999999998,482350.213942998,1488450.06070188,1086148.0000000005,3105414.365608326,3536807.965597773,6300000.0,22603292.616933078,22881828.49468883,68.93228471494966,70.22183891524124,SPY,2026-03-29 00:00:00,25,2,2026-07-01,1957-07-26,1956-04-11,stochastic,stochastic
45,1.1999999999999993,8.8,5.494999999999999,24.295,12.662819907321847,351997476.25687945,379309873.0257003,-957519.5511382148,10.0,8.8,1.645,3.8499999999999996,139173,413659,16.935620405913433,2.746411845405339,7.255373470665401,1.409432926680098,1.409432926680098,0.005930817633144429,0.8745321610313654,0.4734657909065133,-0.00022190376546524313,0.583847783774297,0.45644348902075194,608576,313934,True,True,78.93112110447169,79.0214720357023,80.57660321567178,82.87096928752814,1251711.887610943,408430.4879526004,973699.9443549535,938894.880400443,3001266.877223953,2812594.8247553967,481000.0,900000.0,25556012.89471819,24556771.285524122,29762185.945049793,30956790.9100517,22856593.225018077,23867989.803998735,523640.0,405384.0,929024.0,731462.258227191,198988.5056561964,930450.7638833877,1121399.9999999998,468886.71922173485,1308942.9091003162,1086148.0000000005,3108287.3627983807,3345372.7766620745,6300000.0,32953898.58225141,33911418.13338963,68.93228471494966,70.22183891524124,SPY,2026-03-29 00:00:00,25,2,2026-07-01,1957-07-26,1956-04-11,stochastic,stochastic
46,1.1999999999999993,8.8,5.494999999999999,24.295,12.662819907321847,140122963.0768052,150995467.06369063,-412039.9383110646,10.0,8.8,1.645,3.8499999999999996,245321,569563,9.644397899800406,3.6066476255965485,3.2099258155578996,1.566425964589144,1.566425964589144,0.004516422924797479,1.0385199367946871,0.34536766005957,0.0011166896710703448,0.5301567521503129,0.4724227162152953,664793,80704,True,True,78.93112110447169,79.0214720357023,80.57660321567178,82.87096928752814,1346598.2000471097,403199.6564564624,940665.1258084702,906015.1958635664,3023486.3842190015,2746680.3216720363,481000.0,900000.0,7867047.116211597,7286671.597628178,11473162.986492705,12255175.655452883,5336508.05358487,5902499.388908569,523640.0,405384.0,929024.0,696822.2532615103,189564.96705729433,886387.2203188052,1121400.0000000005,478345.94660277234,1430801.8521817557,1086147.9999999998,3104916.8814364467,3474889.61208556,6300000.0,14668246.105056258,15080286.043367324,68.93228471494966,70.22183891524124,SPY,2026-03-29 00:00:00,25,2,2026-07-01,1957-07-26,1956-04-11,stochastic,stochastic
47,1.1999999999999993,8.8,5.494999999999999,24.295,12.662819907321847,168240992.17825526,181295246.94171616,-341004.2016413547,10.0,8.8,1.645,3.8499999999999996,629610,305320,12.518388607071508,4.798358570867145,4.454829120516538,1.8106037652263571,1.8106037652263571,-0.0034917314349777982,1.1268515183369874,0.41588191425754273,0.004621298573911453,0.5020484455516403,0.39690921951850483,3254,791692,True,True,78.93112110447169,79.0214720357023,80.57660321567178,82.87096928752814,1489930.7394553775,395629.3981844958,892939.328365371,858372.315893697,3080964.949022733,2651311.6442590677,481000.0,900000.0,10684976.120620934,10024229.738448549,15198105.940869529,16109471.903906148,7573134.355458382,8239587.942239606,523640.0,405384.0,929024.0,651485.7773590395,177231.5383805834,828717.3157396232,1121400.0,492621.6724775271,1616656.3682884984,1086147.9999999998,3104361.0105815846,3674722.7719768495,6300000.0,18393744.930287942,18734749.131929297,68.93228471494966,70.22183891524124,SPY,2026-03-29 00:00:00,25,2,2026-07-01,1957-07-26,1956-04-11,stochastic,stochastic
48,1.1999999999999993,8.8,5.494999999999999,24.295,9.99883638952203,133797247.95837831,144178923.30922285,-1859016.057990918,10.0,8.8,1.645,3.8499999999999996,987435,560035,13.194567758266707,3.3749207353090727,3.453471324799024,1.3936441482106643,1.3936441482106643,0.008984979031321219,0.9525583858265738,0.38455943750999566,0.004375454735967261,1.067136745642368,0.18180406677278543,674760,215007,False,False,,,78.93112110447169,79.0214720357023,0.0,401940.54670609464,946510.4211621898,911810.1269935628,1794750.6736996574,2758320.548155753,481000.0,900000.0,9960747.175332153,9291115.889805313,12492603.346889228,13286751.385756593,7793507.457542103,8367776.374684655,413400.0,320040.0,733440.0,585257.3991828052,159214.63339732055,744472.0325801255,1121400.0,474074.68061659654,0.0,1086148.0,3104417.7607783596,2039549.7416548077,6300000.0,15688185.586110868,17547201.644101784,68.93228471494966,70.22183891524124,SPY,2026-03-29 00:00:00,25,2,2026-07-01,1957-07-26,1956-04-11,stochastic,stochastic
49,1.1999999999999993,8.8,5.494999999999999,24.295,12.662819907321847,173156897.46355587,186592590.06304288,-713625.026350528,10.0,8.8,1.645,3.8499999999999996,759475,909871,9.513905665315159,1.7683592214296828,3.1618703520038003,1.2486147262439646,1.2486147262439646,-0.003056562210871066,1.227337878506007,0.42534602046590486,0.0005999236196066286,0.518186559571981,0.03391117893379202,228061,841050,True,True,78.93112110447169,79.0214720357023,80.57660321567178,82.87096928752814,1122400.594031731,423570.746393656,1041523.4419648816,1006401.7687348406,2942861.9805088206,2947925.210699722,481000.0,900000.0,9485271.371280974,8784196.03181665,11813436.061106315,12609286.152935712,7740663.058379815,8411781.975087935,523640.0,405384.0,929024.0,781595.8065697325,212626.93984158186,994222.7464113144,1121400.0,455664.76773023134,1166724.0331961268,1086148.0000000002,3107040.5105077308,3189265.5759865995,6300000.0,15006395.550598586,15720020.576949114,68.93228471494966,70.22183891524124,SPY,2026-03-29 00:00:00,25,2,2026-07-01,1957-07-26,1956-04-11,stochastic,stochastic
50,1.1999999999999993,8.8,5.494999999999999,24.295,11.663483849771042,130264852.39833291,140372440.01961097,-1581140.0796744544,10.0,8.8,1.645,3.8499999999999996,593937,812479,8.456241278194776,1.9066851476757796,2.578119679749932,1.246516049012122,1.246516049012122,0.007846551460344091,1.3548876810173258,0.17525838197764454,-0.0011178026708152378,1.406363362889896,0.4776410640638401,941456,484647,True,False,78.93112110447169,,80.57660321567178,79.0214720357023,225422.96314190226,417509.58142181387,1014858.2389196801,979859.7714140181,2081163.9867470704,2894718.0103336982,481000.0,900000.0,6677001.030503442,6006143.866142023,8284742.855297092,9014343.756847488,5034573.78548986,5610459.9614672605,482300.0,373380.0,855680.0,710481.7144921062,193280.91514316353,903762.6296352696,1121399.9999999995,460666.38733657787,227123.05134089733,1086148.0000000002,3105246.699573701,2253707.5214496427,6300000.0,11479496.155723391,13060636.235397846,68.93228471494966,70.22183891524124,SPY,2026-03-29 00:00:00,25,2,2026-07-01,1957-07-26,1956-04-11,stochastic,stochastic
51,1.1999999999999993,8.8,5.494999999999999,24.295,11.663483849771042,271719679.0575833,292803113.41408837,-2061312.3969919756,10.0,8.8,1.645,3.8499999999999996,225540,937168,14.97537004073779,1.434314420006122,5.093967697444788,1.1807478021206668,1.1807478021206668,0.009916351291813551,1.2568521509372785,0.29047061610092345,-0.0033317073925532665,1.0282948627730066,0.24279087836350505,439989,134784,True,False,78.93112110447169,,80.57660321567178,79.0214720357023,207627.33477472543,434365.4360676698,1070293.9170476997,1034761.3711244427,2109125.4403033257,3005055.2881721426,481000.0,900000.0,19857916.676762003,18752251.21481593,21839284.19552867,23027529.047947872,17899706.22567639,18973256.94922324,482300.0,373380.0,855680.0,733272.9190628496,199481.08157502936,932754.0006378789,1121399.9999999998,454774.7075900288,211258.86361962394,1086148.0,3104758.0339002055,2231690.48932743,6300000.0,25034526.161628466,27095838.55862044,68.93228471494966,70.22183891524124,SPY,2026-03-29 00:00:00,25,2,2026-07-01,1957-07-26,1956-04-11,stochastic,stochastic
52,1.1999999999999993,8.8,5.494999999999999,24.295,12.662819907321847,115837661.6913367,124825806.18183115,-1124253.541922031,10.0,8.8,1.645,3.8499999999999996,638361,126896,6.332088114311762,1.9979091872751154,2.176448214680773,1.2847621873547375,1.2847621873547375,-0.0061551113204706106,1.0212361658051248,0.47509360733305156,-0.0004877023709888113,0.5698377816944582,0.43627914477983204,593875,389053,False,True,,79.0214720357023,78.93112110447169,82.87096928752814,507570.5854096288,419591.94679917325,1018703.6193631513,983834.2824969747,2325753.5751926135,2902537.9018601263,481000.0,900000.0,4874968.246672899,4369586.182057477,6886572.579490195,7457419.461857775,3292286.9751263494,3699042.733706555,523640.0,405384.0,929024.0,762047.6320554708,207309.0140140388,969356.6460695097,1121399.9999999993,461199.1237832059,524700.089069928,1086147.9999999998,3105197.845266889,2551791.1857124385,6300000.0,10081374.734223306,11205628.276145337,68.93228471494966,70.22183891524124,SPY,2026-03-29 00:00:00,25,2,2026-07-01,1957-07-26,1956-04-11,stochastic,stochastic
53,1.1999999999999993,8.8,5.494999999999999,24.295,12.662819907321847,120271651.17137074,129603840.40114933,-326239.94166179746,10.0,8.8,1.645,3.8499999999999996,784191,658717,7.173817513273084,2.5009098045193134,2.405046842651608,1.367364990827252,1.367364990827252,-0.005037173442616731,1.0570518465892615,0.4919512707790621,-0.0011599920559872,0.5905205568080444,0.24027863186518736,485965,808085,True,True,78.93112110447169,79.0214720357023,80.57660321567178,82.87096928752814,1191499.1247894308,423104.38292867347,1019231.4395165284,984063.619823604,2953966.750747881,2903295.0593401324,481000.0,900000.0,5457794.354956061,5040485.768324003,7864036.485452347,8372463.5567429345,3734075.2224379038,4084801.5382583104,523640.0,405384.0,929024.0,746806.3094624103,203162.73309126403,949969.0425536743,1121400.0,464639.02287357516,1256986.0056321577,1086148.0000000002,3105481.4343418838,3287668.5639706734,6300000.0,11058555.051110463,11384794.99277226,68.93228471494966,70.22183891524124,SPY,2026-03-29 00:00:00,25,2,2026-07-01,1957-07-26,1956-04-11,stochastic,stochastic
54,1.1999999999999993,8.8,5.494999999999999,24.295,12.662819907321847,140648069.91980776,151561318.3080299,-1249799.0779336374,10.0,8.8,1.645,3.8499999999999996,595351,759958,8.229478733269001,2.2394475518173973,2.72297620081432,1.32383621913526,1.32383621913526,-0.0009019818105422146,0.9497251359529144,0.2689455768545198,0.0022215737722270402,1.056418631302258,0.0593824308979159,744730,568999,False,True,,79.0214720357023,78.93112110447169,82.87096928752814,516479.472981412,415388.69061244425,1003236.0704013421,968516.704759599,2309650.81778735,2871752.7751609413,481000.0,900000.0,6915955.22837799,6290990.304697338,9012892.566060305,9723959.705995735,5069667.397319296,5599389.937846992,523640.0,405384.0,929024.0,751806.5503745093,204523.00897129506,956329.5593458039,1121400.0000000002,463539.8833260498,537164.3707913966,1086147.9999999998,3105477.76826751,2566745.8302693027,6300000.0,12207414.797792794,13457213.875726432,68.93228471494966,70.22183891524124,SPY,2026-03-29 00:00:00,25,2,2026-07-01,1957-07-26,1956-04-11,stochastic,stochastic
55,1.1999999999999993,8.8,5.494999999999999,24.295,12.662819907321847,78683660.13590708,84788929.32052654,-905228.4452419942,10.0,8.8,1.645,3.8499999999999996,285659,642646,3.948810151026416,2.8032541867320404,1.6332297628916006,1.419341567523456,1.419341567523456,0.006952917207240618,1.119766307076246,0.06589785933149046,0.0018643030894843291,0.9570989656970519,0.04662382926845236,549012,197764,False,True,,79.0214720357023,78.93112110447169,82.87096928752814,551344.5418099051,412985.1688456306,977677.4717765057,942668.2474800979,2315312.5699688364,2820345.719256603,481000.0,900000.0,1625953.0469014063,1236647.6745592044,2988282.7840248714,3399464.2072827653,-38681.326617451385,156810.79196601233,523640.0,405384.0,929024.0,722008.2816524226,196416.6263145594,918424.9079669822,1121399.9999999995,472162.9976448372,573492.1410332307,1086147.9999999993,3106049.061088189,2612002.0391040887,6300000.0,6182233.722936682,7087462.168178676,68.93228471494966,70.22183891524124,SPY,2026-03-29 00:00:00,25,2,2026-07-01,1957-07-26,1956-04-11,stochastic,stochastic
56,1.1999999999999993,8.8,5.494999999999999,24.295,12.662819907321847,164371235.6460432,177125225.9674677,-440571.3758348562,10.0,8.8,1.645,3.8499999999999996,467769,81727,10.174500772486983,2.8039756286925677,3.4121424703059184,1.419467739114124,1.419467739114124,-0.000732928634469469,0.6409002038702474,0.40201454445776635,0.004427759080538053,1.3312472372332564,0.0916632969822641,65727,263350,True,True,78.93112110447169,79.0214720357023,80.57660321567178,82.87096928752814,1228590.096965261,401367.4128874942,969148.2681472332,934533.5864482251,2933347.324673963,2803681.854595458,481000.0,900000.0,8979631.598687677,8443454.16607689,11659091.421504352,12325043.647783231,6939853.661072053,7419428.762735984,523640.0,405384.0,929024.0,745677.9754751811,202855.7787795761,948533.7542547573,1121399.9999999998,463177.60495135834,1300967.111588215,1086147.9999999998,3104033.631231494,3329414.481675516,6300000.0,14855057.790272858,15295629.166107714,68.93228471494966,70.22183891524124,SPY,2026-03-29 00:00:00,25,2,2026-07-01,1957-07-26,1956-04-11,stochastic,stochastic
57,1.1999999999999993,8.8,5.494999999999999,24.295,12.662819907321847,195506487.84605387,210676343.10670137,-545169.4539489802,10.0,8.8,1.645,3.8499999999999996,302172,574204,11.758793593148509,2.8639022674173953,4.0885401204140575,1.4299843351230461,1.4299843351230461,0.008464347495722413,0.5022418870049826,0.041982257329724645,0.004042359026844943,0.5474491540005306,0.01802926426010314,891696,919477,True,True,78.93112110447169,79.0214720357023,80.57660321567178,82.87096928752814,1225721.5592475121,421662.17239169846,1001969.6576134799,966890.6976610072,2965477.7993145785,2868860.3552744873,481000.0,900000.0,11068865.53798353,10400980.055104313,13153356.329169298,13935842.362487417,8827572.034381658,9440392.542715201,523640.0,405384.0,929024.0,725171.955901989,197277.2788010318,922449.2347030204,1121400.0000000005,470842.1305139553,1305656.202652525,1086147.9999999998,3104931.2420467935,3342247.8214159333,6300000.0,16348425.087122502,16893594.541071482,68.93228471494966,70.22183891524124,SPY,2026-03-29 00:00:00,25,2,2026-07-01,1957-07-26,1956-04-11,stochastic,stochastic
58,1.1999999999999993,8.8,5.494999999999999,24.295,12.662819907321847,80777211.77949674,87044925.0638688,-155466.94911780022,10.0,8.8,1.645,3.8499999999999996,529850,946088,3.6092967002656406,2.2552760770125913,1.5669333565354904,1.3264346478761622,1.3264346478761622,0.0005414584895967727,0.9908716671070326,0.09943602037815953,-0.0030235071623351977,1.1660303270556838,0.07450962510624143,704967,774184,True,True,78.93112110447169,79.0214720357023,80.57660321567178,82.87096928752814,1179795.924432944,413309.5189846184,1003376.4697624578,968675.2072209762,2964312.383766486,2872051.6769834342,481000.0,900000.0,1813118.9510420198,1550609.5634831688,3649479.91870297,3955457.1413856014,449472.92497814307,603347.2429669768,523640.0,405384.0,929024.0,759170.0610619716,206526.19364911134,965696.2547110831,1121399.9999999993,461201.1757752894,1229777.4827673105,1086147.9999999998,3107694.88897373,3258205.1625385615,6300000.0,6841785.02972924,6997251.97884704,68.93228471494966,70.22183891524124,SPY,2026-03-29 00:00:00,25,2,2026-07-01,1957-07-26,1956-04-11,stochastic,stochastic
59,1.1999999999999993,8.8,5.494999999999999,24.295,12.662819907321847,74819159.18933693,80624571.72643547,-29556.695526334457,10.0,8.8,1.645,3.8499999999999996,517908,243379,2.9531941707242604,2.2242376952493315,1.445787462879068,1.321343769581912,1.321343769581912,-0.0033515442984509477,1.166617159702089,0.08138200112018047,-0.0024960166325938044,1.0742038070147029,0.14550458568305755,616215,928702,True,True,78.93112110447169,79.0214720357023,80.57660321567178,82.87096928752814,1186492.3063247432,413638.1908861699,1006535.8848680623,971817.2830420703,2968284.666347804,2878353.1679101326,481000.0,900000.0,1560441.2973607637,1417258.2880172778,3626654.6087400885,3807845.3986295103,367699.33972008043,392266.6552030608,523640.0,405384.0,929024.0,761900.6159132044,207269.01943861422,969169.6353518191,1121399.9999999998,460134.6250324342,1231093.707493778,1086148.0000000005,3105817.2466511056,3257451.341014193,6300000.0,6820837.362088982,6850394.057615317,68.93228471494966,70.22183891524124,SPY,2026-03-29 00:00:00,25,2,2026-07-01,1957-07-26,1956-04-11,stochastic,stochastic
60,1.1999999999999993,8.8,5.494999999999999,24.295,12.662819907321847,127716012.61658554,137625829.15109468,-660454.0662513557,10.0,8.8,1.645,3.8499999999999996,556939,816512,4.873971072896843,-0.1730916203948607,1.8272208019721232,0.9782950810172294,0.9782950810172294,-0.0005291767584851576,0.821825051307301,0.17473013640134005,-0.004923399727095147,0.7136895041341756,0.42902017003119575,445405,2990,True,True,78.93112110447169,79.0214720357023,80.57660321567178,82.87096928752814,948582.7709936689,437800.80084095104,1130196.0622492884,1094943.7437647777,2962356.2716021305,3125139.806014066,481000.0,900000.0,4376896.170707774,3871067.1280779243,5911540.694373802,6416106.129031106,3980573.4906131187,4501773.688073672,523640.0,405384.0,929024.0,882819.6677026226,240164.08839166872,1122983.7560942913,1121400.0000000002,434379.5700116135,950271.2328537366,1086148.0,3107847.5012254464,2951958.8696313943,6300000.0,9103693.193148356,9764147.259399712,68.93228471494966,70.22183891524124,SPY,2026-03-29 00:00:00,25,2,2026-07-01,1957-07-26,1956-04-11,stochastic,stochastic
61,1.1999999999999993,8.8,5.494999999999999,24.295,11.663483849771042,273758402.06229883,295000026.222318,-2110709.8801942505,10.0,8.8,1.645,3.8499999999999996,575262,375092,15.83556717216772,2.12774715966757,5.556771140938737,1.278430447588981,1.278430447588981,0.009422223723532934,0.5484194874850645,0.32116335101341065,0.004565529754263514,1.0145272168118913,0.011675278628002089,252329,338988,True,False,78.93112110447169,,80.57660321567178,79.0214720357023,223847.32081936699,424222.6862751091,1026682.6637879284,991589.5010394775,2060142.8139130885,2918272.1648274064,481000.0,900000.0,20397928.690063883,19258990.131943382,22825743.344708968,24088899.524229776,18035382.279692084,19130786.624187578,482300.0,373380.0,855680.0,704535.3281022864,191663.24789040282,896198.5759926891,1121400.0,462593.4835086359,228987.97465549147,1086148.0000000005,3104831.157407668,2257277.456734225,6300000.0,26020912.1873013,28131622.06749555,68.93228471494966,70.22183891524124,SPY,2026-03-29 00:00:00,25,2,2026-07-01,1957-07-26,1956-04-11,stochastic,stochastic
62,1.1999999999999993,8.8,5.494999999999999,24.295,12.662819907321847,119071127.02620062,128310164.47508544,-1125418.403537427,10.0,8.8,1.645,3.8499999999999996,812541,183236,6.937230607056466,2.3556713527755235,2.338656741185261,1.3430253441176128,1.3430253441176128,-0.00965028399140781,0.5991489264760226,0.4238219146866195,0.0003682788926826419,1.4124608202539948,0.1023422066391009,921708,910501,False,True,,79.0214720357023,78.93112110447169,82.87096928752814,542057.6059555289,408317.8118493735,976030.6755135572,941376.7823390585,2342800.56065608,2817407.4578526155,481000.0,900000.0,5272484.56709846,4739855.354207951,7283003.000113096,7891612.890573235,3482771.657991232,3899621.6262876294,523640.0,405384.0,929024.0,737795.1851774002,200711.32820251118,938506.5133799115,1121400.0000000005,467816.93872211274,554783.3833957183,1086148.0,3105419.006385696,2588610.493308408,6300000.0,10477583.9937274,11603002.397264827,68.93228471494966,70.22183891524124,SPY,2026-03-29 00:00:00,25,2,2026-07-01,1957-07-26,1956-04-11,stochastic,stochastic
63,1.1999999999999993,8.8,5.494999999999999,24.295,12.662819907321847,145236591.5628293,156505875.24150068,-1339264.2870207997,10.0,8.8,1.645,3.8499999999999996,662859,783176,8.9542722338688,2.663599224754609,2.9631980500488253,1.395111186582908,1.395111186582908,0.009119174334189637,1.2419617322279592,0.28125932784188834,-0.003214638444973726,1.323577431958972,0.05531752923497242,20002,346200,False,True,,79.0214720357023,78.93112110447169,82.87096928752814,530070.0738241855,416134.68576668977,995213.4670482228,960188.1017221687,2281892.7573445486,2855401.568770392,481000.0,900000.0,7236421.3878879845,6512690.319544875,9055172.022826321,9881375.172860527,5094097.901974467,5712194.444165254,523640.0,405384.0,929024.0,735952.8813184677,200210.14405017742,936163.0253686447,1121399.9999999995,467687.1392332563,558708.2265546747,1086148.0000000007,3105521.3949810797,2592460.257994486,6300000.0,12249650.627845243,13588914.914866041,68.93228471494966,70.22183891524124,SPY,2026-03-29 00:00:00,25,2,2026-07-01,1957-07-26,1956-04-11,stochastic,stochastic
64,1.1999999999999993,8.8,5.494999999999999,24.295,12.662819907321847,311866696.3485372,336065241.8615071,-921992.1006268635,10.0,8.8,1.645,3.8499999999999996,601596,600901,14.270719975200263,1.3689878849503678,5.418048316877854,1.187949732372946,1.187949732372946,0.004699474122703011,0.6076179761973654,0.48300453914576286,-0.003501839554064281,0.9658265178281715,0.23041263809124937,841640,173605,True,True,78.93112110447169,79.0214720357023,80.57660321567178,82.87096928752814,1102842.64738887,420491.1250830464,1042053.5210180897,1007174.2330966123,2970262.2993505974,2949227.754114702,481000.0,900000.0,20841151.759178977,19961711.396738883,23124305.72686612,24086717.4757253,19098345.742100738,19956815.666708983,523640.0,405384.0,929024.0,797739.083580105,217018.59030960954,1014757.6738897149,1121399.9999999998,452196.81555840356,1127340.591231216,1086148.0000000002,3104793.7821039855,3145213.430336304,6300000.0,26319511.944762133,27241504.045388997,68.93228471494966,70.22183891524124,SPY,2026-03-29 00:00:00,25,2,2026-07-01,1957-07-26,1956-04-11,stochastic,stochastic
65,1.1999999999999993,8.8,5.494999999999999,24.295,9.99883638952203,159341923.48896006,171705676.44115898,-2130694.4911063407,10.0,8.8,1.645,3.8499999999999996,153248,416843,13.582541298543482,1.9325521420528347,3.5736812513746066,1.2109577199479014,1.2109577199479014,0.003755042187550907,1.3466124515041011,0.3334551877328056,4.141839216200913e-06,0.6195052902761264,0.05271728596542693,575728,252718,False,False,,,78.93112110447169,79.0214720357023,0.0,412978.60297771567,1011170.5255844904,976182.9368927734,1870161.5398704892,2887353.4624772635,481000.0,900000.0,11619583.999745177,10631960.36216123,12704054.888363726,13752606.549990837,9744158.10018426,10655032.095004141,413400.0,320040.0,733440.0,627077.5018144031,170591.4606162934,797668.9624306964,1121400.0,457299.8365946635,0.0,1086148.0,3105491.6741444,2023348.84466517,6300000.0,15898563.214219326,18029257.705325667,68.93228471494966,70.22183891524124,SPY,2026-03-29 00:00:00,25,2,2026-07-01,1957-07-26,1956-04-11,stochastic,stochastic
66,1.1999999999999993,8.8,5.494999999999999,24.295,9.99883638952203,127607335.13395536,137508719.1008308,-1838995.2124923058,10.0,8.8,1.645,3.8499999999999996,174981,852891,11.742388239971868,2.5332462249360255,3.035145335998542,1.2842426075785407,1.2842426075785407,0.002917157087496975,1.0326772350227489,0.1886003712439582,0.00013365136618064336,0.8788590831666785,0.3712623287077223,195400,700289,False,False,,,78.93112110447169,79.0214720357023,0.0,413366.6267104715,992383.2366722218,957433.2101250901,1851799.8368355616,2849816.4467973122,481000.0,900000.0,8818001.93207578,8133488.545989311,10636697.41390643,11401975.208551828,6991563.276895374,7587323.152430588,413400.0,320040.0,733440.0,604741.6249774058,164515.16248289798,769256.7874603035,1121400.0000000002,465963.6827080912,0.0,1086148.0,3106003.8245811462,2032286.406734238,6300000.0,13830693.589325286,15669688.80181759,68.93228471494966,70.22183891524124,SPY,2026-03-29 00:00:00,25,2,2026-07-01,1957-07-26,1956-04-11,stochastic,stochastic
67,1.1999999999999993,8.8,5.494999999999999,24.295,12.662819907321847,140199372.2316083,151077805.0029127,-477746.2414609799,10.0,8.8,1.645,3.8499999999999996,334983,826539,9.660095870918873,3.617021562964151,3.215751905141939,1.5684138067359936,1.5684138067359936,0.003637305363143122,1.0448851672986632,0.012700459321126241,0.0019341682624738421,1.475953963129848,0.46398707841066794,829946,163137,True,True,78.93112110447169,79.0214720357023,80.57660321567178,82.87096928752814,1347613.958689182,404125.13121178735,940974.3070205561,906483.3185434572,3017495.772787434,2747457.6255640136,481000.0,900000.0,7777302.285054234,7084345.749784404,10859720.676471615,11717383.37915391,5187268.051907796,5825184.4502649475,523640.0,405384.0,929024.0,693222.8475173728,188585.77727378844,881808.6247911614,1121400.0000000002,479409.9557663017,1438970.7453869276,1086147.9999999998,3103390.0428131795,3483306.504034494,6300000.0,14056330.633658433,14534076.875119414,68.93228471494966,70.22183891524124,SPY,2026-03-29 00:00:00,25,2,2026-07-01,1957-07-26,1956-04-11,stochastic,stochastic
68,1.1999999999999993,8.8,5.494999999999999,24.295,12.662819907321847,137651610.91257045,148332356.2778236,-496102.0393800689,10.0,8.8,1.645,3.8499999999999996,923024,929210,6.857430323276392,1.11509800322942,2.316647010434851,1.1508076942395087,1.1508076942395087,-0.004982452529289795,0.9582266372967285,0.2572336362955707,-0.003080559340820109,1.0917903618013192,0.4497688003668454,178473,114843,True,True,78.93112110447169,79.0214720357023,80.57660321567178,82.87096928752814,1060072.5878314548,426145.31916966167,1064060.406377409,1029128.5501187678,2942105.488995405,2993188.9564961763,481000.0,900000.0,6243279.324991966,5794382.44304232,8368967.2945488235,8864792.116235906,5157456.717597125,5570973.914802625,523640.0,405384.0,929024.0,812378.8934402182,221001.23446436797,1033380.1279045863,1121400.0,448949.1549587309,1090649.7419905313,1086147.9999999998,3106422.7092554253,3106145.491562439,6300000.0,11562544.5852934,12058646.624673467,68.93228471494966,70.22183891524124,SPY,2026-03-29 00:00:00,25,2,2026-07-01,1957-07-26,1956-04-11,stochastic,stochastic
69,1.1999999999999993,8.8,5.494999999999999,24.295,12.662819907321847,193634144.99076462,208658720.315048,-645055.2919845395,10.0,8.8,1.645,3.8499999999999996,863765,513388,11.569433882050628,2.7676580311410515,4.0016543467982295,1.4131290375841614,1.4131290375841614,-0.00859836254967928,1.3616944494205347,0.06896719033362543,0.001291026276341388,1.0229543374533168,0.24583861893495876,59398,98652,True,True,78.93112110447169,79.0214720357023,80.57660321567178,82.87096928752814,1237367.0503263725,405948.8440271031,974437.8940122393,939525.1292464609,2964226.980269928,2813963.0232587,481000.0,900000.0,11756901.7295985,11065611.035798017,15206127.458289355,16079569.671934607,9436717.50583891,10126364.737624425,523640.0,405384.0,929024.0,740122.5011359939,201344.45604961656,941466.95718561,1121400.0000000002,465641.9068646378,1302632.3392116288,1086147.9999999998,3106446.787527445,3334833.709188157,6300000.0,18399680.67076191,19044735.96274645,68.93228471494966,70.22183891524124,SPY,2026-03-29 00:00:00,25,2,2026-07-01,1957-07-26,1956-04-11,stochastic,stochastic
70,1.1999999999999993,8.8,5.494999999999999,24.295,12.662819907321847,177466860.96179235,191236974.80308697,-743491.373707979,10.0,8.8,1.645,3.8499999999999996,84848,976481,8.148848096915874,0.3049682091137651,2.6973918593142545,1.0393240214191948,1.0393240214191948,-0.004777952388383421,1.1451931496554661,0.15601699338107475,-0.004459873489443651,0.9774391353662214,0.40621843287793985,249388,465372,True,True,78.93112110447169,79.0214720357023,80.57660321567178,82.87096928752814,992796.7583951533,437912.1862592338,1110719.8346211456,1075567.2916185714,2972785.8636560426,3086287.1262397165,481000.0,900000.0,8704403.148022758,8067013.327738964,10208976.012451924,10856934.930008566,7870421.955428743,8499503.27131299,523640.0,405384.0,929024.0,848193.7481616255,230744.3816208315,1078938.1297824567,1121400.0,442116.7519169304,1002956.7671205463,1086147.9999999998,3107990.428806518,3012457.9726551804,6300000.0,13400985.583645407,14144476.957353387,68.93228471494966,70.22183891524124,SPY,2026-03-29 00:00:00,25,2,2026-07-01,1957-07-26,1956-04-11,stochastic,stochastic
71,1.1999999999999993,8.8,5.494999999999999,24.295,12.662819907321847,250272039.53964338,269691295.9409601,-1668645.639294088,10.0,8.8,1.645,3.8499999999999996,77540,76585,12.018770428161996,1.1125109211583828,4.210659763052575,1.150434792438392,1.150434792438392,0.002340194945560375,0.8388776724558482,0.45131899183049723,-0.002317889634204052,0.6558109363705793,0.4412817712411592,511095,150075,False,True,,79.0214720357023,78.93112110447169,82.87096928752814,465685.6108777099,427907.8461666851,1066563.7239771753,1031387.9459206762,2356079.6848927485,2997951.6698978515,481000.0,900000.0,15450202.26203337,14460426.64568589,17129886.65264659,18183598.365293458,13762929.576475227,14716863.686465291,523640.0,405384.0,929024.0,809285.6930896327,220159.75384313927,1029445.4469327723,1121399.9999999998,449734.6699584302,475671.9705479037,1086147.9999999998,3107420.339947971,2492486.4133007503,6300000.0,20322466.312698618,21991111.95199271,68.93228471494966,70.22183891524124,SPY,2026-03-29 00:00:00,25,2,2026-07-01,1957-07-26,1956-04-11,stochastic,stochastic
72,1.1999999999999993,8.8,5.494999999999999,24.295,12.662819907321847,252686823.44422102,272293449.1892448,-1878590.1200334206,10.0,8.8,1.645,3.8499999999999996,355968,351140,13.344987661319907,2.2320765285813726,4.887604403060248,1.3226277842634522,1.3226277842634522,-0.006251791437596126,1.1604125138287884,0.1372781932543727,-0.0019322035931427094,0.7688277823932255,0.1490873793760719,191306,381959,False,True,,79.0214720357023,78.93112110447169,82.87096928752814,514468.7391018384,419560.8587559414,1014835.5749906749,979729.9636818143,2305995.4010658334,2894565.538672489,481000.0,900000.0,15873330.773207443,14668102.04738167,17568791.18345629,18906792.796310727,13299006.117614962,14456173.330792056,523640.0,405384.0,929024.0,754368.4291986133,205219.94778549453,959588.3769841077,1121400.0000000002,462839.482477106,535634.0543722431,1086148.0,3104674.1088914108,2564085.601712426,6300000.0,20764117.07456488,22642707.194598302,68.93228471494966,70.22183891524124,SPY,2026-03-29 00:00:00,25,2,2026-07-01,1957-07-26,1956-04-11,stochastic,stochastic
73,1.1999999999999993,8.8,5.494999999999999,24.295,12.662819907321847,162420016.0898675,175022606.2272109,-673742.5996753201,10.0,8.8,1.645,3.8499999999999996,614497,856353,9.48860246321046,2.2603261419050336,3.152629173388794,1.3272646602223876,1.3272646602223876,0.009298488419641883,1.1415554530994112,0.08590712907555063,-0.001384731604245517,0.7867754913827056,0.2367052783228473,779245,634766,True,True,78.93112110447169,79.0214720357023,80.57660321567178,82.87096928752814,1205651.2761476422,413285.9423455184,997424.2300299385,962652.3967337887,2996773.4165610187,2860076.626763727,481000.0,900000.0,8570427.321734525,7833957.373271212,10688703.401227366,11534588.808429878,6534649.541129078,7219378.151886578,523640.0,405384.0,929024.0,751270.5601543133,204377.19708317154,955647.7572374851,1121399.9999999998,463681.148037317,1247828.7279666653,1086148.0,3105329.2926709154,3277472.1001981064,6300000.0,13883374.108556451,14557116.708231771,68.93228471494966,70.22183891524124,SPY,2026-03-29 00:00:00,25,2,2026-07-01,1957-07-26,1956-04-11,stochastic,stochastic
74,1.1999999999999993,8.8,5.494999999999999,24.295,11.663483849771042,118428939.92337112,127618148.41001788,-1518535.5818093475,10.0,8.8,1.645,3.8499999999999996,59472,774258,10.275824581599347,4.465861242109748,3.1304275851774297,1.6648222526823673,1.6648222526823673,-0.0015893856197482653,1.494271797367589,0.4703907897248565,0.0047326581585341145,0.5732084778394434,0.34815887908368126,425612,748567,True,False,78.93112110447169,,80.57660321567178,79.0214720357023,288991.1869063745,397969.2545601498,901061.0163337402,866550.2203245249,1972181.219295276,2667611.236658265,481000.0,900000.0,6694198.333455149,6042393.061638356,8657771.445977334,9425766.379225628,4101293.4891513204,4558797.575354144,482300.0,373380.0,855680.0,617592.7518207618,168011.20961013538,785603.961430897,1121399.9999999995,491310.55400127894,296402.8631810223,1086148.0,3102938.5946754636,2352397.9461144106,6300000.0,11854832.851301871,13373368.433111217,68.93228471494966,70.22183891524124,SPY,2026-03-29 00:00:00,25,2,2026-07-01,1957-07-26,1956-04-11,stochastic,stochastic
75,1.1999999999999993,8.8,5.494999999999999,24.295,12.662819907321847,506879681.18374765,546209789.7793014,-1356915.0387497395,10.0,8.8,1.645,3.8499999999999996,799791,750663,18.39892968304575,1.0799667026722304,8.493209456142809,1.145753367439258,1.145753367439258,0.007222500099338653,1.414345671680701,0.349597523670582,-0.003771484961272241,1.2009765816637952,0.30999716231132185,208160,255306,True,True,78.93112110447169,79.0214720357023,80.57660321567178,82.87096928752814,1069552.6403667019,425748.0950358214,1063827.9559083697,1028771.0374190152,2956479.1176891476,2992598.993327385,481000.0,900000.0,38005717.81819499,36742565.01768929,40458782.605758056,41816829.360103734,35979380.29526192,37251625.74060094,523640.0,405384.0,929024.0,813116.8340763678,221201.98536135367,1034318.8194377219,1121399.9999999998,448622.6065477642,1092587.7359881569,1086148.0000000002,3106857.6998710856,3107989.415467024,6300000.0,43651924.90588697,45008839.94463671,68.93228471494966,70.22183891524124,SPY,2026-03-29 00:00:00,25,2,2026-07-01,1957-07-26,1956-04-11,stochastic,stochastic
76,1.1999999999999993,8.8,5.494999999999999,24.295,11.663483849771042,85925827.24108039,92593034.94737904,-1373052.1513835578,10.0,8.8,1.645,3.8499999999999996,703394,451563,5.4884484932753885,2.7169001604210763,1.8651934851112,1.3671690556784823,1.3671690556784823,0.007612300714599113,0.8968286323529402,0.07666609129794826,-0.00405882431707114,1.2178174819048655,0.0027129160191961934,415698,62867,True,False,78.93112110447169,,80.57660321567178,79.0214720357023,235518.89022356272,402581.8131158816,973980.2750347645,939373.0554356411,1979446.0751797846,2813353.3304704055,481000.0,900000.0,3067172.656629823,2591762.9391324404,4720783.878440396,5258929.49438593,1373721.9010629468,1685433.33472389,482300.0,373380.0,855680.0,700530.1041439236,190573.65848052048,891103.7626244439,1121400.0000000002,462229.7512211526,243077.377539411,1086148.0000000005,3107147.756035151,2272241.220597127,6300000.0,7913636.122405244,9286688.273788802,68.93228471494966,70.22183891524124,SPY,2026-03-29 00:00:00,25,2,2026-07-01,1957-07-26,1956-04-11,stochastic,stochastic
77,1.1999999999999993,8.8,5.494999999999999,24.295,12.662819907321847,300848452.91852444,324192064.35794324,-503684.14471743256,10.0,8.8,1.645,3.8499999999999996,253799,269652,15.321926380581274,2.5924234745912322,6.08439292965779,1.3829091833366474,1.3829091833366474,0.008520053577199168,1.4220337622562615,0.04515510611700374,-0.00010965132347663751,0.9899298708428195,0.391383386129503,561144,856054,True,True,78.93112110447169,79.0214720357023,80.57660321567178,82.87096928752814,1241540.9000984281,418742.8418493751,997009.4045351339,962012.8121669255,3018154.4277359946,2859022.2167020594,481000.0,900000.0,20346890.661935598,19753349.878628008,23527421.429534778,24254150.88596178,18269615.620263267,18823873.827951573,523640.0,405384.0,929024.0,730909.5163661194,198838.13661704081,929747.6529831607,1121400.0000000002,469720.87741583056,1292627.5265188436,1086148.0,3105191.873514549,3328237.185224115,6300000.0,26722229.55602023,27225913.700737663,68.93228471494966,70.22183891524124,SPY,2026-03-29 00:00:00,25,2,2026-07-01,1957-07-26,1956-04-11,stochastic,stochastic
78,1.1999999999999993,8.8,5.494999999999999,24.295,12.662819907321847,137024480.95322442,147656565.67903945,-189107.75715264957,10.0,8.8,1.645,3.8499999999999996,204647,520922,9.192609994797118,3.362044470215153,3.046359321556902,1.520222486120468,1.520222486120468,0.0035441961570644824,0.7489399215110621,0.4586766077442634,0.0021751883052438152,0.7706486974764841,0.35617860169911386,263555,753469,True,True,78.93112110447169,79.0214720357023,80.57660321567178,82.87096928752814,1309855.8530420633,413951.5680728893,970589.2166770682,935848.2854217024,3016567.914659128,2806437.502098771,481000.0,900000.0,6911015.43401291,6508771.411571029,9444761.279519968,9957845.910948087,4814070.104905801,5127520.123552589,523640.0,405384.0,929024.0,704588.5696791481,191677.73183909545,896266.3015182442,1121400.0,476457.3118661972,1387234.6152130025,1086148.0000000005,3106076.7530390406,3430053.6273145103,6300000.0,12638684.526480928,12827792.283633577,68.93228471494966,70.22183891524124,SPY,2026-03-29 00:00:00,25,2,2026-07-01,1957-07-26,1956-04-11,stochastic,stochastic
79,1.1999999999999993,8.8,5.494999999999999,24.295,12.662819907321847,95472600.61047772,102880567.21340182,-37024.20833626576,10.0,8.8,1.645,3.8499999999999996,969866,372793,6.297514584859498,3.533126450881796,2.1675014399161983,1.5524042826727,1.5524042826727,-0.009190533700390226,1.36719690538475,0.344849434285859,0.00212760793658031,0.728260186647541,0.4378010885276174,900197,534649,True,True,78.93112110447169,79.0214720357023,80.57660321567178,82.87096928752814,1345540.984314644,401563.7485562546,938010.4328555171,903266.5580228873,3022489.7867185213,2741276.990878404,481000.0,900000.0,3400565.0179709583,3062349.380753129,5198985.399961693,5602470.559445746,1439099.0576971679,1622794.684056507,523640.0,405384.0,929024.0,699613.0946904785,190324.1933320987,889937.2880225775,1121399.9999999995,477520.29203011695,1427601.5689669645,1086148.0000000002,3103812.4841631656,3470273.435310953,6300000.0,8395172.915798528,8432197.124134794,68.93228471494966,70.22183891524124,SPY,2026-03-29 00:00:00,25,2,2026-07-01,1957-07-26,1956-04-11,stochastic,stochastic
80,1.1999999999999993,8.8,5.494999999999999,24.295,11.663483849771042,195292043.96904483,210445259.9733096,-1925299.1167924386,10.0,8.8,1.645,3.8499999999999996,321592,390427,14.796070255994387,4.184152762709847,5.002056382612733,1.6131920906868824,1.6131920906868824,-0.008981338227842377,1.4877432418329168,0.07955445897209898,0.003871358952963164,1.4309700025167895,0.2710870094127859,413580,371857,True,False,78.93112110447169,,80.57660321567178,79.0214720357023,273511.77114461566,401460.42230665375,924417.5879299972,889669.6110629315,1950331.499264955,2714087.1989929285,481000.0,900000.0,13935308.11031071,13002703.749030741,17438384.10748291,18593417.787027337,10864339.017257363,11718820.60547872,482300.0,373380.0,855680.0,636199.3053653056,173072.9749214644,809272.28028677,1121400.0000000007,483968.91610313935,283998.05341854645,1086147.9999999995,3102892.071820354,2332626.6345723416,6300000.0,20635492.035662554,22560791.152454995,68.93228471494966,70.22183891524124,SPY,2026-03-29 00:00:00,25,2,2026-07-01,1957-07-26,1956-04-11,stochastic,stochastic
81,1.1999999999999993,8.8,5.494999999999999,24.295,12.662819907321847,71567823.71360117,77120956.70174912,416053.69373502117,10.0,8.8,1.645,3.8499999999999996,307664,685983,4.473252488137769,4.09801811193693,1.7407301952443848,1.663174592429444,1.663174592429444,-0.005654609124161161,0.6942890028590439,0.2190058338472886,0.0029390423159283236,1.4458025918914765,0.4110767866840754,381553,138495,True,True,78.93112110447169,79.0214720357023,80.57660321567178,82.87096928752814,1397513.0568986183,407468.01776912867,932923.3493825824,897971.5462935627,3053416.4820883344,2730894.895676145,481000.0,900000.0,1667395.3080766173,1677099.6399514123,3728686.379364002,3762137.2947947993,-66519.75782904158,-252708.30401727627,523640.0,405384.0,929024.0,672277.9360909876,182887.88024771478,855165.8163387016,1121399.9999999998,486693.2049331566,1500532.017108708,1086148.0000000002,3101792.753194377,3551297.3623601953,6300000.0,6926893.626169626,6510839.9324346045,68.93228471494966,70.22183891524124,SPY,2026-03-29 00:00:00,25,2,2026-07-01,1957-07-26,1956-04-11,stochastic,stochastic
82,1.1999999999999993,8.8,5.494999999999999,24.295,12.662819907321847,317414293.5429503,342043291.504894,-1033566.8228946552,10.0,8.8,1.645,3.8499999999999996,426899,487460,13.79206350737261,0.8039573021099145,5.1374979072420945,1.106749586657074,1.106749586657074,0.00881418979048018,0.9237222294063547,0.19962393964903702,-0.004360944857744517,0.7326667440361512,0.29235738011290724,969581,895577,True,True,78.93112110447169,79.0214720357023,80.57660321567178,82.87096928752814,1041502.0497792333,429302.19519898784,1078603.9841722834,1043574.5561396156,2960327.0666786805,3022178.540311899,481000.0,900000.0,21002087.21291469,20062590.573756043,22953683.388225008,23952438.35506195,19513197.22763766,20448073.086569414,523640.0,405384.0,929024.0,825500.5690651669,224570.88224174216,1050071.4513069093,1121400.0,446212.026088866,1059605.9984737977,1086148.0000000002,3108041.7769888784,3073229.9209311646,6300000.0,26145641.61123613,27179208.434130784,68.93228471494966,70.22183891524124,SPY,2026-03-29 00:00:00,25,2,2026-07-01,1957-07-26,1956-04-11,stochastic,stochastic
83,1.1999999999999993,8.8,5.494999999999999,24.295,12.662819907321847,265161403.92303425,285735964.7089141,-767274.4146409612,10.0,8.8,1.645,3.8499999999999996,389008,595894,12.810039998330346,1.363226925240446,4.60332397177517,1.1870948503932974,1.1870948503932974,0.005321110107859028,1.0138090757798444,0.32465736823864505,-0.0028266990859427917,0.8921383918361463,0.2171425462037898,288653,520515,True,True,78.93112110447169,79.0214720357023,80.57660321567178,82.87096928752814,1072975.368097923,428968.78655950126,1064386.8171076728,1029171.1635815803,2939910.564336895,2993557.980689253,481000.0,900000.0,16949439.038603775,16243353.800079217,19460234.44369413,20250519.68740191,15384479.875620587,16084309.461818034,523640.0,405384.0,929024.0,800914.0004375862,217882.30125839333,1018796.3016959794,1121399.9999999998,451732.5853286608,1110853.1546113025,1086148.0000000005,3105775.73218576,3128786.561252578,6300000.0,22654458.71150837,23421733.12614933,68.93228471494966,70.22183891524124,SPY,2026-03-29 00:00:00,25,2,2026-07-01,1957-07-26,1956-04-11,stochastic,stochastic
84,1.1999999999999993,8.8,5.494999999999999,24.295,12.662819907321847,204238381.30841875,220085766.82105348,-1409498.8889113106,10.0,8.8,1.645,3.8499999999999996,315770,20625,11.663426925944753,2.422205380439335,4.044567243153883,1.3541254189591367,1.3541254189591367,0.0026089053287450155,0.869616946231405,0.49835432533819635,-0.0008083412216618189,1.0383042682143913,0.02137901701635449,680248,882347,False,True,,79.0214720357023,78.93112110447169,82.87096928752814,544047.8652214903,404570.22013234976,970858.8840835048,936081.8841119944,2325901.1628185264,2806940.7681954987,481000.0,900000.0,12346966.626063779,11559040.233849024,14653656.772794906,15546060.490879687,10230713.223737348,10920863.347063193,523640.0,405384.0,929024.0,741714.011318679,201777.41377153207,943491.4250902118,1121399.9999999993,465930.4999941403,557079.7789199676,1086148.0000000002,3106915.314478704,2589820.1436521728,6300000.0,17846741.458316203,19256240.347227514,68.93228471494966,70.22183891524124,SPY,2026-03-29 00:00:00,25,2,2026-07-01,1957-07-26,1956-04-11,stochastic,stochastic
85,1.1999999999999993,8.8,5.494999999999999,24.295,12.662819907321847,174676030.96190622,188229597.0680245,-544879.641820062,10.0,8.8,1.645,3.8499999999999996,721984,881272,11.571477292759402,3.6089326994896753,4.0025827972886985,1.5668636284804796,1.5668636284804796,-0.0023086140983275038,1.3724065474512521,0.2083624744272078,0.0042504598129436905,1.2862353828111233,0.2145772678243019,986399,734046,True,True,78.93112110447169,79.0214720357023,80.57660321567178,82.87096928752814,1336318.828219505,403242.5028465062,943741.8514756821,908983.8970271702,3004184.5873420048,2752725.7485028524,481000.0,900000.0,10463422.113411708,9742746.920587705,13682705.011275986,14589704.898874758,7793736.393666074,8485041.129891947,523640.0,405384.0,929024.0,700839.0011914377,190657.6914722368,891496.6926636746,1121400.0,476772.10078837647,1424903.6524063547,1086147.9999999998,3105734.054115559,3467854.2998942677,6300000.0,16876970.957160424,17421850.598980494,68.93228471494966,70.22183891524124,SPY,2026-03-29 00:00:00,25,2,2026-07-01,1957-07-26,1956-04-11,stochastic,stochastic
86,1.1999999999999993,8.8,5.494999999999999,24.295,11.663483849771042,176442378.35156608,190132999.93106723,-1781608.4904485885,10.0,8.8,1.645,3.8499999999999996,178611,94579,11.927030823551643,2.467951242209132,3.723129441095985,1.329007049030187,1.329007049030187,-0.006513303964014906,0.5170089117069478,0.2507228786010063,-0.0007159155608644392,0.8720203365897927,0.17680115483841288,184669,406636,True,False,78.93112110447169,,80.57660321567178,79.0214720357023,235470.3375111279,410351.69409830007,990985.285233975,955978.9931454211,2023881.0889210573,2846964.278379396,481000.0,900000.0,11396182.508480914,10568749.003805187,13736492.57898177,14680941.09117694,9275852.834190477,10017893.5162684,482300.0,373380.0,855680.0,698946.3777474663,190142.8182759101,889089.1960233761,1121400.0,463213.7611314071,239487.6424158422,1086148.0000000002,3106391.063533656,2269231.085280237,6300000.0,16930101.515448116,18711710.005896706,68.93228471494966,70.22183891524124,SPY,2026-03-29 00:00:00,25,2,2026-07-01,1957-07-26,1956-04-11,stochastic,stochastic
87,1.1999999999999993,8.8,5.494999999999999,24.295,11.663483849771042,74928901.7235794,80742829.46842751,-1181342.334214428,10.0,8.8,1.645,3.8499999999999996,265061,913768,4.551465777955355,3.006570367500405,1.6808081107629345,1.412832967505029,1.412832967505029,-0.009563930080303585,1.222306965632745,0.4815357218527825,0.0015121704910124704,0.9043549431279179,0.2693887497625209,480679,574448,True,False,78.93112110447169,,80.57660321567178,79.0214720357023,248025.01169513428,411183.48306836386,972793.161818398,937894.7999642319,2015961.7799164983,2810687.9617826296,481000.0,900000.0,2559046.111717942,2259253.551338245,4529359.908562299,4896185.848059153,895532.1257333796,1031429.4281252195,482300.0,373380.0,855680.0,671803.6328376357,182758.84980964247,854562.4826472778,1121400.0000000005,472299.3562466625,253432.1280605555,1086148.0,3107221.248501938,2292704.853784364,6300000.0,7722138.660060361,8903480.99427479,68.93228471494966,70.22183891524124,SPY,2026-03-29 00:00:00,25,2,2026-07-01,1957-07-26,1956-04-11,stochastic,stochastic
88,1.1999999999999993,8.8,5.494999999999999,24.295,12.662819907321847,62790687.0332163,67662779.23079364,73500.55767177977,10.0,8.8,1.645,3.8499999999999996,633436,89443,2.827437414941514,3.521927910417033,1.4235765606859785,1.5502787133808844,1.5502787133808844,0.004003319615618325,0.5438180008802348,0.21588513725312913,0.0031044643415034196,1.0032658959064946,0.19647200730607467,26929,390386,True,True,78.93112110447169,79.0214720357023,80.57660321567178,82.87096928752814,1312852.8523581896,412019.1432492096,961252.9032207064,926370.6745887987,3005813.1660462236,2787623.577809505,481000.0,900000.0,1389444.4044439774,1190883.52579434,3477978.284305799,3748563.896136975,-389507.02776994335,-316489.0776227609,523640.0,405384.0,929024.0,698407.2372132273,189996.14936983856,888403.3865830661,1121399.9999999998,478541.90751502657,1403914.546098413,1086148.0000000002,3103188.2283996134,3447274.3979025693,6300000.0,6674790.055906186,6601289.498234406,68.93228471494966,70.22183891524124,SPY,2026-03-29 00:00:00,25,2,2026-07-01,1957-07-26,1956-04-11,stochastic,stochastic
89,1.1999999999999993,8.8,5.494999999999999,24.295,12.662819907321847,99326946.5632052,107033981.86135021,-297227.5505280979,10.0,8.8,1.645,3.8499999999999996,360076,620836,7.218877815401936,4.10473970155536,2.417886596730029,1.664535389303234,1.664535389303234,-0.001894822334059864,0.5532157944070569,0.2620580373039928,0.004089860775065565,0.9116415934876241,0.37694942686122146,570651,214301,True,True,78.93112110447169,79.0214720357023,80.57660321567178,82.87096928752814,1406158.4325116558,401337.5351613142,921735.1644402973,887108.4301184291,3051159.397174243,2708843.5945587265,481000.0,900000.0,4495153.728307571,3882049.717416458,6760999.500857047,7511070.955199262,1933110.369127293,2454340.456395808,523640.0,405384.0,929024.0,675421.2138717833,183742.9840366358,859164.1979084186,1121400.0,485114.7185131155,1506545.6606439585,1086148.0,3104146.634388211,3556990.5382023286,6300000.0,9956852.866468836,10254080.416996934,68.93228471494966,70.22183891524124,SPY,2026-03-29 00:00:00,25,2,2026-07-01,1957-07-26,1956-04-11,stochastic,stochastic
90,1.1999999999999993,8.8,5.494999999999999,24.295,11.663483849771042,148128968.87766218,159622679.61094743,-1607590.0527184866,10.0,8.8,1.645,3.8499999999999996,906966,691895,9.760396392712046,2.0022713809163095,2.9639175108932214,1.260225215393886,1.260225215393886,-0.0012179879469405783,0.8904708710625753,0.2267470326914763,0.0002764547058379816,1.296657357401144,0.037775482739873585,457380,847477,True,False,78.93112110447169,,80.57660321567178,79.0214720357023,229852.39573173106,418317.63488758256,1015314.8714524752,980389.7601802199,2076065.5673660422,2895704.631632695,481000.0,900000.0,8632130.205196839,7957173.015891778,10735526.517901642,11495583.883324392,6884647.480434436,7481874.249149303,482300.0,373380.0,855680.0,707077.6927217351,192354.8780200058,899432.5707417405,1121400.0000000002,461335.6360059142,230454.9577322409,1086148.0,3105235.238497624,2257702.5512018865,6300000.0,13930291.27940402,15537881.332122505,68.93228471494966,70.22183891524124,SPY,2026-03-29 00:00:00,25,2,2026-07-01,1957-07-26,1956-04-11,stochastic,stochastic
91,1.1999999999999993,8.8,5.494999999999999,24.295,12.662819907321847,195682872.90723827,210866414.34207767,-1486655.6968831215,10.0,8.8,1.645,3.8499999999999996,411432,60548,11.7183683132986,2.8193740716681237,4.069846829089612,1.4221632076431858,1.4221632076431858,0.009835656483011634,1.3901724281351329,0.28858283890349623,0.001471538755179658,0.5966002133588052,0.2651904907985342,15799,187794,False,True,,79.0214720357023,78.93112110447169,82.87096928752814,555093.2207085984,396719.94620070467,947515.0338595398,912860.0108581166,2283829.1856297543,2760375.0447176564,481000.0,900000.0,11718619.390826954,10866741.083725614,14119476.235548155,15111639.811212743,9304690.49496294,10066704.69979861,523640.0,405384.0,929024.0,732777.2048798896,199346.22646338094,932123.4313432706,1121400.0000000002,467628.90750856616,577068.2359841033,1086147.9999999993,3104947.3752746605,2610455.254056126,6300000.0,17314528.86027349,18801184.557156615,68.93228471494966,70.22183891524124,SPY,2026-03-29 00:00:00,25,2,2026-07-01,1957-07-26,1956-04-11,stochastic,stochastic
92,1.1999999999999993,8.8,5.494999999999999,24.295,12.662819907321847,244357837.6326383,263318195.7748745,-489122.86806464754,10.0,8.8,1.645,3.8499999999999996,904531,680929,13.452518903128151,2.6001955966276524,4.9466647000989346,1.3842367986596542,1.3842367986596542,-0.0013336297444610928,1.1104077430931163,0.22482542632264116,0.002072105058746003,0.881461252396792,0.06523583885748505,31659,563057,True,True,78.93112110447169,79.0214720357023,80.57660321567178,82.87096928752814,1256302.199479354,412365.60647755954,982638.345717908,947524.6213374479,3029897.8051760285,2830162.9670553557,481000.0,900000.0,15483782.860360406,14876124.126251483,18186756.3029438,18905431.31602433,13435724.272572588,13973871.058789935,523640.0,405384.0,929024.0,732203.2578717305,199190.0887321517,931393.3466038824,1121399.9999999998,469057.0770940729,1299489.2808346143,1086147.9999999998,3104528.409597909,3334080.5546137914,6300000.0,21382227.893345892,21871350.761410538,68.93228471494966,70.22183891524124,SPY,2026-03-29 00:00:00,25,2,2026-07-01,1957-07-26,1956-04-11,stochastic,stochastic
93,1.1999999999999993,8.8,5.494999999999999,24.295,12.662819907321847,90813463.32979809,97859915.39186946,-5474.086217169184,10.0,8.8,1.645,3.8499999999999996,826244,446910,5.927234112118174,3.5807998309562272,2.0737831658263595,1.5614831290574016,1.5614831290574016,-0.005160711014574816,1.3777421419238634,0.3870926103049949,0.002794517279080754,1.4213836688744657,0.2593636955928715,157097,742566,True,True,78.93112110447169,79.0214720357023,80.57660321567178,82.87096928752814,1336040.978661159,404403.39013335184,944889.8390789548,910167.0034438833,3015245.7334053633,2755056.842522838,481000.0,900000.0,3569931.36335066,3300820.6585649387,6173255.710631507,6535757.47861327,1641864.4999013285,1790323.854899893,523640.0,405384.0,929024.0,699496.8161432465,190292.5606756037,889789.3768188502,1121399.9999999998,477574.6741632069,1421096.3261925953,1086148.0,3110218.6127257533,3467246.294490347,6300000.0,9363037.097905755,9368511.184122924,68.93228471494966,70.22183891524124,SPY,2026-03-29 00:00:00,25,2,2026-07-01,1957-07-26,1956-04-11,stochastic,stochastic
94,1.1999999999999993,8.8,5.494999999999999,24.295,12.662819907321847,178354403.63689804,192193384.21539068,-718308.7525910866,10.0,8.8,1.645,3.8499999999999996,914619,479886,9.894674525693059,1.8840378925012669,3.3039809151968687,1.2667119961575155,1.2667119961575155,0.0010576346932943941,0.7801565207268868,0.35637809602449905,-0.0017690903173934332,0.5256149370566282,0.20336316813318484,222445,15308,True,True,78.93112110447169,79.0214720357023,80.57660321567178,82.87096928752814,1148825.3046228187,420653.9828632564,1030330.3831670369,995292.5162504866,2959527.8436547546,2925622.8994175233,481000.0,900000.0,9951609.537715198,9221159.034458496,12265541.599487463,13091184.134088395,8123152.920205817,8811344.977803316,523640.0,405384.0,929024.0,774794.1308026896,210776.59789759407,985570.7287002836,1121400.0,457222.3691855239,1189593.2201953738,1086148.0,3105575.7485297127,3212909.530539557,6300000.0,15459965.850957748,16178274.60354884,68.93228471494966,70.22183891524124,SPY,2026-03-29 00:00:00,25,2,2026-07-01,1957-07-26,1956-04-11,stochastic,stochastic
95,1.1999999999999993,8.8,5.494999999999999,24.295,11.663483849771042,252368618.8684143,271950554.2954265,-2060149.5449736305,10.0,8.8,1.645,3.8499999999999996,785818,167082,16.341597226205096,3.2916727188434303,5.846670082058188,1.4591343760055102,1.4591343760055102,0.003964323056687414,1.086761728200697,0.1647644877576521,0.0031770634409741373,0.6690401240285423,0.09957834018469651,165603,725234,True,False,78.93112110447169,,80.57660321567178,79.0214720357023,251532.50491319897,402944.3305546979,951363.228117439,916555.5305011614,1971359.7606717756,2767918.7586186,481000.0,900000.0,18903991.522206426,17836613.53511148,22072806.97607328,23327904.647896644,16069269.866087364,17071638.151687887,482300.0,373380.0,855680.0,668029.469739101,181732.11867398495,849761.588413086,1121399.9999999998,472949.5918129037,260472.63023937095,1086148.0,3103411.211652237,2298359.3385019707,6300000.0,25269395.764421042,27329545.309394673,68.93228471494966,70.22183891524124,SPY,2026-03-29 00:00:00,25,2,2026-07-01,1957-07-26,1956-04-11,stochastic,stochastic
96,1.1999999999999993,8.8,5.494999999999999,24.295,11.663483849771042,217214464.5507595,234068698.00386474,-1946300.672516454,10.0,8.8,1.645,3.8499999999999996,156843,715493,12.414007183758379,1.0961723706920168,3.916562016723471,1.1356338206345953,1.1356338206345953,0.007359544558212685,1.44503858446565,0.39713145578631415,-0.002633440026619659,1.380309788586818,0.39330918631730477,291546,796599,True,False,78.93112110447169,,80.57660321567178,79.0214720357023,208493.57875872063,428418.04143873096,1064449.101762679,1028918.0413899553,2128774.129004536,2993367.1431526346,481000.0,900000.0,14315777.725436598,13293189.739351705,15614913.278750248,16680947.625625707,12680990.66443221,13654252.204113286,482300.0,373380.0,855680.0,745331.686370489,202761.5735752848,948093.2599457745,1121400.0,451035.70988378435,208362.5082932231,1086147.9999999998,3105968.2611842514,2225701.9355432563,6300000.0,18808945.017565995,20755245.69008245,68.93228471494966,70.22183891524124,SPY,2026-03-29 00:00:00,25,2,2026-07-01,1957-07-26,1956-04-11,stochastic,stochastic
97,1.1999999999999993,8.8,5.494999999999999,24.295,12.662819907321847,156059485.0570735,168168545.1013168,-479320.3935745442,10.0,8.8,1.645,3.8499999999999996,538627,821339,8.444057512552906,1.6046788900733633,2.7921555538106433,1.223414518882283,1.223414518882283,-0.0002955342074746209,0.6885070908632499,0.053322536512889665,-0.0018204150214210487,0.6635203059510733,0.4826281473853345,240658,37812,True,True,78.93112110447169,79.0214720357023,80.57660321567178,82.87096928752814,1144593.8524621925,411408.09263580746,1015570.6980997367,980767.6721762521,2975954.6782527124,2896338.3702759887,481000.0,900000.0,7178337.792494215,6664931.683042049,8962365.174113082,9521605.122931065,5823009.6910686055,6246017.4390698755,523640.0,405384.0,929024.0,788118.7175198934,214401.44602819896,1002520.1635480924,1121399.9999999998,453732.36100843054,1168199.3397056034,1086147.9999999998,3111010.842299613,3190930.397543052,6300000.0,12151354.33181347,12630674.725388013,68.93228471494966,70.22183891524124,SPY,2026-03-29 00:00:00,25,2,2026-07-01,1957-07-26,1956-04-11,stochastic,stochastic
98,1.1999999999999993,8.8,5.494999999999999,24.295,9.99883638952203,96766973.09572878,104275373.41556406,-1763136.8322020909,10.0,8.8,1.645,3.8499999999999996,994179,777150,10.530836871597637,4.266564663162153,2.7216644614018533,1.5186253599250845,1.5186253599250845,0.007943958691344824,1.4728029808505723,0.08262398972141492,0.002682899232107323,0.9457060307955591,0.47486401184462546,553706,12787,False,False,,,78.93112110447169,79.0214720357023,0.0,397569.77287053067,911476.038401151,876805.7634023984,1755375.536272929,2688281.8018035493,481000.0,900000.0,6090306.9597582845,5496522.304337677,8011864.719705221,8721416.142492538,3762132.73198423,4208502.92698442,413400.0,320040.0,733440.0,559286.597367927,152149.48275460512,711436.0801225321,1121400.0000000002,485667.2387992238,0.0,1086148.0000000005,3105083.5212233863,2051498.1118086122,6300000.0,11206781.198481834,12969918.030683925,68.93228471494966,70.22183891524124,SPY,2026-03-29 00:00:00,25,2,2026-07-01,1957-07-26,1956-04-11,stochastic,stochastic
99,1.1999999999999993,8.8,5.494999999999999,24.295,11.663483849771042,185406354.97233388,199792514.73777977,-1942497.865687605,10.0,8.8,1.645,3.8499999999999996,738876,225137,11.698684823020145,1.8254671737190753,3.6354710914196557,1.234974902473075,1.234974902473075,0.008792205956179489,1.4636110670372444,0.3099813763476835,-0.0029175837681772684,1.2461994947807453,0.12943198498140832,645054,431584,True,False,78.93112110447169,,80.57660321567178,79.0214720357023,219370.02906131162,421689.4912494547,1033025.0424845177,997962.0239303132,2063661.644428836,2930987.0664148307,481000.0,900000.0,11514712.816799752,10510889.637495954,12926709.347108886,14009167.948398765,9528228.864468044,10457157.04672335,482300.0,373380.0,855680.0,722005.6464303773,196415.90942330324,918421.5558536798,1121399.9999999998,457063.18012966344,222955.11955575578,1086148.0000000002,3106812.4574578293,2246773.193060103,6300000.0,16119896.889651056,18062394.75533866,68.93228471494966,70.22183891524124,SPY,2026-03-29 00:00:00,25,2,2026-07-01,1957-07-26,1956-04-11,stochastic,stochastic
100,1.1999999999999993,8.8,5.494999999999999,24.295,12.662819907321847,109389973.23281151,117877824.85957967,-1037016.8938872302,10.0,8.8,1.645,3.8499999999999996,543439,258134,7.276602905933416,3.3702434983756246,2.434427378859498,1.5217506563956869,1.5217506563956869,-0.00786569394995481,0.6797485776550334,0.31097527106170725,0.0010264918463573827,1.3398268327749498,0.38584452638814737,204550,452992,False,True,,79.0214720357023,78.93112110447169,82.87096928752814,575278.7089982312,406870.04911048384,950386.5565228942,915576.6472631118,2282815.835832961,2765963.203786006,481000.0,900000.0,5257515.432630268,4810802.4157867255,8246557.524003721,8829620.33967748,3082050.753657941,3415444.0842612274,523640.0,405384.0,929024.0,701574.1800336528,190857.6910450886,892431.8710787419,1121400.0,477713.8943200349,607411.3461023507,1086147.9999999998,3104711.214253633,2650757.1360401614,6300000.0,11441846.30975009,12478863.203637317,68.93228471494966,70.22183891524124,SPY,2026-03-29 00:00:00,25,2,2026-07-01,1957-07-26,1956-04-11,stochastic,stochastic
101,1.1999999999999993,8.8,5.494999999999999,24.295,12.662819907321847,128259299.06121875,138211270.5994874,-1195518.393355661,10.0,8.8,1.645,3.8499999999999996,445425,187949,8.161930895123959,2.9221380990937407,2.701527964902018,1.4402729210318481,1.4402729210318481,-0.008736144009058668,1.498684119420679,0.40854923580360586,-0.0009128186247875725,1.3630875998674865,0.03206555936612767,340123,667468,False,True,,79.0214720357023,78.93112110447169,82.87096928752814,531058.8285372743,414712.78508492024,988111.2597956234,953033.5115525239,2252567.637888224,2841144.771348147,481000.0,900000.0,6308492.033963263,5734587.899954498,8700872.035182148,9393766.804057352,4201920.399304653,4672111.417842702,523640.0,405384.0,929024.0,730482.2727193036,198721.908371667,929204.181090971,1121400.0000000005,469095.53881753574,568036.7242362518,1086148.0000000007,3106164.4648706974,2603540.84039024,6300000.0,11894707.570311451,13090225.963667113,68.93228471494966,70.22183891524124,SPY,2026-03-29 00:00:00,25,2,2026-07-01,1957-07-26,1956-04-11,stochastic,stochastic
102,1.1999999999999993,8.8,5.494999999999999,24.295,11.663483849771042,115097906.15427378,124028651.09476277,-1505136.8250524895,10.0,8.8,1.645,3.8499999999999996,144314,525226,7.909230578920279,2.474240218056023,2.430432807954466,1.329958985821058,1.329958985821058,-0.005977014911217524,0.5256756099599122,0.4474810776262025,-2.468252049118297e-05,1.2752938550092794,0.2196458277316725,559799,946549,True,False,78.93112110447169,,80.57660321567178,79.0214720357023,235023.11054279303,414301.9912284031,996229.8524628063,961073.8483831657,2036214.9979563816,2857303.700845972,481000.0,900000.0,5735400.312010051,5145645.97557674,7619755.407033956,8289767.97277143,3928696.1729262727,4401136.376699613,482300.0,373380.0,855680.0,694635.078254312,188969.9634444686,883605.0416987812,1121400.0000000002,465087.67946075456,239272.5022006131,1086147.9999999998,3105581.4054385303,2270457.146123515,6300000.0,10814174.001595426,12319310.826647915,68.93228471494966,70.22183891524124,SPY,2026-03-29 00:00:00,25,2,2026-07-01,1957-07-26,1956-04-11,stochastic,stochastic
103,1.1999999999999993,8.8,5.494999999999999,24.295,12.662819907321847,191625283.67357117,206493986.24009457,-857166.2430708986,10.0,8.8,1.645,3.8499999999999996,606896,52949,10.870130477794815,2.207637952994479,3.6953116906778236,1.3186284916817113,1.3186284916817113,0.005442091382901812,1.396693565012157,0.1057362481629226,-0.001693910256829509,0.5438622170906592,0.2623556024123921,84165,356723,True,True,78.93112110447169,79.0214720357023,80.57660321567178,82.87096928752814,1158235.8946936938,420764.43738254363,1018636.2335181625,983449.4575125114,2947839.5481390483,2902085.691030674,481000.0,900000.0,11389649.506329969,10523096.699043935,14135764.79241404,15136127.960613646,9202804.072143087,10062824.187958302,523640.0,405384.0,929024.0,757494.0971181304,206070.2609513301,963564.3580694604,1121399.9999999995,462382.11182427424,1219837.520580508,1086147.9999999995,3104589.6146741486,3247786.5398028567,6300000.0,17331175.177739892,18188341.42081079,68.93228471494966,70.22183891524124,SPY,2026-03-29 00:00:00,25,2,2026-07-01,1957-07-26,1956-04-11,stochastic,stochastic
104,1.1999999999999993,8.8,5.494999999999999,24.295,12.662819907321847,49607595.64634006,53456777.604824595,-538235.7637100939,10.0,8.8,1.645,3.8499999999999996,684916,239072,0.4449607652093457,3.022366757055539,1.0578480191692627,1.4581402186551513,1.4581402186551513,0.009753225834831606,0.7896445761919658,0.047546158232289235,0.0008292780205793196,1.1726268578760053,0.1062835828351389,803930,202650,False,True,,79.0214720357023,78.93112110447169,82.87096928752814,567386.5218599549,402003.13446045155,950108.7222387586,915269.3615435679,2295723.651725616,2765378.0837823264,481000.0,900000.0,12728.019248860168,-44314.61754485222,1828344.3248601255,1887103.667104409,-1294588.9229586152,-1476228.7446412952,523640.0,405384.0,929024.0,718380.3938184368,195429.68820441962,913810.0820228567,1121399.9999999995,472283.09896295314,590179.2949569616,1086147.9999999998,3110853.331377453,2631376.909911643,6300000.0,5017490.993482673,5555726.757192766,68.93228471494966,70.22183891524124,SPY,2026-03-29 00:00:00,25,2,2026-07-01,1957-07-26,1956-04-11,stochastic,stochastic
105,1.1999999999999993,8.8,5.494999999999999,24.295,11.663483849771042,55874624.27836682,60210081.236262314,-1147946.7464438681,10.0,8.8,1.645,3.8499999999999996,375458,974955,1.036457361469978,2.078878602529999,1.1278325345660545,1.2713117322768848,1.2713117322768848,0.0007903115583825122,1.4667596978056117,0.005009405070959262,-0.0014868207373470131,0.806875104333078,0.4198983179839592,719652,683587,True,False,78.93112110447169,,80.57660321567178,79.0214720357023,224354.1076085091,415417.82708991715,1009599.188232414,974860.8183429919,2054586.5981373207,2884460.0065754056,481000.0,900000.0,153603.5453470233,-120460.37126394393,1538821.8146104817,1835770.5106211924,-1047363.4403573477,-920308.8736904918,482300.0,373380.0,855680.0,709691.284515677,193065.88493748123,902757.1694531578,1121399.9999999998,460714.11954781273,228745.17203327763,1086147.9999999998,3107671.169004349,2256673.1185711916,6300000.0,4731150.645606132,5879097.39205,68.93228471494966,70.22183891524124,SPY,2026-03-29 00:00:00,25,2,2026-07-01,1957-07-26,1956-04-11,stochastic,stochastic
106,1.1999999999999993,8.8,5.494999999999999,24.295,12.662819907321847,96577936.3628616,104071668.83249846,-1134189.0082746209,10.0,8.8,1.645,3.8499999999999996,960369,991448,5.438890299227728,2.6035468734527223,1.9558871903490362,1.3848096179008695,1.3848096179008695,0.004370422096640328,1.2383636854093172,0.03381588411276066,0.0003087375383530053,1.3938697116421266,0.4098394466676219,108049,541155,False,True,,79.0214720357023,78.93112110447169,82.87096928752814,542473.9402115894,406860.5121100193,974008.7623700426,939190.157395696,2303377.11008213,2813198.919765739,481000.0,900000.0,2960663.7610362987,2387741.358973538,4262237.264008618,4885879.730230224,1115508.101153439,1527986.0171947016,523640.0,405384.0,929024.0,737106.1641904691,200523.8855080823,937630.0496985521,1121400.0,467099.3304972966,562550.8894311506,1086147.9999999998,3107111.4505568394,2596564.908503825,6300000.0,7455125.81345178,8589314.821726399,68.93228471494966,70.22183891524124,SPY,2026-03-29 00:00:00,25,2,2026-07-01,1957-07-26,1956-04-11,stochastic,stochastic
107,1.1999999999999993,8.8,5.494999999999999,24.295,11.663483849771042,178168564.92741594,191993125.79863578,-1824598.0972599462,10.0,8.8,1.645,3.8499999999999996,667031,124641,10.92753164149325,1.4682111010468901,3.3531970372251236,1.1853593888766238,1.1853593888766238,-0.00571483408986087,0.9276356932355971,0.3036136814266679,-0.0020135679023326886,0.9843840860101537,0.22874406616979912,833989,398766,True,False,78.93112110447169,,80.57660321567178,79.0214720357023,214757.03004297835,423741.2359758627,1044517.6474985817,1009160.5904608702,2096488.706367974,2953678.237959452,481000.0,900000.0,10950003.716116235,10058878.424787818,12530016.879533341,13485291.82227018,9247454.756482517,10078626.126778033,482300.0,373380.0,855680.0,731826.7252729667,199087.65602517876,930914.3812981448,1121400.0000000002,454486.8427893167,216201.48572456767,1086147.9999999998,3106713.476690435,2237390.322167327,6300000.0,15723303.40284291,17547901.50010285,68.93228471494966,70.22183891524124,SPY,2026-03-29 00:00:00,25,2,2026-07-01,1957-07-26,1956-04-11,stochastic,stochastic
108,1.1999999999999993,8.8,5.494999999999999,24.295,12.662819907321847,122782096.68159796,132309077.8870775,-398871.23084908817,10.0,8.8,1.645,3.8499999999999996,972864,490153,8.554039173901451,3.6517668919220148,2.828237290757633,1.5750886029329223,1.5750886029329223,-0.0054283310287093255,1.297112764197137,0.36103700039669495,0.003510183999132552,1.2907709301379513,0.2088133100813786,444701,761213,True,True,78.93112110447169,79.0214720357023,80.57660321567178,82.87096928752814,1336058.0496128344,405263.74848149205,946522.556216184,911672.4061379746,3003472.225693171,2758194.962354159,481000.0,900000.0,6665027.193469909,6090073.3595313225,10377010.291247357,11141921.451626187,4184111.5360082607,4735466.756456776,523640.0,405384.0,929024.0,699070.5768512869,190176.60565700228,889247.1825082897,1121400.0000000002,477558.676403522,1427947.2246307456,1086148.0000000002,3105541.733541936,3471581.663071678,6300000.0,13571468.557705421,13970339.788554512,68.93228471494966,70.22183891524124,SPY,2026-03-29 00:00:00,25,2,2026-07-01,1957-07-26,1956-04-11,stochastic,stochastic
109,1.1999999999999993,8.8,5.494999999999999,24.295,12.662819907321847,208851102.939877,225056401.48280448,-1320516.650195554,10.0,8.8,1.645,3.8499999999999996,350711,19009,14.195033368164012,4.559775815401834,5.372767732268307,1.7590795638398542,1.7590795638398542,0.0011934018852847988,0.6241408511658435,0.414675304007698,0.004322866866947414,0.7016889172025046,0.4031541883460724,131659,342667,False,True,,79.0214720357023,78.93112110447169,82.87096928752814,643485.5561132206,391210.7267132839,887728.3997621482,853312.2057699632,2253896.2670369176,2641040.6055321116,481000.0,900000.0,14087598.12699254,13375064.522898676,18943781.473637186,19905223.684055854,10996082.636337701,11644421.54884248,523640.0,405384.0,929024.0,658651.2455573323,179180.8471700228,837832.0927273552,1121400.0,490117.68754163233,689499.3184003308,1086147.9999999995,3103878.074336429,2744803.6345595433,6300000.0,22139903.399300758,23460420.04949631,68.93228471494966,70.22183891524124,SPY,2026-03-29 00:00:00,25,2,2026-07-01,1957-07-26,1956-04-11,stochastic,stochastic
110,1.1999999999999993,8.8,5.494999999999999,24.295,12.662819907321847,262459352.69545498,282824254.321269,-721533.9836214818,10.0,8.8,1.645,3.8499999999999996,290024,301631,15.155435395511162,3.5543375097831564,5.974060204269418,1.5564376639977475,1.5564376639977475,0.0032290304508832655,1.4075044743898129,0.20580230791986917,0.0016119057834844209,0.7498097359551298,0.4805436077176416,432964,905535,True,True,78.93112110447169,79.0214720357023,80.57660321567178,82.87096928752814,1360986.4997026005,408110.1383556904,947330.3993013273,912650.6497206506,3060140.221814466,2759981.049021978,481000.0,900000.0,17993006.646034453,17115252.04161829,21936318.78816535,23032078.24198938,15067992.234000873,15946370.563704778,523640.0,405384.0,929024.0,691943.9705661305,188237.8689427931,880181.8395089245,1121400.0,480583.32497429923,1433333.8479518467,1086147.9999999998,3106026.597735648,3480252.0679381974,6300000.0,25130292.190429702,25851826.174051184,68.93228471494966,70.22183891524124,SPY,2026-03-29 00:00:00,25,2,2026-07-01,1957-07-26,1956-04-11,stochastic,stochastic
111,1.1999999999999993,8.8,5.494999999999999,24.295,12.662819907321847,115989171.65125255,124989072.1923405,-124543.26445486955,10.0,8.8,1.645,3.8499999999999996,706090,965108,7.531848606917002,3.1381229476221684,2.5088233581633657,1.4790294707838363,1.4790294707838363,-0.008073810573782246,1.2900773112658275,0.11112356796857405,0.0015994701771323613,0.8670752621216564,0.38397144075402834,859001,31507,True,True,78.93112110447169,79.0214720357023,80.57660321567178,82.87096928752814,1305782.886223274,405974.0481412403,954943.8638323154,920139.1633204886,3031897.5152486735,2775083.0271528037,481000.0,900000.0,5223751.1631054245,4916468.629807713,7897018.163982624,8326928.808297805,3300202.395926405,3530643.6888585016,523640.0,405384.0,929024.0,710785.7800522337,193363.6337670581,904149.4138192915,1121399.9999999995,474864.2304985238,1369228.7692873676,1086147.9999999998,3103951.4795537503,3409318.8594140606,6300000.0,11093066.684428874,11217609.948883746,68.93228471494966,70.22183891524124,SPY,2026-03-29 00:00:00,25,2,2026-07-01,1957-07-26,1956-04-11,stochastic,stochastic
112,1.1999999999999993,8.8,5.494999999999999,24.295,11.663483849771042,132764367.0680619,143065898.51278743,-1547275.1444690898,10.0,8.8,1.645,3.8499999999999996,279876,953574,7.174381798563134,0.5383152465163299,2.244199783653857,1.064638185349789,1.064638185349789,0.0018774456195588332,0.9051410992549137,0.22884518557197542,-0.00396775428915566,1.081304179683432,0.4446374454761998,817806,485357,True,False,78.93112110447169,,80.57660321567178,79.0214720357023,195310.84573082803,431288.0588109085,1088005.7993661647,1053083.97472011,2159997.106681041,3041089.774086274,481000.0,900000.0,6203669.668146241,5572122.2965889815,7555554.74432738,8201830.8088671835,5279122.595111048,5878294.359642213,482300.0,373380.0,855680.0,771335.3529706509,209835.6648221648,981171.0177928159,1121399.9999999998,444471.4352161955,195382.03048738727,1086148.0000000002,3108520.055058669,2207520.975129382,6300000.0,10747034.689268712,12294309.8337378,68.93228471494966,70.22183891524124,SPY,2026-03-29 00:00:00,25,2,2026-07-01,1957-07-26,1956-04-11,stochastic,stochastic
113,1.1999999999999993,8.8,5.494999999999999,24.295,11.663483849771042,246382095.72368056,265499521.29927725,-1917243.5042583253,10.0,8.8,1.645,3.8499999999999996,162934,861659,13.291308163032278,0.7907217283055656,4.288383026723133,1.0962420972404083,1.0962420972404083,-0.0011146130529591566,0.5948696213689739,0.023212680137128624,-0.0034337622963684896,0.6253083615638191,0.35198263427009624,912995,670966,True,False,78.93112110447169,,80.57660321567178,79.0214720357023,200570.00137361544,431723.37102967093,1080474.0963842182,1045478.3836222637,2145613.7339826957,3025952.4800064815,481000.0,900000.0,17337675.8320926,16362608.275725257,19035777.89021763,20061094.11026575,15864361.814310454,16822481.671567008,482300.0,373380.0,855680.0,757930.6427418581,206189.01972574298,964119.6624676017,1121399.9999999998,447952.64934608893,201097.77053641152,1086148.0,3108788.8918459103,2216861.6076357057,6300000.0,22226988.998371717,24144232.502630044,68.93228471494966,70.22183891524124,SPY,2026-03-29 00:00:00,25,2,2026-07-01,1957-07-26,1956-04-11,stochastic,stochastic
114,1.1999999999999993,8.8,5.494999999999999,24.295,12.662819907321847,101080994.85291484,108924131.30539101,-950475.6298065265,10.0,8.8,1.645,3.8499999999999996,560240,253809,4.814931651738363,1.6300664064160975,1.8142340041296015,1.2272922312081733,1.2272922312081733,0.0064386369946178145,0.7418175998723802,0.15398471401898767,-0.002549342196988163,1.3187891145975659,0.32197913138185796,153258,591288,False,True,,79.0214720357023,78.93112110447169,82.87096928752814,486681.17994543706,414266.104644705,1024306.7313598223,989379.7643853414,2310965.6210382334,2913686.4957451634,481000.0,900000.0,3482630.671712172,3164598.407437928,5581193.543663943,5946447.033059378,2328194.0145326927,2546676.7937768977,523640.0,405384.0,929024.0,790320.3552039756,215000.38409755816,1005320.739301534,1121400.0,453136.7181291599,502228.91444624664,1086148.0,3107951.3309972514,2522729.19058616,6300000.0,8773242.212666692,9723717.842473216,68.93228471494966,70.22183891524124,SPY,2026-03-29 00:00:00,25,2,2026-07-01,1957-07-26,1956-04-11,stochastic,stochastic
115,1.1999999999999993,8.8,5.494999999999999,24.295,12.662819907321847,130926205.97726788,141085109.7373559,-450857.1988584623,10.0,8.8,1.645,3.8499999999999996,876113,336191,8.316153779368118,2.9015670743453237,2.7507275810232956,1.4366308536023977,1.4366308536023977,0.0051089640676534424,1.3553671693914309,0.039195885498826806,0.0005277318800832468,1.251859022184978,0.1900737434882652,534772,500619,True,True,78.93112110447169,79.0214720357023,80.57660321567178,82.87096928752814,1245171.1902423694,402206.8158433801,966650.9245099429,931941.9590828588,2946571.1112097465,2798592.883592801,481000.0,900000.0,6200776.98536037,5634780.2769294195,8468436.605699368,9163665.420816623,4101927.7919386113,4605141.708558706,523640.0,405384.0,929024.0,738389.5009191026,200873.0070861432,939262.5080052464,1121399.9999999998,465301.6247125042,1318484.3100301751,1086148.0,3105430.7843329348,3349802.4005917273,6300000.0,11663005.821366433,12113863.020224895,68.93228471494966,70.22183891524124,SPY,2026-03-29 00:00:00,25,2,2026-07-01,1957-07-26,1956-04-11,stochastic,stochastic
116,1.1999999999999993,8.8,5.494999999999999,24.295,12.662819907321847,314490598.9681067,338892739.88803935,-855417.3350447416,10.0,8.8,1.645,3.8499999999999996,244842,470387,14.81086157916167,1.7807998320088503,5.751542897159805,1.2505494966421118,1.2505494966421118,0.00492696960620994,0.7294208440359886,0.3770308347314791,-0.001958944693930535,1.0893251714146293,0.19317941916433892,697757,448113,True,True,78.93112110447169,79.0214720357023,80.57660321567178,82.87096928752814,1173521.619885311,420728.64069959964,1025302.4697954078,989968.3895197869,3017582.2565342453,2915270.859315195,481000.0,900000.0,21320781.903985452,20446326.741609205,23725524.595033146,24694840.822465684,19372343.326005764,20202497.822497677,523640.0,405384.0,929024.0,769419.9214218316,209314.5868618199,978734.5082836519,1121399.9999999998,459414.73033137363,1194214.9193337434,1086148.0,3106110.48579854,3220009.3781863363,6300000.0,26919414.109234605,27774831.444279347,68.93228471494966,70.22183891524124,SPY,2026-03-29 00:00:00,25,2,2026-07-01,1957-07-26,1956-04-11,stochastic,stochastic
117,1.1999999999999993,8.8,5.494999999999999,24.295,9.99883638952203,65217918.92657729,70278346.33958393,-1491180.250142943,10.0,8.8,1.645,3.8499999999999996,792595,891106,5.3906425750794185,3.418844475809424,1.6905208226729211,1.3995770417833944,1.3995770417833944,-0.0070785098310007285,1.3834252278886878,0.12589708195954089,0.003775366501985767,1.3693537768647408,0.16891035716954378,930590,208929,False,False,,,78.93112110447169,79.0214720357023,0.0,405421.1334796652,951590.0396607575,917038.0302429596,1803459.1637226248,2768628.069903717,481000.0,900000.0,2424456.610978551,2045889.694407625,3748330.5605368777,4176789.2680977564,702393.204087775,911886.4050223976,413400.0,320040.0,733440.0,581473.9266164973,158185.3696947946,739659.296311292,1121399.9999999998,475618.7837009993,0.0,1086148.0,3103123.8798442907,2040402.3372622265,6300000.0,6945206.680692587,8436386.93083553,68.93228471494966,70.22183891524124,SPY,2026-03-29 00:00:00,25,2,2026-07-01,1957-07-26,1956-04-11,stochastic,stochastic
118,1.1999999999999993,8.8,5.494999999999999,24.295,11.663483849771042,143170524.63726765,154279496.8267149,-1630853.4083399316,10.0,8.8,1.645,3.8499999999999996,165789,548254,9.486592904405832,2.045185960529161,2.878796600187609,1.266424830012453,1.266424830012453,-0.000676837104697554,1.2140471264834178,0.40402058566890664,-0.003114780699702109,0.6064650889352369,0.15463789015114623,501780,659500,True,False,78.93112110447169,,80.57660321567178,79.0214720357023,225633.04939228666,422080.5698288573,1022477.9289969995,987299.2872270063,2070065.1501906367,2909777.2162240054,481000.0,900000.0,8018191.766206423,7304841.139513782,9729829.477942377,10512200.539948951,6251984.769691923,6871420.975233612,482300.0,373380.0,855680.0,705819.846467566,192012.69092334146,897832.5373909078,1121399.9999999998,462145.3693572217,228987.290182003,1086148.0,3105861.8550962443,2257379.5087628863,6300000.0,12923967.622846134,14554821.031186065,68.93228471494966,70.22183891524124,SPY,2026-03-29 00:00:00,25,2,2026-07-01,1957-07-26,1956-04-11,stochastic,stochastic
119,1.1999999999999993,8.8,5.494999999999999,24.295,11.663483849771042,61150462.43310914,65895285.35153001,-1154362.8650132893,10.0,8.8,1.645,3.8499999999999996,587866,583423,1.9009046642716854,2.1591085284982103,1.2456913893204558,1.2830180581539725,1.2830180581539725,-0.009065713362656793,1.3196781481757291,0.017292131578000847,-0.001707008893265039,1.100661400741736,0.3667985028448578,93699,686109,True,False,78.93112110447169,,80.57660321567178,79.0214720357023,230404.48740395906,414323.1456350919,1003656.7997138011,968655.3832496657,2057627.425191929,2872312.1829634667,481000.0,900000.0,535919.4800836866,231435.3340743392,1904403.3645507903,2213674.8001764086,-687422.2000324482,-554352.8217048941,482300.0,373380.0,855680.0,705155.914757022,191832.07356755435,896987.9883245754,1121400.0000000002,461944.42470487626,232791.04419779795,1086148.0000000002,3106316.993941076,2261225.564553405,6300000.0,5098086.370609714,6252449.235623003,68.93228471494966,70.22183891524124,SPY,2026-03-29 00:00:00,25,2,2026-07-01,1957-07-26,1956-04-11,stochastic,stochastic
120,1.1999999999999993,8.8,5.494999999999999,24.295,9.99883638952203,156411057.69096118,168547397.16735244,-2015177.4239307884,10.0,8.8,1.645,3.8499999999999996,952038,875902,13.382621197779553,1.9422159541911288,3.511275681146096,1.2121062697992842,1.2121062697992842,0.004193966441303088,1.1729608981139676,0.23347470065933504,-0.0037340496942057195,0.5594511184539157,0.16591156188940745,376953,506740,False,False,,,78.93112110447169,79.0214720357023,0.0,421470.43824104423,1025531.0975221607,990607.1722560255,1893077.6104970698,2916138.2697781865,481000.0,900000.0,11541961.205221856,10673035.384266876,12994844.935979508,13929986.400215896,9749345.416891238,10553234.998872928,413400.0,320040.0,733440.0,618625.7851733898,168292.23814007023,786918.0233134598,1121400.0,460384.00976240594,0.0,1086147.9999999998,3107590.893821301,2027554.9341269014,6300000.0,16187254.042158207,18202431.46608899,68.93228471494966,70.22183891524124,SPY,2026-03-29 00:00:00,25,2,2026-07-01,1957-07-26,1956-04-11,stochastic,stochastic
121,1.1999999999999993,8.8,5.494999999999999,24.295,9.99883638952203,88738890.72688778,95624371.32217777,-1643290.0833254675,10.0,8.8,1.645,3.8499999999999996,531481,36653,7.393609395292899,2.1883440404641963,2.0407245467870596,1.241691232989487,1.241691232989487,-0.004389110737756616,1.1231856263668667,0.46429029939499167,-0.0009975788255336604,1.1994525652340036,0.3745314060734557,952071,495739,False,False,,,78.93112110447169,79.0214720357023,0.0,414505.8853739835,1003397.323663452,968500.4368487214,1864006.322222705,2871897.760512173,481000.0,900000.0,4344058.77956068,3817628.657618746,5602300.535194126,6167879.733022145,2885260.5307105444,3302386.6072429935,413400.0,320040.0,733440.0,613956.9064051115,167022.10670302075,780979.0131081324,1121400.0000000002,462361.4675535145,0.0,1086147.9999999998,3106844.2237371556,2029133.338239707,6300000.0,8795456.311456969,10438746.394782439,68.93228471494966,70.22183891524124,SPY,2026-03-29 00:00:00,25,2,2026-07-01,1957-07-26,1956-04-11,stochastic,stochastic
122,1.1999999999999993,8.8,5.494999999999999,24.295,12.662819907321847,127606370.35525443,137507679.46244916,-451275.42258934025,10.0,8.8,1.645,3.8499999999999996,256143,141394,7.2703643422910025,2.1148987452679346,2.4326347456318658,1.3035531394847217,1.3035531394847217,0.0017935843406298533,0.9740870305091706,0.4889084359601604,-0.004322709742402144,1.4617607071617007,0.06060193206667397,211446,59035,True,True,78.93112110447169,79.0214720357023,80.57660321567178,82.87096928752814,1160080.4919330315,415878.4303375544,1016955.3119282348,982021.4822551316,2938178.699664271,2898976.794183366,481000.0,900000.0,5997923.975768587,5506115.917203932,8485521.682578173,9065790.28255472,4375881.726943458,4805149.586419145,523640.0,405384.0,929024.0,770047.5825541308,209485.33709448058,979532.9196486118,1121399.9999999993,457856.628085777,1212111.874841497,1086148.0,3108783.7827829607,3237776.9601701675,6300000.0,11676737.899795212,12128013.322384551,68.93228471494966,70.22183891524124,SPY,2026-03-29 00:00:00,25,2,2026-07-01,1957-07-26,1956-04-11,stochastic,stochastic
123,1.1999999999999993,8.8,5.494999999999999,24.295,12.662819907321847,220253153.69788364,237343166.91999725,-545150.7340533417,10.0,8.8,1.645,3.8499999999999996,514056,316397,12.71114812498828,2.768915318815046,4.552469733283142,1.4133480422438105,1.4133480422438105,0.00486727244602147,1.181142662145085,0.3137495364346069,0.0007904823184257158,0.6837437996436304,0.3365226754127616,265957,582678,True,True,78.93112110447169,79.0214720357023,80.57660321567178,82.87096928752814,1239581.4664362755,414157.7440721525,986500.3831910735,951439.1209342309,2988343.029488745,2837939.5041253045,481000.0,900000.0,13717117.040971382,13081505.34763975,16726523.842300445,17505591.093179725,11506070.265232855,12109107.538961064,523640.0,405384.0,929024.0,730784.5209543381,198804.13260668417,929588.6535610228,1121400.0,469303.4415558699,1304313.7516750018,1086148.0,3106045.8729461553,3339962.389772093,6300000.0,19920477.96935429,20465628.70340763,68.93228471494966,70.22183891524124,SPY,2026-03-29 00:00:00,25,2,2026-07-01,1957-07-26,1956-04-11,stochastic,stochastic
124,1.1999999999999993,8.8,5.494999999999999,24.295,12.662819907321847,362631508.9735486,390769027.9105702,-1196519.6391684562,10.0,8.8,1.645,3.8499999999999996,24530,631652,14.951691575406812,0.7661658235074809,5.841548354664471,1.101505395997704,1.101505395997704,0.005809283990438336,0.7993149268097488,0.09707101632751587,-0.003619611802069456,1.1626860953078353,0.3404753313585541,318845,144438,True,True,78.93112110447169,79.0214720357023,80.57660321567178,82.87096928752814,1037735.3508202501,428300.1279673159,1078360.5286238233,1043320.5645882072,2956273.2920887563,3021681.0932120304,481000.0,900000.0,25069048.606700636,23971154.702600826,26936549.56101842,28093862.371744078,23443745.286196016,24539548.562637173,523640.0,405384.0,929024.0,829199.179429194,225577.05985523382,1054776.2392844274,1121400.0,445297.5426135511,1055523.4897052767,1086147.9999999998,3106748.655573897,3067541.8271310995,6300000.0,30129800.90544452,31326320.54461298,68.93228471494966,70.22183891524124,SPY,2026-03-29 00:00:00,25,2,2026-07-01,1957-07-26,1956-04-11,stochastic,stochastic
125,1.1999999999999993,8.8,5.494999999999999,24.295,11.663483849771042,185042437.95725098,199400360.45800805,-1721658.1111336518,10.0,8.8,1.645,3.8499999999999996,659862,940155,15.380691599952968,5.199730510829159,5.307458510937621,1.80649730661104,1.80649730661104,0.001445478928050357,0.8612150090421966,0.47810869733525574,0.004222452477608934,1.0998614189115363,0.46659946244589195,622446,879126,True,False,78.93112110447169,,80.57660321567178,79.0214720357023,305315.9283777866,397058.8410985478,884518.4281448862,849897.8989264413,1933829.4988845037,2634416.3270713277,481000.0,900000.0,13606633.669557096,12855797.662284877,18274663.41614858,19272661.062570192,10398913.197855985,11047591.873648224,482300.0,373380.0,855680.0,599106.040422502,162982.04640415823,762088.0868266601,1121400.0000000002,498300.394710081,317102.19107007235,1086147.9999999993,3104676.270746955,2381015.8060349147,6300000.0,21469987.145401627,23191645.256535277,68.93228471494966,70.22183891524124,SPY,2026-03-29 00:00:00,25,2,2026-07-01,1957-07-26,1956-04-11,stochastic,stochastic
126,1.1999999999999993,8.8,5.494999999999999,24.295,12.662819907321847,57768010.185536034,62250379.86474707,-101267.89711008803,10.0,8.8,1.645,3.8499999999999996,521007,286984,1.3137520820515114,2.671581238202436,1.179776459274519,1.3964857478772992,1.3964857478772992,-0.008156835562547721,1.015323818375923,0.10841684563341246,0.00300671361551261,1.3777946761212472,0.006202589848100966,652003,295017,True,True,78.93112110447169,79.0214720357023,80.57660321567178,82.87096928752814,1257891.3252930415,413953.60921495187,981617.4003537307,946702.7864959711,3034480.756700683,2828320.1868497017,481000.0,900000.0,431283.9653344239,97508.17923912226,1867949.4014574548,2207196.4188674614,-1102918.3750437126,-941972.5175544404,523640.0,405384.0,929024.0,725400.5484965895,197339.46560327912,922740.0140998687,1121399.9999999995,471487.4132089828,1306498.6294363507,1086148.0,3106703.6804555464,3344682.800755465,6300000.0,5061245.721001908,5162513.618111996,68.93228471494966,70.22183891524124,SPY,2026-03-29 00:00:00,25,2,2026-07-01,1957-07-26,1956-04-11,stochastic,stochastic
127,1.1999999999999993,8.8,5.494999999999999,24.295,12.662819907321847,64419315.67336046,69417777.38949715,51987.32156074839,10.0,8.8,1.645,3.8499999999999996,690015,197010,1.8546314031036903,2.335462446890535,1.2620887588188061,1.339670461596798,1.339670461596798,-0.007387113079344899,0.7597653891190999,0.43174592589247424,0.00016668631113212276,0.6888517975322483,0.14065590295360964,370274,93228,True,True,78.93112110447169,79.0214720357023,80.57660321567178,82.87096928752814,1195274.3645521123,414299.4456021781,998966.117949346,964003.5887826412,2980094.05269786,2862969.706731987,481000.0,900000.0,847580.502838212,742233.8274563177,2742635.670619557,2862219.977632855,-315635.6588087518,-352051.6616295737,523640.0,405384.0,929024.0,749607.8352709897,203924.86596679693,953532.7012377871,1121400.0000000007,464133.4216094038,1246572.7060298105,1086148.0,3104829.740235446,3276401.3688094923,6300000.0,5937805.930384111,5885818.608823362,68.93228471494966,70.22183891524124,SPY,2026-03-29 00:00:00,25,2,2026-07-01,1957-07-26,1956-04-11,stochastic,stochastic
128,1.1999999999999993,8.8,5.494999999999999,24.295,12.662819907321847,204862204.66764346,220757994.2520402,-699485.1895468291,10.0,8.8,1.645,3.8499999999999996,800595,497029,11.245075998417109,2.0139123265593195,3.8567672385580667,1.2873178087972614,1.2873178087972614,0.0012045178074184346,1.4295653217661772,0.2784090437701604,-0.0014440059198576266,1.109285751189689,0.3689240852818538,614057,293490,True,True,78.93112110447169,79.0214720357023,80.57660321567178,82.87096928752814,1156288.946602683,418893.03157749807,1019175.6674646774,984177.6651697602,2956044.794095638,2903353.332634438,481000.0,900000.0,12423070.918822844,11705868.489595285,15255103.082360359,16085178.018799268,10502457.12591663,11193048.554451194,523640.0,405384.0,929024.0,764499.6853942962,207976.07567606436,972475.7610703607,1121400.0000000002,460234.2657279613,1207633.936991796,1086148.0,3100843.0125176813,3231432.7594097615,6300000.0,18454260.069842674,19153745.259389505,68.93228471494966,70.22183891524124,SPY,2026-03-29 00:00:00,25,2,2026-07-01,1957-07-26,1956-04-11,stochastic,stochastic
129,1.1999999999999993,8.8,5.494999999999999,24.295,12.662819907321847,76886187.81051983,82851986.45729904,-12485.69522156613,10.0,8.8,1.645,3.8499999999999996,66394,134935,3.3139312207788763,2.3619523530675313,1.5112833778796335,1.344069628825612,1.344069628825612,-0.00941108667473434,0.6183128535928142,0.23203909599371159,-0.00017092257129716973,1.2808489773629164,0.46170000488420837,643761,837567,True,True,78.93112110447169,79.0214720357023,80.57660321567178,82.87096928752814,1190312.557635581,414171.5917796316,1001459.1334478259,966599.2444827589,2954972.1841066186,2868058.377930585,481000.0,900000.0,1148000.4528963272,979504.6990444164,2703773.5444350145,2889287.815472733,-118267.98358959451,-94136.23786550228,523640.0,405384.0,929024.0,752587.2375076098,204735.38871372657,957322.6262213368,1121399.9999999998,462865.02620162966,1250023.4847087057,1086148.0000000002,3106387.956049558,3279416.5318657104,6300000.0,5897385.588385457,5909871.283607023,68.93228471494966,70.22183891524124,SPY,2026-03-29 00:00:00,25,2,2026-07-01,1957-07-26,1956-04-11,stochastic,stochastic
130,1.1999999999999993,8.8,5.494999999999999,24.295,11.663483849771042,250776460.95006385,270234856.71637434,-2035256.2972453237,10.0,8.8,1.645,3.8499999999999996,475277,171814,15.649180511500639,2.7326382150930195,5.453347799171793,1.3696149240085436,1.3696149240085436,-0.002829616021537042,1.2710344867964691,0.027994887000044967,0.001220847632967141,0.5520478515210254,0.14265444678071204,230357,456396,True,False,78.93112110447169,,80.57660321567178,79.0214720357023,252727.60183372005,405894.58932752034,962889.3184360799,927867.6245175989,2043597.9738592561,2790756.942953679,481000.0,900000.0,18491625.949879043,17415563.639623452,21072743.142412897,22291679.6692848,15929598.626292353,16933525.63831502,482300.0,373380.0,855680.0,676158.0454815056,183943.43323177856,860101.4787132841,1121400.0,470780.87163139036,252632.25515454067,1086148.0000000002,3106115.0822038567,2289795.3118304363,6300000.0,24266628.06020904,26301884.357454363,68.93228471494966,70.22183891524124,SPY,2026-03-29 00:00:00,25,2,2026-07-01,1957-07-26,1956-04-11,stochastic,stochastic
131,1.1999999999999993,8.8,5.494999999999999,24.295,12.662819907321847,178712935.73523572,192579735.74876606,-1454468.4909328632,10.0,8.8,1.645,3.8499999999999996,835040,421314,11.460196354926566,3.3190611793349367,3.952308606989159,1.5122341775308268,1.5122341775308268,-0.0032554472120434365,0.9854330169069471,0.3024496077741457,0.002455730380947533,1.4176574797180277,0.11250989311823392,98911,616016,False,True,,79.0214720357023,78.93112110447169,82.87096928752814,556278.1776810224,410821.4885118104,967280.8352095538,932622.1716337085,2248144.126233955,2799903.0068432624,481000.0,900000.0,10791255.450728053,9987433.878545526,13969348.30544681,14955858.968360879,8137022.474941992,8877810.747505188,523640.0,405384.0,929024.0,709545.3499727118,193026.18460256772,902571.5345752796,1121400.0,474610.2697575689,595971.496529142,1086148.0000000007,3103551.9018495274,2635594.0738307326,6300000.0,17165796.403597284,18620264.894530147,68.93228471494966,70.22183891524124,SPY,2026-03-29 00:00:00,25,2,2026-07-01,1957-07-26,1956-04-11,stochastic,stochastic
132,1.1999999999999993,8.8,5.494999999999999,24.295,12.662819907321847,171608284.09981662,184923815.77348757,-311778.63267282024,10.0,8.8,1.645,3.8499999999999996,492993,463916,10.078126405981935,2.3652498277737966,3.3745279850524317,1.3446181692443382,1.3446181692443382,-0.00972525621950469,1.28345358292502,0.18367717577893003,-0.0026685452045674364,1.2244240945861158,0.0885154426677823,460257,404480,True,True,78.93112110447169,79.0214720357023,80.57660321567178,82.87096928752814,1193177.0082070157,409113.2565360054,990341.3413654905,955223.4655522725,2946334.0633503054,2845564.8069177633,481000.0,900000.0,9498641.381175455,9111582.568439472,12476405.672014652,12963981.50874253,7837385.910376476,8155903.515488277,523640.0,405384.0,929024.0,754079.9224662343,205141.46181728237,959221.3842835171,1121400.0,462183.27610559633,1254810.5558768078,1086148.0000000002,3109259.133972819,3285056.3380278763,6300000.0,15667146.538041834,15978925.170714654,68.93228471494966,70.22183891524124,SPY,2026-03-29 00:00:00,25,2,2026-07-01,1957-07-26,1956-04-11,stochastic,stochastic
133,1.1999999999999993,8.8,5.494999999999999,24.295,12.662819907321847,129933469.37052923,140015344.1235388,-188255.246676947,10.0,8.8,1.645,3.8499999999999996,462354,661484,6.783968578448807,1.5069503128122053,2.2965543313105243,1.2085924577132072,1.2085924577132072,-0.003627138785835742,1.2157488070737321,0.012088098370029964,-0.003557192768327815,1.0069204746368934,0.1351099646219913,926619,622982,True,True,78.93112110447169,79.0214720357023,80.57660321567178,82.87096928752814,1136686.8604727446,415055.65759517904,1023991.7748877361,989168.5709276574,2986294.5404384565,2913160.3458153936,481000.0,900000.0,4849696.937265479,4617883.927129004,6763245.728424585,7022993.222630278,3847264.634452027,3981483.0413688817,523640.0,405384.0,929024.0,788470.2396731006,214497.07484183233,1002967.314514933,1121399.9999999998,454064.384814104,1156893.7125992433,1086148.0,3105541.4723058306,3177033.7198345764,6300000.0,9957704.256118756,10145959.5027957,68.93228471494966,70.22183891524124,SPY,2026-03-29 00:00:00,25,2,2026-07-01,1957-07-26,1956-04-11,stochastic,stochastic
134,1.1999999999999993,8.8,5.494999999999999,24.295,12.662819907321847,214583884.24931663,231234004.1568099,-332253.8284524735,10.0,8.8,1.645,3.8499999999999996,495491,4846,14.13089724003267,4.2778845262038345,5.334670484742609,1.6999442804729035,1.6999442804729035,0.0019652929185094477,0.6662298372672124,0.1389102908257894,0.004497685890563292,0.8332696221604554,0.2941845350205505,272904,677279,True,True,78.93112110447169,79.0214720357023,80.57660321567178,82.87096928752814,1428193.660161132,397553.9447899,911076.2447927914,876350.6996047472,3051368.540042376,2687426.9443975384,481000.0,900000.0,14265226.093401542,13673484.86610054,19178049.2203615,19992725.14156915,11427605.156616554,12004455.446720513,523640.0,405384.0,929024.0,671679.9679503012,182725.2077579084,854405.1757082092,1121400.0,485883.5698611168,1535373.8485489208,1086148.0000000002,3104187.1243183254,3586609.2170734997,6300000.0,22373862.096043177,22706115.92449565,68.93228471494966,70.22183891524124,SPY,2026-03-29 00:00:00,25,2,2026-07-01,1957-07-26,1956-04-11,stochastic,stochastic
135,1.1999999999999993,8.8,5.494999999999999,24.295,12.662819907321847,191066948.66885588,205892328.57482818,-653128.5779849961,10.0,8.8,1.645,3.8499999999999996,695389,609770,11.687544259632276,2.984906857552927,4.055646228404819,1.451438660855843,1.451438660855843,0.0016167831085500736,0.9172885352485665,0.11520181148960867,0.0006107682886085106,1.4900985027801092,0.10430647845763258,161377,269612,True,True,78.93112110447169,79.0214720357023,80.57660321567178,82.87096928752814,1281610.0582307607,411749.98742690723,972476.9171345931,937722.1854358311,3017895.3706700685,2810199.1025704243,481000.0,900000.0,11538232.265028568,10762154.877626605,14502130.301877253,15434252.564657725,9074227.32560315,9813894.427722836,523640.0,405384.0,929024.0,716590.1351137285,194942.6625234891,911532.7976372174,1121400.0000000002,473214.5240124594,1345378.1007360204,1086147.9999999995,3105827.345961103,3384821.03075658,6300000.0,17696302.95591615,18349431.533901144,68.93228471494966,70.22183891524124,SPY,2026-03-29 00:00:00,25,2,2026-07-01,1957-07-26,1956-04-11,stochastic,stochastic
136,1.1999999999999993,8.8,5.494999999999999,24.295,12.662819907321847,52181236.58151302,56230114.012560055,-472974.2590924306,10.0,8.8,1.645,3.8499999999999996,851155,429755,1.502378925824721,3.6920397279945005,1.2079032020532048,1.5828580014885798,1.5828580014885798,-0.008825512775037701,0.9802098918426332,0.38854538806780753,0.0032857944795949617,0.9153108653230257,0.3028498001124635,10849,369928,False,True,,79.0214720357023,78.93112110447169,82.87096928752814,582480.5551731861,397606.8554183831,931091.1005044124,896374.4867289488,2237432.835753048,2727465.5872333613,481000.0,900000.0,574038.901060827,554232.9497676896,2679175.5108612063,2711979.441375101,-905866.7736717799,-1146617.6585624705,523640.0,405384.0,929024.0,700989.423171586,190698.61257884325,891688.0357504288,1121400.0,476388.3674515591,622394.9728451548,1086147.9999999995,3104441.322166406,2664270.99358787,6300000.0,5874734.188694801,6347708.447787231,68.93228471494966,70.22183891524124,SPY,2026-03-29 00:00:00,25,2,2026-07-01,1957-07-26,1956-04-11,stochastic,stochastic
137,1.1999999999999993,8.8,5.494999999999999,24.295,11.663483849771042,204637814.34163526,220516192.89888436,-1766494.8921430372,10.0,8.8,1.645,3.8499999999999996,553825,292500,15.602689848004214,4.496674018323632,5.427826530606574,1.6705601715250733,1.6705601715250733,-0.008398653246007363,1.0973342882198671,0.05567050384406661,0.004790234695210028,0.7604689034983513,0.30208619136517023,797827,180579,True,False,78.93112110447169,,80.57660321567178,79.0214720357023,282458.0481127206,404046.78050940763,919637.932963688,884889.9682332629,1950655.7524796291,2704527.901196951,481000.0,900000.0,15423071.098031469,14687342.335992241,21437168.217082467,22446919.544333007,12369318.99011924,13064412.859738212,482300.0,373380.0,855680.0,622261.7156106759,169281.36417664652,791543.0797873222,1121400.0000000005,489248.1233887186,293351.4437116867,1086147.9999999998,3105277.8777890466,2348534.312896551,6300000.0,24631890.33929342,26398385.231436457,68.93228471494966,70.22183891524124,SPY,2026-03-29 00:00:00,25,2,2026-07-01,1957-07-26,1956-04-11,stochastic,stochastic
138,1.1999999999999993,8.8,5.494999999999999,24.295,11.663483849771042,87578396.1985336,94373831.01467907,-1289180.7000902924,10.0,8.8,1.645,3.8499999999999996,33857,296246,6.223819511250861,3.2641979028452006,2.0226573768698723,1.454612740503005,1.454612740503005,0.008168669634917908,0.7134700671762688,0.3393781424885383,0.0035517239821751803,0.6129619675981159,0.13415988710857593,216859,222315,True,False,78.93112110447169,,80.57660321567178,79.0214720357023,252391.71581089322,410509.6500307108,961294.4128474896,926518.2709940018,2014449.2965942763,2787812.683841491,481000.0,900000.0,3761873.974725821,3358476.1031744382,5862532.950126251,6349690.351657531,1851997.6342483268,2099467.887066947,482300.0,373380.0,855680.0,658344.9163519569,179097.5127393929,837442.4290913502,1121400.0000000002,477033.9197251467,259177.7782890166,1086148.0,3102897.634644053,2300874.3360850406,6300000.0,9059635.3154822,10348816.015572492,68.93228471494966,70.22183891524124,SPY,2026-03-29 00:00:00,25,2,2026-07-01,1957-07-26,1956-04-11,stochastic,stochastic
139,1.1999999999999993,8.8,5.494999999999999,24.295,11.663483849771042,214224029.5015862,230846227.34624633,-1957065.0052813552,10.0,8.8,1.645,3.8499999999999996,675961,516761,13.499687279648853,2.1939054487265075,4.381314453837624,1.2881258403026912,1.2881258403026912,0.003870708037180237,1.4843182426035113,0.28426189785660455,-0.0013002551526247576,1.2284207648753918,0.19879828609666222,124960,191721,True,False,78.93112110447169,,80.57660321567178,79.0214720357023,228498.32626696798,417956.4076925188,1011290.7258126272,976168.6560797293,2054315.08041333,2887459.381892356,481000.0,900000.0,14717423.40644592,13713736.710100336,16811353.175599776,17923745.664207034,12512176.119600527,13448134.293663919,482300.0,373380.0,855680.0,703539.4467871926,191392.32627760267,894931.7730647951,1121400.0,462558.1322170431,232289.3169429235,1086147.9999999998,3105657.711815414,2260985.195141316,6300000.0,20005695.463784363,21962760.46906572,68.93228471494966,70.22183891524124,SPY,2026-03-29 00:00:00,25,2,2026-07-01,1957-07-26,1956-04-11,stochastic,stochastic
140,1.1999999999999993,8.8,5.494999999999999,24.295,12.662819907321847,89051615.0672033,95961360.75482519,105312.65703783836,10.0,8.8,1.645,3.8499999999999996,399739,924700,6.4463132277565505,4.24949762243263,2.206249242191763,1.694091889727831,1.694091889727831,-0.0026442374989160654,0.6533926370960446,0.06432749309302538,0.002978224271995609,0.5074705977224672,0.46840746645393055,452970,86630,True,True,78.93112110447169,79.0214720357023,80.57660321567178,82.87096928752814,1389499.3141368122,400490.93310208747,921701.7156064503,886991.3319000097,3009168.104586176,2708693.04750646,481000.0,900000.0,3191107.0481200656,2919578.657721219,5323193.8607819555,5673330.272509026,1024323.5105610177,1151572.7873154602,523640.0,405384.0,929024.0,676761.0911301437,184107.4870173503,860868.5781474945,1121400.0,484185.61866671965,1510467.6260662065,1086148.0000000007,3104979.404227244,3560428.4729921534,6300000.0,8518214.456554713,8412901.799516873,68.93228471494966,70.22183891524124,SPY,2026-03-29 00:00:00,25,2,2026-07-01,1957-07-26,1956-04-11,stochastic,stochastic
141,1.1999999999999993,8.8,5.494999999999999,24.295,12.662819907321847,144769159.9713172,156002174.42094344,-1114396.8718071952,10.0,8.8,1.645,3.8499999999999996,54516,467859,10.573659680800617,4.216007485010942,3.5720812420962473,1.6872112537540829,1.6872112537540829,-0.0035555901102515552,1.0546341923857974,0.42014312993018116,0.0019627593693352,0.9916940313359417,0.4937541119880524,750430,288614,False,True,,79.0214720357023,78.93112110447169,82.87096928752814,607474.9758019762,396365.70668042486,913367.9159252031,878772.7714349483,2226646.7641135817,2692140.6873601517,481000.0,900000.0,8359403.5235134605,7828574.621401022,11924598.799113827,12639902.901504442,5742202.029761235,6161003.9014848005,523640.0,405384.0,929024.0,677944.8691908757,184429.52444947208,862374.3936403475,1121400.0000000002,483545.3409114063,656667.0133854174,1086147.9999999998,3105196.237093227,2706103.467676647,6300000.0,15119402.562020598,16233799.433827795,68.93228471494966,70.22183891524124,SPY,2026-03-29 00:00:00,25,2,2026-07-01,1957-07-26,1956-04-11,stochastic,stochastic
142,1.1999999999999993,8.8,5.494999999999999,24.295,11.663483849771042,80968979.5419247,87251572.58415923,-1363086.3315837407,10.0,8.8,1.645,3.8499999999999996,433297,334207,5.115442469983922,2.8763114185734517,1.7896829422810883,1.392129014625519,1.392129014625519,-0.004569413913381078,0.8094762384231386,0.22198488685751605,0.0006722685468124002,1.2713141631020162,0.45363517929139535,724478,922940,True,False,78.93112110447169,,80.57660321567178,79.0214720357023,246417.40457376398,410603.78093676997,973549.657065833,938794.7386814104,2028090.7571523052,2812344.3957472434,481000.0,900000.0,2654676.068446915,2165679.1163031473,4045746.7870813496,4590873.107061117,856500.140339744,1180107.3935142446,482300.0,373380.0,855680.0,674344.4645275009,183450.06291791087,857794.5274454118,1121400.0,471513.53379378974,250769.99848486047,1086148.0,3107211.9367407174,2289251.925136744,6300000.0,7238534.850340633,8601621.181924373,68.93228471494966,70.22183891524124,SPY,2026-03-29 00:00:00,25,2,2026-07-01,1957-07-26,1956-04-11,stochastic,stochastic
143,1.1999999999999993,8.8,5.494999999999999,24.295,12.662819907321847,183753771.89094114,198011703.45062715,-515275.80100762285,10.0,8.8,1.645,3.8499999999999996,325265,840155,10.675434266789807,2.3665758391352876,3.6139513891584407,1.3448388115711871,1.3448388115711871,-0.00768694373989183,0.7388358365919488,0.369653890609757,0.0023458596873938663,1.4973860366468696,0.02991730545816763,898383,240036,True,True,78.93112110447169,79.0214720357023,80.57660321567178,82.87096928752814,1193597.3391316168,409701.16040538496,993208.3709213174,958615.445302845,2956813.112469206,2851823.8162241625,481000.0,900000.0,10383991.338978708,9808218.845918497,12920339.354790533,13605797.10229168,8499377.308083491,9021145.527385075,523640.0,405384.0,929024.0,755182.2391463497,205441.33832692998,960623.5774732792,1121399.9999999993,461778.9590989148,1248647.1574218313,1086147.9999999995,3107213.2816813802,3277395.2281749044,6300000.0,16113126.07310915,16628401.874116777,68.93228471494966,70.22183891524124,SPY,2026-03-29 00:00:00,25,2,2026-07-01,1957-07-26,1956-04-11,stochastic,stochastic
144,1.1999999999999993,8.8,5.494999999999999,24.295,12.662819907321847,112567402.77959642,121301799.40267994,25567.717255154625,10.0,8.8,1.645,3.8499999999999996,652337,194734,8.503322205729846,4.316220085262024,2.811545527118659,1.7078772937541915,1.7078772937541915,-0.0008860534559228545,1.4594473741785619,0.4477211624409078,0.004866555413047255,0.6403522395486474,0.23347886176507074,352006,464135,True,True,78.93112110447169,79.0214720357023,80.57660321567178,82.87096928752814,1411260.277488699,399963.8225791815,918789.911584253,884075.4617613333,3026222.1149783176,2702865.3733455865,481000.0,900000.0,5484521.763598661,5181557.647503181,8523670.052055953,8972505.482889906,3145616.024916493,3364100.142685973,523640.0,405384.0,929024.0,673729.7946841903,183282.84686237742,857012.6415465674,1121400.0000000005,484956.04172091064,1527900.00052085,1086148.0000000002,3103365.67240427,3577768.8204933773,6300000.0,11720304.379651682,11694736.662396528,68.93228471494966,70.22183891524124,SPY,2026-03-29 00:00:00,25,2,2026-07-01,1957-07-26,1956-04-11,stochastic,stochastic
145,1.1999999999999993,8.8,5.494999999999999,24.295,12.662819907321847,137844139.20645702,148539823.34118026,-555748.5319701303,10.0,8.8,1.645,3.8499999999999996,211600,313762,7.646981023767552,1.8509803933119962,2.5430612675358595,1.2615158392599424,1.2615158392599424,0.0027875336458263456,0.7050483538381178,0.14798584486246386,-0.0010767965236949855,1.4583996011337006,0.38795011828897885,39509,177891,True,True,78.93112110447169,79.0214720357023,80.57660321567178,82.87096928752814,1115934.7040816701,419794.92872889386,1033232.7829303005,997802.0987000238,2921753.226942599,2931034.881630324,481000.0,900000.0,6765229.913765854,6214885.05440786,9292119.38602138,9931274.708368553,5175068.933792166,5689722.182506038,523640.0,405384.0,929024.0,783791.7208841973,213224.32091363257,997016.0417978293,1121400.0,455041.76139127073,1168199.6505973767,1086148.0000000002,3106333.5834139483,3189740.3737909915,6300000.0,12485785.802607432,13041534.33457756,68.93228471494966,70.22183891524124,SPY,2026-03-29 00:00:00,25,2,2026-07-01,1957-07-26,1956-04-11,stochastic,stochastic
146,1.1999999999999993,8.8,5.494999999999999,24.295,11.663483849771042,125945344.26874988,135717770.0555288,-1609324.3087981548,10.0,8.8,1.645,3.8499999999999996,93302,74081,11.648213270834695,5.2095590235138545,3.616352330280835,1.8084673404858982,1.8084673404858982,0.002258568946017671,0.845422201408736,0.4120168779949026,0.004900896597573231,1.1861823136866416,0.421442975314983,406336,228421,True,False,78.93112110447169,,80.57660321567178,79.0214720357023,304911.99461019284,392031.65212160564,876726.517556216,842146.847964867,1919761.7924924928,2618873.365521083,481000.0,900000.0,7962921.878347429,7291935.805464077,11269626.300394543,12153016.804524656,4924303.618011486,5453170.826833478,482300.0,373380.0,855680.0,603397.2603988976,164149.4387623293,767546.6991612264,1121400.0000000002,496271.57004099427,317250.5284171087,1086148.0000000002,3105520.106953531,2379586.3022854906,6300000.0,14464106.193441011,16073430.502239166,68.93228471494966,70.22183891524124,SPY,2026-03-29 00:00:00,25,2,2026-07-01,1957-07-26,1956-04-11,stochastic,stochastic
147,1.1999999999999993,8.8,5.494999999999999,24.295,11.663483849771042,110805933.91716586,119403653.60444225,-1384458.0679434063,10.0,8.8,1.645,3.8499999999999996,2947,982304,6.241216330197341,1.2194116286267542,2.0265254655233584,1.1518902417458579,1.1518902417458579,-0.004181643154761422,1.1913863326846985,0.4374034697112362,-0.00410141138494972,0.759821480995677,0.3342395719349101,141615,965388,True,False,78.93112110447169,,80.57660321567178,79.0214720357023,207594.61089302844,426920.551378842,1059792.3854264698,1024650.250225483,2109686.1942240177,2984442.635651953,481000.0,900000.0,4814236.333665905,4340122.004385912,6484622.990986487,6990677.796489595,3713870.064435937,4116508.5280696596,482300.0,373380.0,855680.0,743418.1684728602,202241.0162085677,945659.184681428,1121399.9999999998,451492.17235975905,209511.03912442442,1086148.0000000002,3105413.9344439926,2227010.6720036953,6300000.0,9679209.056542493,11063667.1244859,68.93228471494966,70.22183891524124,SPY,2026-03-29 00:00:00,25,2,2026-07-01,1957-07-26,1956-04-11,stochastic,stochastic
148,1.1999999999999993,8.8,5.494999999999999,24.295,11.663483849771042,164399749.18195298,177155951.94255266,-1748955.4440919347,10.0,8.8,1.645,3.8499999999999996,775237,535314,12.833463962137248,3.9256070041671087,4.090493868943987,1.5670997726167217,1.5670997726167217,-0.0024287953554602074,0.6045994256323661,0.24459419258947906,0.00499617553894204,0.8867292117224345,0.25260932675838843,909004,109598,True,False,78.93112110447169,,80.57660321567178,79.0214720357023,265866.1678664375,406870.70252933796,938795.6375195447,904058.6219111515,1971822.8284704997,2742854.2594306963,481000.0,900000.0,10781532.953105932,9961543.78617299,13244438.676300634,14214708.613584278,8084911.9901288105,8774566.685137324,482300.0,373380.0,855680.0,639035.3840124537,173844.5076226694,812879.8916351231,1121399.9999999995,483406.2921244752,276264.69098261057,1086148.0,3103158.5988635737,2324473.0920552835,6300000.0,16441280.07743706,18190235.521528997,68.93228471494966,70.22183891524124,SPY,2026-03-29 00:00:00,25,2,2026-07-01,1957-07-26,1956-04-11,stochastic,stochastic
149,1.1999999999999993,8.8,5.494999999999999,24.295,12.662819907321847,173161865.9197629,186597944.0346482,-778892.4008249622,10.0,8.8,1.645,3.8499999999999996,731232,216641,8.414670219734921,0.7466407489701066,2.782586491791248,1.0988049461623375,1.0988049461623375,-0.0017339627030450427,1.3392056515871245,0.2759776600035235,-0.0047409324102927666,1.2690881724737326,0.31066854686567824,515940,930747,True,True,78.93112110447169,79.0214720357023,80.57660321567178,82.87096928752814,1040430.7988773163,431752.0457701079,1084474.8959382544,1049296.3695414974,2973939.4920181935,3033771.265479752,481000.0,900000.0,8287412.387113374,7572434.336896169,9778172.343841035,10519596.770197928,7122535.415576869,7808458.236245453,523640.0,405384.0,929024.0,826146.5095469116,224746.60522643427,1050893.1147733459,1121399.9999999998,446382.8725221632,1054343.2771067158,1086148.0,3102809.8417356852,3065341.867267616,6300000.0,12975362.50210535,13754254.902930312,68.93228471494966,70.22183891524124,SPY,2026-03-29 00:00:00,25,2,2026-07-01,1957-07-26,1956-04-11,stochastic,stochastic
150,1.1999999999999993,8.8,5.494999999999999,24.295,12.662819907321847,110780282.429138,119376011.75095445,-444696.0023533129,10.0,8.8,1.645,3.8499999999999996,670468,741364,5.532191904531447,1.5880123076192687,1.9779234287027911,1.2208749891430182,1.2208749891430182,-0.007594756103507732,0.6840386743939466,0.3816720946934277,-0.0034943438464749774,1.3957462430400132,0.2728703456212169,991675,758267,True,True,78.93112110447169,79.0214720357023,80.57660321567178,82.87096928752814,1157487.601253839,419611.8245556064,1030651.7472888718,995777.2824608783,3010211.899491671,2926429.02974975,481000.0,900000.0,3614756.7961141663,3105688.6170617617,5086961.948742892,5620491.253954662,2290638.7027265457,2691612.6928555802,523640.0,405384.0,929024.0,780498.7573389284,212328.49629974,992827.2536386689,1121399.9999999998,456139.3430329511,1172558.0930274767,1086148.0000000002,3106396.973464852,3195230.2763233096,6300000.0,8280564.97527804,8725260.977631353,68.93228471494966,70.22183891524124,SPY,2026-03-29 00:00:00,25,2,2026-07-01,1957-07-26,1956-04-11,stochastic,stochastic
151,1.1999999999999993,8.8,5.494999999999999,24.295,12.662819907321847,181978456.9773723,196098637.25024617,-1311061.9753226563,10.0,8.8,1.645,3.8499999999999996,193562,575473,11.166596035053944,2.899701232313734,3.8224448623255007,1.4363009291693012,1.4363009291693012,0.0008945998687301497,1.1793108573272177,0.45673867759660325,0.0018044185426661372,0.7502320960836735,0.16264641306987787,868489,987041,False,True,,79.0214720357023,78.93112110447169,82.87096928752814,556631.8771778721,412608.0448366227,975193.9538601268,940033.0714863501,2303901.9708055984,2815227.025346477,481000.0,900000.0,10805906.793243138,10115596.72397906,13546886.961722111,14370993.843489908,8531543.552904403,9130475.583707752,523640.0,405384.0,929024.0,719516.7105306019,195738.8141531103,915255.5246837126,1121399.9999999993,472608.1509829378,580733.1258984865,1086148.0,3107325.406665051,2620370.313110191,6300000.0,16739561.555057062,18050623.530379716,68.93228471494966,70.22183891524124,SPY,2026-03-29 00:00:00,25,2,2026-07-01,1957-07-26,1956-04-11,stochastic,stochastic
152,1.1999999999999993,8.8,5.494999999999999,24.295,12.662819907321847,65657748.57350391,70752303.50911468,-691015.5361972679,10.0,8.8,1.645,3.8499999999999996,647709,179697,2.1786208199217505,2.5067645914023107,1.3138943980849553,1.3683546254474483,1.3683546254474483,-9.025837484491657e-05,1.2331116451696096,0.16640753689175639,0.0025215256508783965,0.6492123510804385,0.0793764719447357,599365,525419,False,True,,79.0214720357023,78.93112110447169,82.87096928752814,539792.7660296506,408841.57533528545,978263.2801258492,943462.653506793,2314208.730506015,2821725.933632642,481000.0,900000.0,829743.0705525681,650394.4707408757,2637917.2305422714,2815419.1768880608,-429770.70745926595,-454742.2352553426,523640.0,405384.0,929024.0,737320.5775329568,200582.2149572567,937902.7924902134,1121400.0000000002,467378.6890605554,558539.6097750325,1086148.0,3105468.5246261554,2591954.934774677,6300000.0,5832448.705916117,6523464.2421133835,68.93228471494966,70.22183891524124,SPY,2026-03-29 00:00:00,25,2,2026-07-01,1957-07-26,1956-04-11,stochastic,stochastic
153,1.1999999999999993,8.8,5.494999999999999,24.295,12.662819907321847,289983773.89840424,312484366.72496563,-1676752.2292353362,10.0,8.8,1.645,3.8499999999999996,454320,387076,15.259081782282923,2.8346958722387683,6.042527497743222,1.4248499386215878,1.4248499386215878,0.007574336687849686,1.150750414239663,0.3171838165627918,-0.0007793642843826522,1.260974071517865,0.13859567059810365,313410,955870,False,True,,79.0214720357023,78.93112110447169,82.87096928752814,536642.8763134355,417957.40621880675,995417.475467227,960415.7562932835,2275037.3920502057,2855833.2317605102,481000.0,900000.0,20065667.564480543,19066355.61361669,23478684.10569955,24653305.04626183,17390563.14504322,18347264.389036935,523640.0,405384.0,929024.0,728684.8883937597,198232.94422210596,926917.8326158656,1121399.9999999998,469560.6780018069,567667.3706663734,1086147.9999999995,3105312.686413156,2603181.397740101,6300000.0,26673371.419286393,28350123.64852173,68.93228471494966,70.22183891524124,SPY,2026-03-29 00:00:00,25,2,2026-07-01,1957-07-26,1956-04-11,stochastic,stochastic
154,1.1999999999999993,8.8,5.494999999999999,24.295,12.662819907321847,155355457.3085324,167409890.0145093,-630323.8393055564,10.0,8.8,1.645,3.8499999999999996,380826,113958,8.25998519617377,1.4684293329934262,2.732714131660233,1.2027957339721642,1.2027957339721642,-0.009980058469649656,1.1325145452128385,0.2938738305891567,-0.004560790748154571,0.6954555636233903,0.1714370501024124,70957,628915,True,True,78.93112110447169,79.0214720357023,80.57660321567178,82.87096928752814,1076216.8413995586,427028.09729311056,1055603.6504981618,1020751.7721586745,2928895.357793196,2976355.4226568365,481000.0,900000.0,7981359.582891047,7390828.187767171,10238724.773512997,10905264.405830812,6524659.286935887,7094959.156450044,523640.0,405384.0,929024.0,794440.0462248228,216121.1133638781,1010561.159588701,1121400.0000000002,453363.06214825355,1122832.0320590972,1086147.9999999998,3106644.3510157107,3142860.14402797,6300000.0,13432080.422497286,14062404.261802841,68.93228471494966,70.22183891524124,SPY,2026-03-29 00:00:00,25,2,2026-07-01,1957-07-26,1956-04-11,stochastic,stochastic
155,1.1999999999999993,8.8,5.494999999999999,24.295,12.662819907321847,266188207.6654264,286842440.8157623,-1681266.902283892,10.0,8.8,1.645,3.8499999999999996,889462,832362,13.05106527078057,1.548805782654572,4.729468612738551,1.2149201238428031,1.2149201238428031,-0.0010613220837421104,0.8864632713271869,0.4621323420271568,-0.0020557377498623968,1.1226671031678284,0.42645225682679155,626599,974712,False,True,,79.0214720357023,78.93112110447169,82.87096928752814,478790.88654707925,425375.2069479777,1048896.8435929324,1013860.7069345188,2329583.7812161064,2962757.550527451,481000.0,900000.0,17380597.36266409,16391942.88105238,19797679.208726857,20888226.771067396,15409048.427183388,16368038.147953195,523640.0,405384.0,929024.0,788932.0869821359,214622.71673904904,1003554.8037211852,1121400.0000000002,454493.3884794462,495116.64700065204,1086147.9999999998,3107396.300432232,2516676.960488879,6300000.0,22990282.908294626,24671549.810578518,68.93228471494966,70.22183891524124,SPY,2026-03-29 00:00:00,25,2,2026-07-01,1957-07-26,1956-04-11,stochastic,stochastic
156,1.1999999999999993,8.8,5.494999999999999,24.295,12.662819907321847,118031800.29796869,127190193.69145924,-137414.27113728505,10.0,8.8,1.645,3.8499999999999996,749573,955553,7.760147176248178,3.2147443081352645,2.577133369088951,1.493007719078372,1.493007719078372,-0.002939909831740607,0.9752907628949063,0.35279509597733977,0.0017381226775685732,0.8573949490723451,0.2393508494746771,770390,662796,True,True,78.93112110447169,79.0214720357023,80.57660321567178,82.87096928752814,1297574.094790446,408949.0212200624,963727.8553075563,928933.1595312911,3008954.2557635745,2792661.0148388473,481000.0,900000.0,5691717.423766396,5370341.81368162,8700404.969025781,9142761.962791815,3743643.6729241903,3987590.381165544,523640.0,405384.0,929024.0,712420.8170520343,193808.43261433108,906229.2496663659,1121400.0,473985.3359537825,1370006.9126111309,1086148.0,3104647.220387939,3409589.9430166883,6300000.0,11895757.748637842,12033172.019775126,68.93228471494966,70.22183891524124,SPY,2026-03-29 00:00:00,25,2,2026-07-01,1957-07-26,1956-04-11,stochastic,stochastic
157,1.1999999999999993,8.8,5.494999999999999,24.295,12.662819907321847,106083869.45301373,114315191.9161272,-1167344.0628551394,10.0,8.8,1.645,3.8499999999999996,760767,672288,5.332925483715978,1.7435523071434256,1.9311344879690355,1.244764969131573,1.244764969131573,-0.009858152861190465,1.438691541975639,0.09052027285807945,-0.0021405203333318603,1.4547689132238708,0.45994866485443026,659090,604871,False,True,,79.0214720357023,78.93112110447169,82.87096928752814,493970.1433144988,427628.68731001037,1042167.2939819106,1007074.2787732282,2343144.1057100687,2949241.572755139,481000.0,900000.0,3882408.477894331,3347622.4618897955,5755204.402291883,6351755.744163332,2372707.4016069057,2827121.1555237444,523640.0,405384.0,929024.0,770884.6795075748,209713.0626811141,980597.7421886886,1121400.0000000005,459618.12775045296,509782.96178788994,1086148.0000000005,3107105.1109065176,2536312.389922827,6300000.0,8948099.291385366,10115443.354240503,68.93228471494966,70.22183891524124,SPY,2026-03-29 00:00:00,25,2,2026-07-01,1957-07-26,1956-04-11,stochastic,stochastic
158,1.1999999999999993,8.8,5.494999999999999,24.295,12.662819907321847,197638316.34348303,212973585.70420882,-772538.2111703288,10.0,8.8,1.645,3.8499999999999996,223505,26864,10.687821318631553,1.7909787259801968,3.6190781721107825,1.252134577180309,1.252134577180309,0.0009382706923367762,0.6364172774929534,0.3053806145632937,-0.003288042053839656,0.6792154765869293,0.15078926093914247,862966,942307,True,True,78.93112110447169,79.0214720357023,80.57660321567178,82.87096928752814,1125587.543870555,421159.4269712299,1030666.954817919,995731.0143892963,2953387.6499373415,2926397.969207215,481000.0,900000.0,10894131.939925523,10103933.394684847,12647272.564615812,13509919.34702543,9075062.511808095,9816295.945447573,523640.0,405384.0,929024.0,776344.8952196472,211198.471057124,987543.3662767706,1121400.0,457701.5115697701,1171692.9315468746,1086148.0000000002,3105154.8847007635,3195263.4559400524,6300000.0,15842117.679915048,16614655.891085379,68.93228471494966,70.22183891524124,SPY,2026-03-29 00:00:00,25,2,2026-07-01,1957-07-26,1956-04-11,stochastic,stochastic
159,1.1999999999999993,8.8,5.494999999999999,24.295,12.662819907321847,107405440.91782719,115739307.53719193,-252157.68893340975,10.0,8.8,1.645,3.8499999999999996,72032,676467,7.346247337228662,3.586968291847392,2.4545222819094916,1.5626614078683638,1.5626614078683638,-0.003913963876084754,1.322232225900221,0.2666266228986862,0.0034858055699082567,1.1799955187664288,0.3166198314512441,600934,331782,True,True,78.93112110447169,79.0214720357023,80.57660321567178,82.87096928752814,1342092.004712075,395142.3576763296,926590.2366227724,891672.830548076,3007631.6680031284,2718263.067170848,481000.0,900000.0,4735560.414452335,4241625.433080204,7022881.217722475,7636104.413249932,2492916.7091633454,2885941.8291108003,523640.0,405384.0,929024.0,704645.313147587,191693.16844961542,896338.4815972025,1121400.0000000002,475509.1978688712,1425509.8033407175,1086147.9999999998,3106588.919221926,3467654.425815974,6300000.0,10216292.298500549,10468449.987433959,68.93228471494966,70.22183891524124,SPY,2026-03-29 00:00:00,25,2,2026-07-01,1957-07-26,1956-04-11,stochastic,stochastic
160,1.1999999999999993,8.8,5.494999999999999,24.295,12.662819907321847,227211896.0006884,244841856.07926035,-939629.3130748626,10.0,8.8,1.645,3.8499999999999996,643560,737753,10.979679747811888,0.9419922105055711,3.7418288438506515,1.1261002187016724,1.1261002187016724,-0.004243599288537648,0.7721948326485082,0.39833380730469636,-0.002409393643410919,1.4440385579130819,0.38167243710773296,946635,696686,True,True,78.93112110447169,79.0214720357023,80.57660321567178,82.87096928752814,1061724.1633483947,432188.68094335333,1078389.697308478,1043284.6165086739,2981763.7002940704,3021674.313817152,481000.0,900000.0,13735381.09565747,12862257.614293087,15581425.791766893,16508170.82274413,12260318.9432098,13115939.74105178,523640.0,405384.0,929024.0,813684.0983080153,221356.30509623841,1035040.4034042539,1121400.0000000002,449289.83015467215,1077930.7916396945,1086148.0000000002,3106914.142011439,3094029.859913812,6300000.0,18774511.649755456,19714140.96283032,68.93228471494966,70.22183891524124,SPY,2026-03-29 00:00:00,25,2,2026-07-01,1957-07-26,1956-04-11,stochastic,stochastic
161,1.1999999999999993,8.8,5.494999999999999,24.295,12.662819907321847,164132131.9139089,176867569.55685848,-1270261.9554304658,10.0,8.8,1.645,3.8499999999999996,570059,205843,9.976770518404066,2.6312674750809117,3.335381564743156,1.3895561591374785,1.3895561591374785,0.001397618812392058,0.6264324555353482,0.29905549852795865,0.000702685341270601,0.9398566232370733,0.24995726296260387,368209,21825,False,True,,79.0214720357023,78.93112110447169,82.87096928752814,518949.25105199474,405234.53428469686,983345.1579533756,948346.2066678408,2227223.657560461,2831691.3646212164,481000.0,900000.0,8997195.979749363,8367860.022544724,11484511.094444377,12228921.048048913,6991720.164918344,7517056.878609554,523640.0,405384.0,929024.0,754146.7802198946,205159.64993887406,959306.4301587688,1121400.0,460988.0055256882,553025.060798534,1086147.9999999993,3106398.981706771,2580546.9798808414,6300000.0,14678112.112737607,15948374.068168072,68.93228471494966,70.22183891524124,SPY,2026-03-29 00:00:00,25,2,2026-07-01,1957-07-26,1956-04-11,stochastic,stochastic
162,1.1999999999999993,8.8,5.494999999999999,24.295,11.663483849771042,164214489.49044505,176956317.4712777,-1797435.5889652055,10.0,8.8,1.645,3.8499999999999996,726629,56763,9.802728668464988,1.14391354020289,2.9772813847358277,1.1419062754824594,1.1419062754824594,-0.002555938259416899,0.5879677690266505,0.13245268724511802,-0.004899870821820561,1.0514776812930648,0.22697537500814824,526287,169194,True,False,78.93112110447169,,80.57660321567178,79.0214720357023,208940.43012163686,433921.6633908736,1068385.634615898,1032856.8781881956,2144484.5876076347,3001242.512804094,481000.0,900000.0,9205061.891254103,8302254.646826501,10268597.311911726,11191400.248812024,7696275.520668067,8532499.174793351,482300.0,373380.0,855680.0,733389.354838428,199512.75700424903,932902.1118426775,1121400.0,455098.21410588664,209643.9120827082,1086147.9999999995,3105345.8530504834,2230713.2009855756,6300000.0,13463251.458861243,15260687.047826448,68.93228471494966,70.22183891524124,SPY,2026-03-29 00:00:00,25,2,2026-07-01,1957-07-26,1956-04-11,stochastic,stochastic
163,1.1999999999999993,8.8,5.494999999999999,24.295,12.662819907321847,210880968.77358425,227243769.8691642,53560.4221467562,10.0,8.8,1.645,3.8499999999999996,40394,747166,12.965137383752424,3.3547010165918323,4.684136128061648,1.5188549815674695,1.5188549815674695,-0.004400317708391586,1.19643168590464,0.01857518428558351,0.001784745211515784,1.3702586741012799,0.363373581922971,145390,27166,True,True,78.93112110447169,79.0214720357023,80.57660321567178,82.87096928752814,1297040.7884806264,405876.08063104947,956588.3264351996,921846.2577962813,2984430.3999091927,2778434.584231481,481000.0,900000.0,12251129.404518895,12101492.660722721,15046936.66613749,15309270.718582775,10382653.132090477,10441914.78021124,523640.0,405384.0,929024.0,711233.7466656537,193485.4995311295,904719.2461967835,1121400.000000001,473927.63460277324,1383002.9849905565,1086148.0000000005,3108914.421243821,3424808.8958358606,6300000.0,18238022.24489367,18184461.822746914,68.93228471494966,70.22183891524124,SPY,2026-03-29 00:00:00,25,2,2026-07-01,1957-07-26,1956-04-11,stochastic,stochastic
164,1.1999999999999993,8.8,5.494999999999999,24.295,12.662819907321847,196598453.5307152,211853037.23985773,-437392.90377048403,10.0,8.8,1.645,3.8499999999999996,502757,230734,10.370900353772793,1.5418118572759987,3.48999454045956,1.2138606706636468,1.2138606706636468,0.006540799213983593,0.7193110373595586,0.20123782680562038,-0.0012653900901343712,1.389118617522451,0.43356409235355386,493566,575423,True,True,78.93112110447169,79.0214720357023,80.57660321567178,82.87096928752814,1110303.4117636967,424219.8984490325,1045224.2360616894,1010192.1527914704,2963336.3110601436,2955416.3888531597,481000.0,900000.0,11090853.41915344,10664308.182156507,13702639.942185529,14200031.515576284,9761673.792216998,10149296.888096169,523640.0,405384.0,929024.0,788350.589592878,214464.5249865288,1002815.1145794067,1121400.0000000005,454738.5481171902,1144520.079325617,1086148.0000000002,3105099.22205318,3165097.8916734518,6300000.0,16897540.720132347,17334933.62390283,68.93228471494966,70.22183891524124,SPY,2026-03-29 00:00:00,25,2,2026-07-01,1957-07-26,1956-04-11,stochastic,stochastic
165,1.1999999999999993,8.8,5.494999999999999,24.295,11.663483849771042,112853608.21366072,121610212.25838734,-1420973.4126724647,10.0,8.8,1.645,3.8499999999999996,549616,714349,10.175387507225953,4.803002296953518,3.0973254752761687,1.7285957768036468,1.7285957768036468,0.0003666601174735513,0.8115684311376603,0.14075240544748227,0.0037151183040845135,0.9502515912577194,0.4883913361128138,9236,802107,True,False,78.93112110447169,,80.57660321567178,79.0214720357023,294214.34978319047,396568.61418017145,895666.3297548216,861196.2035056006,1935531.9660051516,2656862.5332604223,481000.0,900000.0,6503203.944161649,5964419.288278986,9241989.816030208,9921914.882539704,3912657.9102843395,4259877.017916858,482300.0,373380.0,855680.0,612878.9956728504,166728.8696379076,779607.865310758,1121400.0000000002,492495.0398038666,305225.33267565735,1086148.0,3104044.0543633467,2362995.708200378,6300000.0,12437945.76166686,13858919.174339326,68.93228471494966,70.22183891524124,SPY,2026-03-29 00:00:00,25,2,2026-07-01,1957-07-26,1956-04-11,stochastic,stochastic
166,1.1999999999999993,8.8,5.494999999999999,24.295,12.662819907321847,130580882.96648124,140712992.21888041,-166782.84684039187,10.0,8.8,1.645,3.8499999999999996,264306,365312,8.39349335366939,2.996513268939105,2.775709636879983,1.4535120028373236,1.4535120028373236,-0.006056203319004145,0.513581636771002,0.4669032112613316,0.0013668953494573068,0.9211181463831914,0.28307303406671513,281264,284568,True,True,78.93112110447169,79.0214720357023,80.57660321567178,82.87096928752814,1285240.108536259,409286.67263956566,971138.2941976337,936247.0379968056,3007039.9060281166,2807385.332194439,481000.0,900000.0,6531988.710321687,6193357.435424434,9484451.713265149,9931602.571692405,4669022.072342979,4918292.0273238355,523640.0,405384.0,929024.0,721904.9661365078,196388.520147916,918293.486284424,1121400.0,471006.7554432394,1347611.6083128767,1086148.0,3102930.618024644,3383298.629611508,6300000.0,12681521.095240505,12848303.942080896,68.93228471494966,70.22183891524124,SPY,2026-03-29 00:00:00,25,2,2026-07-01,1957-07-26,1956-04-11,stochastic,stochastic
167,1.1999999999999993,8.8,5.494999999999999,24.295,12.662819907321847,149439230.6341856,161034607.97413447,-1187152.4806037862,10.0,8.8,1.645,3.8499999999999996,130914,156241,9.715134783532275,3.147977611782804,3.236255878378116,1.4808205048648817,1.4808205048648817,0.004459866188242791,0.9987530485051985,0.4377504826434104,0.002821736559779857,1.1370178863278677,0.18399400478794348,639301,274171,False,True,,79.0214720357023,78.93112110447169,82.87096928752814,555130.530518957,405269.11899899546,961729.5362046285,927090.5385685168,2255472.104470655,2788820.0747731454,481000.0,900000.0,8099629.940631977,7518480.9528999105,10717122.645478094,11423574.892122008,5903163.6277770605,6366098.872248196,523640.0,405384.0,929024.0,720337.8756110015,195962.20560004792,916300.0812110493,1121399.9999999995,470974.6351436428,588240.2197013928,1086148.0000000002,3106506.4246406113,2625806.1906807395,6300000.0,13910616.220837481,15097768.70144127,68.93228471494966,70.22183891524124,SPY,2026-03-29 00:00:00,25,2,2026-07-01,1957-07-26,1956-04-11,stochastic,stochastic
168,1.1999999999999993,8.8,5.494999999999999,24.295,12.662819907321847,204575016.31328163,220448522.20870107,-1627566.9913963675,10.0,8.8,1.645,3.8499999999999996,419022,836321,10.02117657519166,0.9027470478285116,3.352480627206982,1.1205671133591741,1.1205671133591741,0.006019730407636982,0.5680936811237245,0.210956452874571,-0.004039573850961099,1.3266833092293968,0.34433593588350075,542840,852745,False,True,,79.0214720357023,78.93112110447169,82.87096928752814,453268.6607251671,425883.5972669796,1071923.807813566,1036731.6452589935,2349118.639716102,3008655.4530725596,481000.0,900000.0,11339421.277590262,10400677.486452447,12943443.895333175,13939473.947640825,9831444.809523959,10741375.453532908,523640.0,405384.0,929024.0,826443.5284979024,224827.4068762041,1051270.9353741063,1121399.9999999998,445405.8038504892,463246.42722312344,1086148.0000000002,3107095.143546775,2475558.2044580583,6300000.0,16136348.7517864,17763915.743182767,68.93228471494966,70.22183891524124,SPY,2026-03-29 00:00:00,25,2,2026-07-01,1957-07-26,1956-04-11,stochastic,stochastic
169,1.1999999999999993,8.8,5.494999999999999,24.295,12.662819907321847,69987305.90785743,75417802.42181896,-771824.3381827809,10.0,8.8,1.645,3.8499999999999996,766480,903716,2.866187827640654,2.677589609869435,1.4303868478215,1.3975212563304629,1.3975212563304629,-0.002196393955897844,1.2879996579253157,0.08818929283004064,0.003677285767971785,0.5380280461516033,0.11858149326825763,472529,550382,False,True,,79.0214720357023,78.93112110447169,82.87096928752814,545385.8073130525,412018.4914182235,981835.8973363675,946759.2559998136,2304318.792673263,2828595.1533361813,481000.0,900000.0,1696554.7930464721,1495528.9953815495,3992644.627014159,4261180.220717414,188963.54109530902,244562.0874590368,523640.0,405384.0,929024.0,731596.3384244393,199024.98111038198,930621.3195348216,1121399.9999999998,468940.98252358974,567046.6191401833,1086148.0000000002,3105134.4236968225,2601845.6792172967,6300000.0,7187510.203317338,7959334.541500119,68.93228471494966,70.22183891524124,SPY,2026-03-29 00:00:00,25,2,2026-07-01,1957-07-26,1956-04-11,stochastic,stochastic
170,1.1999999999999993,8.8,5.494999999999999,24.295,11.663483849771042,103504767.67022549,111535970.93945225,-1467004.2553034248,10.0,8.8,1.645,3.8499999999999996,689809,866293,7.831190977466451,3.3362143504996666,2.410005438957195,1.4664920737308915,1.4664920737308915,-0.006892534213601011,0.5810511117937238,0.4055432133687378,0.0026400134550825715,1.3089122057846732,0.298703308117276,919152,231774,True,False,78.93112110447169,,80.57660321567178,79.0214720357023,256566.1013817594,406581.1608238187,955798.1120869659,921259.1026362446,1995278.6870254593,2777057.214723211,481000.0,900000.0,4988499.551779092,4414978.794276292,6853570.889736165,7519285.39121525,2886036.363338438,3299039.0650504543,482300.0,373380.0,855680.0,662360.1630240236,180189.82874904203,842549.9917730661,1121399.9999999995,475073.3325354223,262493.5755789606,1086147.9999999995,3104232.9540449874,2302943.2002206473,6300000.0,10049337.935691178,11516342.190994602,68.93228471494966,70.22183891524124,SPY,2026-03-29 00:00:00,25,2,2026-07-01,1957-07-26,1956-04-11,stochastic,stochastic
171,1.1999999999999993,8.8,5.494999999999999,24.295,12.662819907321847,205750165.54572737,221714854.3167755,-844905.1501426436,10.0,8.8,1.645,3.8499999999999996,472216,382142,10.188450567855156,1.010469969545258,3.417618893933076,1.1358150757017558,1.1358150757017558,0.004245851988644314,0.5640823720471594,0.3637130103234274,-0.0038952416104442115,0.5146689638667874,0.3786040516469187,76618,870569,True,True,78.93112110447169,79.0214720357023,80.57660321567178,82.87096928752814,1049972.2947666084,426594.01026484143,1070554.248063764,1035357.7652486486,2936222.3973214864,3005912.0133124124,481000.0,900000.0,11679069.067323916,10912731.237276433,13619405.966224702,14446784.933943618,10289510.930328468,11037731.06149586,523640.0,405384.0,929024.0,821047.4585580132,223359.44884873554,1044406.9074067484,1121400.0,446690.2740842925,1077560.0359050822,1086147.9999999998,3110504.6662811246,3092978.483857397,6300000.0,16808901.299943574,17653806.45008622,68.93228471494966,70.22183891524124,SPY,2026-03-29 00:00:00,25,2,2026-07-01,1957-07-26,1956-04-11,stochastic,stochastic
172,1.1999999999999993,8.8,5.494999999999999,24.295,11.663483849771042,84653871.34878515,91222384.69973718,-1250788.6415395746,10.0,8.8,1.645,3.8499999999999996,215149,802486,4.855359193453634,2.231043725471027,1.738697555787906,1.2935978107992592,1.2935978107992592,-0.009261747095034358,0.6641427145297634,0.15198864845498586,-0.0002744611197725835,0.9613289350108574,0.33785324775885217,309204,776921,True,False,78.93112110447169,,80.57660321567178,79.0214720357023,225027.30635088836,415495.72211727075,1011447.6640287243,976555.517653706,2029357.881295226,2888003.18168243,481000.0,900000.0,3015551.669155333,2666654.015272259,4989635.657156979,5391795.253251849,1623290.353178937,1840964.9546572415,482300.0,373380.0,855680.0,710570.3841713584,193305.03702610842,903875.4211974676,1121399.9999999998,459953.7416939793,230823.55617585304,1086147.9999999995,3105413.6538975732,2256784.6084528686,6300000.0,8184222.003259405,9435010.64479898,68.93228471494966,70.22183891524124,SPY,2026-03-29 00:00:00,25,2,2026-07-01,1957-07-26,1956-04-11,stochastic,stochastic
173,1.1999999999999993,8.8,5.494999999999999,24.295,9.99883638952203,129635669.2194593,139694436.88667288,-1871935.3164250404,10.0,8.8,1.645,3.8499999999999996,881040,106296,11.28026137783893,1.9483046004772797,2.91193294967793,1.2128304124053064,1.2128304124053064,-0.0077434892466443665,1.1046365693837976,0.24695317668676953,-0.00468785406403192,0.6549332026609861,0.014107173665794323,63296,724940,False,False,,,78.93112110447169,79.0214720357023,0.0,424253.94713025587,1032678.0291436284,997560.238734801,1902814.185865057,2930238.2678784295,481000.0,900000.0,8656642.553937312,7920216.394593264,10066025.443311058,10857986.266392251,7025565.937568741,7685431.3939985195,413400.0,320040.0,733440.0,619420.2019147835,168508.3529135397,787928.5548283228,1121400.0000000005,460112.2143001216,0.0,1086148.0,3106875.0569918198,2026900.5636479717,6300000.0,13259150.386319239,15131085.70274428,68.93228471494966,70.22183891524124,SPY,2026-03-29 00:00:00,25,2,2026-07-01,1957-07-26,1956-04-11,stochastic,stochastic
174,1.1999999999999993,8.8,5.494999999999999,24.295,11.663483849771042,153113450.6472071,164993920.2437219,-1748116.1719391122,10.0,8.8,1.645,3.8499999999999996,109352,732187,10.611900857275991,2.5023991895399167,3.243557863432124,1.3342289447370241,1.3342289447370241,-0.0031416212339014284,0.884532108758215,0.19746840064251392,0.0033985539071016953,0.8635166569855572,0.04899187256710964,568081,376349,True,False,78.93112110447169,,80.57660321567178,79.0214720357023,239141.25236294387,412011.6677695867,987698.1231881463,952844.6163410525,2046336.2784684957,2840542.739529199,481000.0,900000.0,8933816.644494021,8092786.567636465,10465376.655169692,11382840.951288445,6856142.244258336,7576204.978055465,482300.0,373380.0,855680.0,689076.3988009866,187457.76878862956,876534.167589616,1121400.0,466712.56334451993,241723.29234022985,1086148.0,3104729.2848558407,2274077.409035481,6300000.0,13660647.370313851,15408763.542252965,68.93228471494966,70.22183891524124,SPY,2026-03-29 00:00:00,25,2,2026-07-01,1957-07-26,1956-04-11,stochastic,stochastic
175,1.1999999999999993,8.8,5.494999999999999,24.295,12.662819907321847,55279717.943587966,59569014.57661822,384406.4629995858,10.0,8.8,1.645,3.8499999999999996,393182,556870,1.411440827040722,3.128429354638218,1.1942669282649057,1.4772696573151145,1.4772696573151145,0.008212168804200752,0.6733707966118052,0.07453995597684558,0.0036314085453360975,1.1338777368164608,0.06942867780315266,301162,691743,True,True,78.93112110447169,79.0214720357023,80.57660321567178,82.87096928752814,1248009.25079018,408707.4465508911,969304.0630870645,934567.3006568,2950358.8927704077,2803871.3637438645,481000.0,900000.0,-207746.80450444217,-94094.09674396843,1491958.132532109,1378904.7302720721,-1416445.5938508934,-1713008.9512025858,523640.0,405384.0,929024.0,721779.7548137609,196354.45740069347,918134.2122144544,1121400.0,471255.70524531434,1339337.3846741074,1086148.0,3105056.4158994937,3376409.4766390426,6300000.0,4686901.716632615,4302495.25363303,68.93228471494966,70.22183891524124,SPY,2026-03-29 00:00:00,25,2,2026-07-01,1957-07-26,1956-04-11,stochastic,stochastic
176,1.1999999999999993,8.8,5.494999999999999,24.295,12.662819907321847,125538431.00418825,135279283.33580953,-1151178.1070236694,10.0,8.8,1.645,3.8499999999999996,870108,720196,7.024575358144136,2.012420481071131,2.3629679757040534,1.287079370773716,1.287079370773716,6.880756351461924e-05,0.8183234418810483,0.49297286658843176,-0.0027010454469636575,0.9280188746295177,0.04144847590314885,327776,902493,False,True,,79.0214720357023,78.93112110447169,82.87096928752814,507867.31471646385,418916.6738196142,1020294.8748493737,985200.6403195978,2316024.108581419,2905495.5151689714,481000.0,900000.0,5417039.128943776,4876294.760973386,7249893.625975512,7845871.516489771,3836863.409612664,4263559.322618749,523640.0,405384.0,929024.0,765856.8881805354,208345.29192921842,974202.1801097536,1121399.9999999998,459666.3831062679,524694.8660287524,1086148.0000000002,3105746.8522195388,2550546.635710129,6300000.0,10444146.773755973,11595324.88077964,68.93228471494966,70.22183891524124,SPY,2026-03-29 00:00:00,25,2,2026-07-01,1957-07-26,1956-04-11,stochastic,stochastic
177,1.1999999999999993,8.8,5.494999999999999,24.295,11.663483849771042,83732811.03874527,90229856.93230717,-1119078.1904438226,10.0,8.8,1.645,3.8499999999999996,439567,987727,4.628160328535613,2.105231253686024,1.695249171400297,1.2751460254117792,1.2751460254117792,0.001584934829576598,1.2677085676012068,0.2396376802616728,0.0020484147265490095,1.1176833984068615,0.08492364567994674,729067,51661,True,False,78.93112110447169,,80.57660321567178,79.0214720357023,222706.51696194455,434617.3466112316,1048243.8503971917,1013322.7707150503,2074031.3781723045,2961566.6211122423,481000.0,900000.0,3186885.214794823,2967004.766383345,5417913.110166095,5690965.141928787,1931912.0391283426,2044806.37118379,482300.0,373380.0,855680.0,700761.7174584796,190636.66704567213,891398.3845041514,1121399.9999999998,464230.2903577801,228111.19202336465,1086148.0,3103182.55120775,2257156.3925266196,6300000.0,8614730.558958344,9733808.74940217,68.93228471494966,70.22183891524124,SPY,2026-03-29 00:00:00,25,2,2026-07-01,1957-07-26,1956-04-11,stochastic,stochastic
178,1.1999999999999993,8.8,5.494999999999999,24.295,11.663483849771042,137768795.71903944,148458633.75723898,-1601456.2930410001,10.0,8.8,1.645,3.8499999999999996,149736,203431,9.138995703560472,2.057093998080717,2.773955263087959,1.268150048838161,1.268150048838161,0.006875968517204957,0.8780896041741737,0.2734882897982988,-0.0023880100238805753,1.3014810321724704,0.10936660386559019,390372,79754,True,False,78.93112110447169,,80.57660321567178,79.0214720357023,223428.41795263742,425114.8536992979,1031061.1128695249,995829.5660527189,2067823.907737701,2926890.678922244,481000.0,900000.0,7720345.395886676,7056203.711924792,9797625.378354926,10549033.520654652,5960792.505912408,6548510.1169480365,482300.0,373380.0,855680.0,708348.810358692,192700.67549109392,901049.4858497855,1121400.0,461519.5823449851,227575.24536703335,1086148.0,3104847.9537182893,2254799.802977016,6300000.0,12992777.424636636,14594233.717677636,68.93228471494966,70.22183891524124,SPY,2026-03-29 00:00:00,25,2,2026-07-01,1957-07-26,1956-04-11,stochastic,stochastic
179,1.1999999999999993,8.8,5.494999999999999,24.295,12.662819907321847,206225997.8104854,222227607.64059526,-1467487.53987387,10.0,8.8,1.645,3.8499999999999996,844906,587459,11.929283737466267,2.5875926254315784,4.168250827977778,1.3820845803512865,1.3820845803512865,0.0062422403516981095,1.3409404727130598,0.2723923403723498,0.0004274733046215782,1.3455170321004744,0.25550580080848334,44529,238954,False,True,,79.0214720357023,78.93112110447169,82.87096928752814,554997.8019409284,408729.35465810297,972615.5583785602,937743.8886202552,2334305.7040183432,2810359.4469988155,481000.0,900000.0,12668318.4528702,11829515.598511023,15178212.710349165,16144499.096864969,10356454.21810624,11113444.83882019,523640.0,405384.0,929024.0,729297.8983970192,198399.70873131882,927697.6071283385,1121400.0,469743.03226688656,568682.5525698654,1086148.0000000002,3105887.0557884,2604685.902430333,6300000.0,18372325.654560763,19839813.194434635,68.93228471494966,70.22183891524124,SPY,2026-03-29 00:00:00,25,2,2026-07-01,1957-07-26,1956-04-11,stochastic,stochastic
180,1.1999999999999993,8.8,5.494999999999999,24.295,12.662819907321847,170319346.54655373,183534866.21377707,-604298.6201944081,10.0,8.8,1.645,3.8499999999999996,129737,214169,9.568005758330568,1.9515360771507728,3.181712424684957,1.2773829992717376,1.2773829992717376,0.006335880247411956,1.0496345202014656,0.04469659476614859,-0.0006781935266735846,0.7959044071661834,0.21034321356584434,236167,119252,True,True,78.93112110447169,79.0214720357023,80.57660321567178,82.87096928752814,1138818.244500402,425620.02887784573,1039530.68209333,1004333.6382504004,2947797.4489183943,2943864.3203437305,481000.0,900000.0,8581885.310072007,7940065.580801029,10396274.241020016,11108514.241414662,6856499.712966371,7436769.990092446,523640.0,405384.0,929024.0,770908.8273088912,209719.63189893053,980628.4592078213,1121399.9999999998,458628.03491435264,1189408.2161430493,1086147.9999999998,3106892.591339972,3214833.97154021,6300000.0,13589381.649680045,14193680.269874454,68.93228471494966,70.22183891524124,SPY,2026-03-29 00:00:00,25,2,2026-07-01,1957-07-26,1956-04-11,stochastic,stochastic
181,1.1999999999999993,8.8,5.494999999999999,24.295,12.662819907321847,450013470.0224021,484931181.8630292,-1909616.6060177684,10.0,8.8,1.645,3.8499999999999996,346426,282098,19.2301815896041,2.7503877232935903,9.28022704675386,1.4101239157258068,1.4101239157258068,0.0067327133242192205,0.6492637895854184,0.2955331760787119,0.0010725686441819485,1.2333383981685095,0.36149388084781925,881126,539727,False,True,,79.0214720357023,78.93112110447169,82.87096928752814,546891.3336353105,413561.0297023149,983764.7551809703,948769.545918476,2303617.48882252,2832534.301099446,481000.0,900000.0,34411527.23490571,33217116.23007852,39294963.6778084,40705010.60093301,31461705.039163884,32656424.05732961,523640.0,405384.0,929024.0,727616.7505174476,197942.36578493935,925559.1163023872,1121399.9999999995,470064.72339174215,569835.5368109619,1086148.0,3105550.2644063914,2605980.581513231,6300000.0,42489413.413402006,44399030.019419774,68.93228471494966,70.22183891524124,SPY,2026-03-29 00:00:00,25,2,2026-07-01,1957-07-26,1956-04-11,stochastic,stochastic
182,1.1999999999999993,8.8,5.494999999999999,24.295,9.99883638952203,66244281.27208893,71384346.80042323,-1510881.3768061898,10.0,8.8,1.645,3.8499999999999996,189594,33244,5.621447968471438,3.483616988876337,1.7279102048214934,1.4083675141601295,1.4083675141601295,0.0024892870236003714,1.2790037715727365,0.19004800452280446,0.0041709041729468205,1.0335640113452067,0.15807951370117673,468522,429806,False,False,,,78.93112110447169,79.0214720357023,0.0,393126.1512558454,930706.3405857935,896195.927597763,1770322.0788536083,2726902.2681835564,481000.0,900000.0,2636946.568426926,2267965.3162613874,4283050.440576462,4727261.56165895,896892.3065145399,1107059.5082987319,413400.0,320040.0,733440.0,591001.9863455065,160777.40277094234,751779.3891164488,1121399.9999999998,471608.40178282297,0.0,1086147.9999999998,3102991.417078453,2036321.1613547509,6300000.0,7480059.023498009,8990940.400304198,68.93228471494966,70.22183891524124,SPY,2026-03-29 00:00:00,25,2,2026-07-01,1957-07-26,1956-04-11,stochastic,stochastic
183,1.1999999999999993,8.8,5.494999999999999,24.295,12.662819907321847,196205688.89227727,211429796.97484472,-462112.56522447057,10.0,8.8,1.645,3.8499999999999996,100733,509282,12.025928583244694,3.0807195655816244,4.214069215891085,1.4686363032542935,1.4686363032542935,0.007483937939530198,1.452178784395078,0.49730783983076093,0.004146099678745483,0.5601472520437756,0.08102818394043115,189677,557266,True,True,78.93112110447169,79.0214720357023,80.57660321567178,82.87096928752814,1303832.7206421834,407229.1110303458,962675.5789011476,927757.0590146162,3026443.032766825,2790432.637915764,481000.0,900000.0,12230128.854288498,11636572.031952107,15924223.07921393,16681653.005831936,9933611.771104185,10487164.560067799,523640.0,405384.0,929024.0,716424.4204700479,194897.58116906465,911322.0016391128,1121400.0,472662.550362269,1362279.9348307194,1086148.0,3105883.5881133825,3401200.949506919,6300000.0,19118339.49110055,19580452.056325015,68.93228471494966,70.22183891524124,SPY,2026-03-29 00:00:00,25,2,2026-07-01,1957-07-26,1956-04-11,stochastic,stochastic
184,1.1999999999999993,8.8,5.494999999999999,24.295,11.663483849771042,259296439.09897444,279415922.05869114,-2144010.2903372888,10.0,8.8,1.645,3.8499999999999996,622024,66392,12.301315177915084,-0.5265849576924775,3.8709999089656724,0.940261514654446,0.940261514654446,0.00014607532638815333,1.0811501978407838,0.3929269793559196,-0.004950422726525118,0.7355391938248957,0.499687981012203,970461,711102,True,False,78.93112110447169,,80.57660321567178,79.0214720357023,174755.878931001,440882.894380362,1146184.884367992,1110823.4413144176,2220672.9505658625,3157008.3256824096,481000.0,900000.0,17092279.28815699,15860473.391451996,17495503.052720476,18704127.053732205,16194201.10849281,17450273.416680675,482300.0,373380.0,855680.0,826734.8802787592,224906.66681728893,1051641.5470960478,1121400.0,431281.27359829284,173949.84950064708,1086147.9999999998,3108014.9956612173,2172628.706335658,6300000.0,20687488.05705926,22831498.347396545,68.93228471494966,70.22183891524124,SPY,2026-03-29 00:00:00,25,2,2026-07-01,1957-07-26,1956-04-11,stochastic,stochastic
185,1.1999999999999993,8.8,5.494999999999999,24.295,12.662819907321847,138936485.22517636,149716927.31950027,-672822.1585654197,10.0,8.8,1.645,3.8499999999999996,867565,46472,6.31353340953138,0.5266661740811918,2.1716424957604,1.0687994303627044,1.0687994303627044,0.006154526609927992,0.5550697491331729,0.18548234197084518,-0.004193311441985502,1.4016402874886635,0.3996114497536574,666226,784330,True,True,78.93112110447169,79.0214720357023,80.57660321567178,82.87096928752814,1018485.7378939223,431130.1887242908,1089675.5834861347,1054511.939851059,2968257.438795402,3044187.5233371938,481000.0,900000.0,5839698.4699892765,5255674.042947824,7460141.817652495,8066441.210011482,4936673.656916507,5501038.54839401,523640.0,405384.0,929024.0,838638.1280426276,228144.8509591863,1066782.9790018138,1121400.0000000002,443643.76896681776,1030163.7666378256,1086148.0000000002,3107398.2902863203,3040875.524079888,6300000.0,10652743.527366173,11325565.685931593,68.93228471494966,70.22183891524124,SPY,2026-03-29 00:00:00,25,2,2026-07-01,1957-07-26,1956-04-11,stochastic,stochastic
186,1.1999999999999993,8.8,5.494999999999999,24.295,12.662819907321847,105186555.77800259,113348253.34670317,-1122967.1023455183,10.0,8.8,1.645,3.8499999999999996,892294,405021,6.035557322151486,2.490950275910131,2.100806065769641,1.3656830461000138,1.3656830461000138,0.0030642880203533025,1.2048007424790248,0.3777965572345887,-7.960712729202825e-05,1.214767568000634,0.11245355491326268,847609,831371,False,True,,79.0214720357023,78.93112110447169,82.87096928752814,529807.7590529723,415099.8263333827,992540.6155211685,957853.7004055164,2314985.6155401226,2850394.315926685,481000.0,900000.0,3789778.44754519,3226803.833418088,5335626.208524803,5941446.886061805,1996658.592681221,2410776.040738274,523640.0,405384.0,929024.0,737510.2231680105,200633.8065480721,938144.0297160822,1121400.0000000002,467882.72115679004,551793.4542178243,1086148.0000000005,3099863.847648723,2582717.4228402073,6300000.0,8535762.36087608,9658729.463221598,68.93228471494966,70.22183891524124,SPY,2026-03-29 00:00:00,25,2,2026-07-01,1957-07-26,1956-04-11,stochastic,stochastic
187,1.1999999999999993,8.8,5.494999999999999,24.295,12.662819907321847,185593279.2943605,199993943.00257105,-648128.4231525343,10.0,8.8,1.645,3.8499999999999996,936620,964959,10.694965534279333,2.304158175309512,3.622038082362667,1.3344888725902961,1.3344888725902961,-0.0004530660024285385,1.386954900650635,0.03194772028575555,-0.00033098897556052814,1.1431312811356769,0.33048278167137224,630491,70933,True,True,78.93112110447169,79.0214720357023,80.57660321567178,82.87096928752814,1207121.3584187878,417208.7033687441,1001354.540746081,966370.4606836655,3008473.646802147,2867725.001429747,481000.0,900000.0,10260521.267252646,9529195.746785376,12207429.660913892,13034272.955374656,8225088.631150765,8896007.697849667,523640.0,405384.0,929024.0,744792.7861207208,202614.97003669728,947407.7561574182,1121400.0,466148.8398743993,1251572.271485547,1086147.9999999998,3104554.243547842,3283269.114856072,6300000.0,15402875.41736605,16051003.840518586,68.93228471494966,70.22183891524124,SPY,2026-03-29 00:00:00,25,2,2026-07-01,1957-07-26,1956-04-11,stochastic,stochastic
188,1.1999999999999993,8.8,5.494999999999999,24.295,11.663483849771042,122537755.28422637,132045777.40720618,-1626530.5380559023,10.0,8.8,1.645,3.8499999999999996,458957,100552,8.206702470684046,2.2065269326797754,2.5097582737789073,1.2899831169244145,1.2899831169244145,0.002555078706379301,0.7762677350162304,0.2860984114062228,-0.0028879614813099573,1.0417547433248957,0.18569595942435072,850273,719534,True,False,78.93112110447169,,80.57660321567178,79.0214720357023,227916.76744275648,416925.88163986144,1011133.6563676004,976274.0592148729,2042123.6936160692,2887407.715582473,481000.0,900000.0,6086805.737674685,5383000.4333945885,7655066.009039234,8436537.7999928,4261293.465306662,4863242.020468711,482300.0,373380.0,855680.0,705523.3986087794,191932.04463467593,897455.4432434554,1121400.0,461678.6796139104,232440.06389089915,1086148.0,3104922.0848363503,2259863.337734014,6300000.0,10850143.924202884,12476674.462258786,68.93228471494966,70.22183891524124,SPY,2026-03-29 00:00:00,25,2,2026-07-01,1957-07-26,1956-04-11,stochastic,stochastic
189,1.1999999999999993,8.8,5.494999999999999,24.295,12.662819907321847,247721688.96400335,266943057.05213618,-839135.4679449964,10.0,8.8,1.645,3.8499999999999996,39990,704706,12.403314694902502,1.5416915910853701,4.397462728260406,1.213842459955743,1.213842459955743,0.0031807973583013304,0.9043980186685718,0.2539797399193192,-0.0018855150498274117,1.0761003192334297,0.3229496728332905,347227,326338,True,True,78.93112110447169,79.0214720357023,80.57660321567178,82.87096928752814,1135802.6094963762,420200.00771298655,1029067.6830531904,994003.8379493746,3004869.5547403004,2923071.5210025646,481000.0,900000.0,15417386.69479013,14575515.725179225,17442578.112259645,18360191.74930811,13632159.749518989,14435737.185522154,523640.0,405384.0,929024.0,779773.2974865319,212131.14070098117,991904.4381875133,1121400.0,457380.9399793487,1158413.847577688,1086147.9999999998,3100924.9847451346,3179403.1538486015,6300000.0,20641653.12751451,21480788.595459506,68.93228471494966,70.22183891524124,SPY,2026-03-29 00:00:00,25,2,2026-07-01,1957-07-26,1956-04-11,stochastic,stochastic
190,1.1999999999999993,8.8,5.494999999999999,24.295,12.662819907321847,164627238.17951933,177401092.4012265,-290803.2769389972,10.0,8.8,1.645,3.8499999999999996,568282,762748,9.876732004425781,2.513531381695544,3.2971544935221773,1.3694992378346604,1.3694992378346604,0.007141065628498066,1.1354844587033526,0.11497304497307281,0.0024484887770043675,0.9705144555931347,0.06449997090257395,258757,510563,True,True,78.93112110447169,79.0214720357023,80.57660321567178,82.87096928752814,1223997.0935791607,415363.8689492405,996560.7701030781,961498.8378434416,2994111.545699152,2858059.6079465197,481000.0,900000.0,8847607.045825487,8475060.361153256,11770524.852244807,12262844.105770778,7081524.128260324,7403582.070202969,523640.0,405384.0,929024.0,741638.8837335322,201756.9759078778,943395.8596414106,1121400.0,466172.01211039757,1275340.8085925875,1086148.0,3106682.032707425,3308198.0092943986,6300000.0,14963842.819537384,15254646.09647638,68.93228471494966,70.22183891524124,SPY,2026-03-29 00:00:00,25,2,2026-07-01,1957-07-26,1956-04-11,stochastic,stochastic
191,1.1999999999999993,8.8,5.494999999999999,24.295,12.662819907321847,166322351.5768509,179227734.04179543,-1190909.360391654,10.0,8.8,1.645,3.8499999999999996,181698,275556,11.552578562192984,3.9929368018780886,3.994003473848931,1.6420334944943902,1.6420334944943902,-0.0069219126698303515,0.7221007549891332,0.21444757655171517,0.003993735517468092,0.7765815293382231,0.1798703882503637,588477,637790,False,True,,79.0214720357023,78.93112110447169,82.87096928752814,599868.8099710863,393780.81339761853,915069.9927856643,880313.8531848781,2228439.8408861784,2695383.845970542,481000.0,900000.0,9616297.234790152,8984063.178263474,12172233.83168079,12948608.761631863,7051933.573472583,7538928.935320997,523640.0,405384.0,929024.0,690344.099953394,187802.636832194,878146.7367855877,1121400.0,479389.02825803275,643489.0874357675,1086148.0000000002,3101131.034656189,2686596.604215608,6300000.0,15371102.7970246,16562012.157416254,68.93228471494966,70.22183891524124,SPY,2026-03-29 00:00:00,25,2,2026-07-01,1957-07-26,1956-04-11,stochastic,stochastic
192,1.1999999999999993,8.8,5.494999999999999,24.295,12.662819907321847,139548265.5291982,150376177.2434082,-555235.9344608514,10.0,8.8,1.645,3.8499999999999996,918402,438135,8.496358793519555,2.5550967191756646,2.809260854625462,1.376549442270124,1.376549442270124,0.0052557636945495395,1.0653359297550362,0.12228958475064182,9.382894228903999e-05,1.1127623437210268,0.09671966274432485,423646,975054,True,True,78.93112110447169,79.0214720357023,80.57660321567178,82.87096928752814,1272470.408034536,408486.090180775,972615.9664295691,937724.5229821505,3055035.9335555076,2810340.4894117196,481000.0,900000.0,6477981.731952884,5755509.236700508,7971977.023807907,8760697.658694137,4435791.612380702,5036725.940457077,523640.0,405384.0,929024.0,731443.5989054521,198983.42953571636,930427.0284411683,1121400.0000000002,469421.0029595791,1304583.7244338105,1086148.0000000002,3107805.81448976,3341290.5149151394,6300000.0,11164171.209318146,11719407.143778998,68.93228471494966,70.22183891524124,SPY,2026-03-29 00:00:00,25,2,2026-07-01,1957-07-26,1956-04-11,stochastic,stochastic
193,1.1999999999999993,8.8,5.494999999999999,24.295,12.662819907321847,116347056.42998886,125374726.17890838,326094.1599231353,10.0,8.8,1.645,3.8499999999999996,112526,899142,9.224375812381336,4.73601719632446,3.0576040092454293,1.7970080771016599,1.7970080771016599,0.003496798139775969,0.7689784922444933,0.10076545626700892,0.0038027545435076254,1.1259121291168999,0.4319368752841417,360483,278500,True,True,78.93112110447169,79.0214720357023,80.57660321567178,82.87096928752814,1496274.9278121563,392066.9048907124,887006.9091216363,852638.8973390613,3092407.282920846,2639645.8064606977,481000.0,900000.0,5209180.806674405,5066938.147280365,7566126.314427197,7803951.091080771,2962820.6286834474,2951092.1838123673,523640.0,405384.0,929024.0,655087.8060434571,178211.44171418846,833299.2477576458,1121399.9999999998,491292.3991718431,1611499.5381810034,1086148.0000000002,3104268.0493998183,3668186.9859765274,6300000.0,10761858.265027378,10435764.105104242,68.93228471494966,70.22183891524124,SPY,2026-03-29 00:00:00,25,2,2026-07-01,1957-07-26,1956-04-11,stochastic,stochastic
194,1.1999999999999993,8.8,5.494999999999999,24.295,12.662819907321847,64716843.07798712,69738390.71681611,121444.84400982643,10.0,8.8,1.645,3.8499999999999996,17960,666514,2.6497988234492453,3.096871504804777,1.3927375956436778,1.4715538702176236,1.4715538702176236,-0.008649485659351669,1.3117045564908878,0.3279542299780244,0.0023511708849425304,0.6747571858568964,0.0270333013987738,125075,123176,True,True,78.93112110447169,79.0214720357023,80.57660321567178,82.87096928752814,1298657.9360716701,413641.14034586697,974801.2140209901,939627.8888728326,3025347.1345106806,2814429.102893823,481000.0,900000.0,1340662.841012335,1203750.642884864,3511746.751149967,3686753.5401799036,-187673.95917820546,-211449.7992550669,523640.0,405384.0,929024.0,714307.3192800906,194321.64058241903,908628.9598625097,1121400.0,473808.9579910445,1361580.9002702767,1086148.0000000005,3104408.14964058,3400859.7826803434,6300000.0,6707338.601509387,6585893.757499561,68.93228471494966,70.22183891524124,SPY,2026-03-29 00:00:00,25,2,2026-07-01,1957-07-26,1956-04-11,stochastic,stochastic
195,1.1999999999999993,8.8,5.494999999999999,24.295,12.662819907321847,280228983.7077535,301972677.07322544,-1764683.5188900158,10.0,8.8,1.645,3.8499999999999996,932211,430112,13.77694677214567,1.7869255160562814,5.128859702096794,1.251503180515534,1.251503180515534,0.00201730624609402,1.0702386193760072,0.13437521070857864,-0.0031910526639994503,1.193701497116655,0.22159681694125485,355240,823967,False,True,,79.0214720357023,78.93112110447169,82.87096928752814,504608.7522844757,419370.38695502374,1023232.1481565596,988350.3854758792,2346432.3297094265,2911582.5336324386,481000.0,900000.0,18490436.857023496,17401183.71159389,20609978.951547433,21809428.961654488,16287638.27070931,17335530.0279888,523640.0,405384.0,929024.0,770287.7211574855,209550.66489683045,979838.3860543156,1121399.9999999995,459054.9404248977,515771.9452375537,1086148.0,3106818.536994919,2541585.0282119573,6300000.0,23803160.414552514,25567843.93344253,68.93228471494966,70.22183891524124,SPY,2026-03-29 00:00:00,25,2,2026-07-01,1957-07-26,1956-04-11,stochastic,stochastic
196,1.1999999999999993,8.8,5.494999999999999,24.295,11.663483849771042,86828481.25822897,93565728.22993228,-1255787.626554811,10.0,8.8,1.645,3.8499999999999996,48536,809099,6.1418400989595945,3.260589325480212,2.004520388064781,1.4540198158859177,1.4540198158859177,-0.0067968818006376155,1.3254309004225169,0.42990614335099964,0.0014345850014362465,0.5204780237970204,0.2625865690473844,975864,319835,True,False,78.93112110447169,,80.57660321567178,79.0214720357023,256796.62637762912,406927.16697307985,954246.8113586778,919381.2804587374,2008534.716167405,2773628.0918174153,481000.0,900000.0,3730272.2174309175,3355894.991249452,5959949.135626125,6414606.344511931,1877256.434150164,2086572.7598174845,482300.0,373380.0,855680.0,660369.1941695067,179648.20146381666,840017.3956333232,1121399.9999999998,476061.7348827452,261921.19030142063,1086148.0000000005,3104784.29729798,2303653.879628975,6300000.0,9155164.838328145,10410952.464882955,68.93228471494966,70.22183891524124,SPY,2026-03-29 00:00:00,25,2,2026-07-01,1957-07-26,1956-04-11,stochastic,stochastic
197,1.1999999999999993,8.8,5.494999999999999,24.295,11.663483849771042,123777863.8691524,133382109.23233293,-1634405.9563589972,10.0,8.8,1.645,3.8499999999999996,374948,480554,10.466991988448315,4.251464080798284,3.194327919718464,1.62539367754987,1.62539367754987,-0.004847876203786437,0.7902102137017496,0.0579721624509061,0.0030664908657001217,0.7421690991592111,0.49224152620255524,399135,424870,True,False,78.93112110447169,,80.57660321567178,79.0214720357023,280692.8879854075,399927.639462307,914034.3811977998,879308.6621074105,1966472.4204668172,2693343.043305211,481000.0,900000.0,6935470.64001962,6165776.329967178,8654067.92533629,9526349.037734685,4327058.894430185,4897857.2437641835,482300.0,373380.0,855680.0,627775.1903258784,170781.2612420269,798556.4515679058,1121400.0000000005,487273.6662313498,288959.12735642813,1086148.0000000002,3103161.0639464036,2341036.2199858017,6300000.0,11850906.861389887,13485312.817748884,68.93228471494966,70.22183891524124,SPY,2026-03-29 00:00:00,25,2,2026-07-01,1957-07-26,1956-04-11,stochastic,stochastic
198,1.1999999999999993,8.8,5.494999999999999,24.295,9.99883638952203,133183342.98553516,143517383.85793132,-1897426.8662438132,10.0,8.8,1.645,3.8499999999999996,27078,551008,10.490690757013454,0.9520214651690173,2.7117951939707416,1.0993859865380664,1.0993859865380664,-0.006486553608329259,1.3027608122696122,0.4194511820716534,-0.004279514400728898,0.5791286562553486,0.30695704989571293,116438,788460,False,False,,,78.93112110447169,79.0214720357023,0.0,424217.9715622575,1064949.824087185,1030024.9548460355,1935242.926408293,2994974.7789332205,481000.0,900000.0,8483460.678975716,7710393.642653601,9595626.732741678,10399171.843929462,7263267.2104429435,7992751.804490639,413400.0,320040.0,733440.0,657358.3705548398,178829.13078021238,836187.5013350525,1121400.0,446600.8431254939,0.0,1086147.9999999998,3107725.4185283324,2013843.6634723032,6300000.0,12787901.314213347,14685328.18045716,68.93228471494966,70.22183891524124,SPY,2026-03-29 00:00:00,25,2,2026-07-01,1957-07-26,1956-04-11,stochastic,stochastic
199,1.1999999999999993,8.8,5.494999999999999,24.295,12.662819907321847,117867055.7503151,127012666.1872377,-309046.8127548769,10.0,8.8,1.645,3.8499999999999996,343392,395410,7.394561455767801,2.8759226510039815,2.4685522622134135,1.4321024280946195,1.4321024280946195,-0.0037910988330101085,0.8019075558368278,0.4850966568306021,-0.0012204935069707011,0.9070009247285407,0.20637834159931662,331289,474604,True,True,78.93112110447169,79.0214720357023,80.57660321567178,82.87096928752814,1237387.5419583148,408195.6951119661,976569.1265042024,941572.7862790187,2956087.99101287,2818141.9127832213,481000.0,900000.0,5083858.989029311,4623896.780004401,7089268.844990042,7636750.616196392,3193802.2676046705,3557825.193863906,523640.0,405384.0,929024.0,735222.3918129106,200011.4201741695,935233.8119870806,1121400.0,467143.58677831764,1311638.3308247086,1086148.0000000002,3107434.069776603,3345869.028228076,6300000.0,10281834.775213439,10590881.587968316,68.93228471494966,70.22183891524124,SPY,2026-03-29 00:00:00,25,2,2026-07-01,1957-07-26,1956-04-11,stochastic,stochastic
200,1.1999999999999993,8.8,5.494999999999999,24.295,12.662819907321847,152616166.40544045,164458050.4283811,-1369687.4432724258,10.0,8.8,1.645,3.8499999999999996,124448,5892,8.926945168832678,2.2370345107785683,2.9537978640844305,1.323440503670511,1.323440503670511,0.0006682883176298889,1.029643533754689,0.16942102356276942,-0.00394473893084753,0.9302410615922435,0.009434199525958396,677338,935288,False,True,,79.0214720357023,78.93112110447169,82.87096928752814,514892.94838865957,426024.92720049137,1020566.0542680282,985531.8582979696,2327387.685150098,2906097.912565998,481000.0,900000.0,7766803.838057187,7017446.349508352,9595321.802306954,10430493.615995904,5769298.71658082,6432670.928582784,523640.0,405384.0,929024.0,742640.9927742047,202029.59172402567,944670.584498231,1121399.9999999998,467327.00401022116,537618.160020718,1086147.9999999993,3105530.611582275,2571014.9819988003,6300000.0,12789791.190724678,14159478.633997105,68.93228471494966,70.22183891524124,SPY,2026-03-29 00:00:00,25,2,2026-07-01,1957-07-26,1956-04-11,stochastic,stochastic
EC_CENTERPOINT_0_0,1.1999999999999993,8.8,5.494999999999999,24.295,12.662819907321847,68379227.49953797,73684949.04070583,-127350.0,10.0,8.8,1.645,3.8499999999999996,740264,898910,0.0,0.0,1.0,1.0,1.0,0.0,1.0,0.25,0.0,1.0,0.25,314159,271828,True,True,78.93112110447169,79.0214720357023,80.57660321567178,82.87096928752814,975200.0,437850.0,1121400.0,1086148.0,2980198.0,3107548.0,481000.0,900000.0,0.0,0.0,2032088.0,2032088.0,0.0,0.0,523640.0,405384.0,929024.0,867160.0,235904.0,1103064.0,1121400.0,437850.0,975200.0,1086148.0,3107548.0,2980198.0,6300000.0,5224540.0,5351890.0,68.93228471494966,70.22183891524124,SPY,2026-03-29 00:00:00,25,2,2026-07-01,1957-07-26,1956-04-11,0.0,0.0
EC_CENTERPOINT_0_12,1.1999999999999993,8.8,5.494999999999999,24.295,12.662819907321847,16274059.630450904,17536806.109184038,2324014.8482923703,10.0,8.8,1.645,3.8499999999999996,740264,898910,0.0,12.0000000000001,1.0,4.201731408897596,4.201731408897596,0.0,1.0,0.25,0.0,1.0,0.25,314159,271828,True,True,78.93112110447169,79.0214720357023,80.57660321567178,82.87096928752814,2696635.0546400016,366598.8906742929,669597.937213807,635938.570346778,3918693.650274323,2205536.5075605847,481000.0,900000.0,0.0,0.0,1511801.4822308521,1511801.4822308521,-2871686.5838543307,-2897372.214697912,523640.0,405384.0,929024.0,458143.24598691065,124634.23624394125,582777.4822308518,1121400.0,584691.982736626,3275784.4322938616,1086148.0,3099088.3581487024,5423103.206441073,6300000.0,4712713.12408215,2388698.2757897796,68.93228471494966,70.22183891524124,SPY,2026-03-29 00:00:00,25,2,2026-07-01,1957-07-26,1956-04-11,0.0,0.009488792934583046
EC_CENTERPOINT_2_6,1.1999999999999993,8.8,5.494999999999999,24.295,12.662819907321847,42006716.8218078,45266126.886314735,704192.2703673197,10.0,8.8,1.645,3.8499999999999996,740264,898910,2.000000000000046,6.0000000000000275,1.2850958141199718,2.0919001931327745,2.0919001931327745,0.0,1.0,0.25,0.0,1.0,0.25,314159,271828,True,True,78.93112110447169,79.0214720357023,80.57660321567178,82.87096928752814,1643013.626024307,388951.3126356437,849454.7749307486,814994.8505781328,3154695.7877406874,2564449.625508881,481000.0,900000.0,592784.7995798972,544159.129214889,2529241.768619133,2614934.0465857876,-1600647.0971669685,-1767507.6275768387,523640.0,405384.0,929024.0,611768.568167668,166426.78664263277,778195.3548103004,1121400.0,506712.06578166765,1821542.8581647617,1086148.0000000002,3103188.424943223,3893072.973277197,6300000.0,5726053.34367591,5021861.07330859,68.93228471494966,70.22183891524124,SPY,2026-03-29 00:00:00,25,2,2026-07-01,1957-07-26,1956-04-11,0.0016515813019202241,0.004867550565343048
EC_CENTERPOINT_5_4,1.1999999999999993,8.8,5.494999999999999,24.295,12.662819907321847,77190943.13020091,83180388.53234057,150500.61054118583,10.0,8.8,1.645,3.8499999999999996,740264,898910,5.000000000000071,4.00000000000007,1.8552301271842702,1.643446728157625,1.643446728157625,0.0,1.0,0.25,0.0,1.0,0.25,314159,271828,True,True,78.93112110447169,79.0214720357023,80.57660321567178,82.87096928752814,1384989.4797373065,401687.229581691,927431.6828979579,892704.5872635618,3031841.7440685057,2720136.2701615198,481000.0,900000.0,2546595.528480234,2340965.6861435664,4780832.190712129,5059742.607266631,586205.0623197872,640998.5460484327,523640.0,405384.0,929024.0,682289.1398697267,185611.34883046715,867900.4887001939,1121399.9999999998,482785.48680207785,1485658.3192507878,1086147.9999999995,3104611.248356705,3534022.275452393,6300000.0,7976220.942355422,7825720.331814238,68.93228471494966,70.22183891524124,SPY,2026-03-29 00:00:00,25,2,2026-07-01,1957-07-26,1956-04-11,0.0040741237836483535,0.0032737397821989145
EC_CENTERPOINT_6_6,1.1999999999999993,8.8,5.494999999999999,24.295,12.662819907321847,68379227.49953797,73684949.04070583,537331.7399574504,10.0,8.8,1.645,3.8499999999999996,740264,898910,6.0000000000000275,6.0000000000000275,2.0919001931327745,2.0919001931327745,2.0919001931327745,0.0,1.0,0.25,0.0,1.0,0.25,314159,271828,True,True,78.93112110447169,79.0214720357023,80.57660321567178,82.87096928752814,1643013.626024307,388951.3126356437,849454.7749307486,814994.8505781328,3154695.7877406874,2564449.625508881,481000.0,900000.0,2504974.495600997,2361664.620997674,5090860.401081554,5343413.209458077,0.0,0.0,523640.0,405384.0,929024.0,611768.568167668,166426.78664263277,778195.3548103004,1121400.0,506712.06578166765,1821542.8581647617,1086148.0000000002,3103188.424943223,3893072.973277197,6300000.0,8287671.976138331,7750340.23618088,68.93228471494966,70.22183891524124,SPY,2026-03-29 00:00:00,25,2,2026-07-01,1957-07-26,1956-04-11,0.004867550565343048,0.004867550565343048
REPLAY_CENTERPOINT,1.1999999999999993,8.8,5.494999999999999,24.295,9.99883638952203,78749423.6205214,84859795.56441,-1545926.8816755083,10.0,8.8,1.645,3.8499999999999996,740264,898910,7.999999999999963,4.000000000000048,2.1589249972727806,1.4802442849183521,1.4802442849183521,0.0068122507422182,0.8934722576907159,0.3971721322072199,-0.0048161705509744,1.0502745708323007,0.0459961806916466,314159,271828,False,False,,,78.93112110447169,79.0214720357023,0.0,401687.229581691,927431.6828979579,892704.5872635618,1775391.8168452529,2720136.2701615198,481000.0,900000.0,4201817.542721214,3787414.038391023,5992158.984094462,6481838.573614872,2229743.882684363,2470266.4857848,413400.0,320040.0,733440.0,565379.822462743,153807.09631238863,719186.9187751317,1121399.9999999998,482785.48680207785,0.0,1086147.9999999995,3104611.248356705,2048363.9562016067,6300000.0,9187547.735737758,10733474.617413266,68.93228471494966,70.22183891524124,SPY,2026-03-29 00:00:00,25,2,2026-07-01,1957-07-26,1956-04-11,0.00643403011000343,0.0032737397821989145
REPLAY_GUTZ_1,4.595493792092485,6.77412308112206,2.878532843659877,21.02227279799648,12.334271066483227,193893205.7324912,208937882.25136414,-1607437.3860591985,11.369616873214545,6.77412308112206,0.8899014468750402,1.9886313967848368,813270,912756,12.529468666940001,3.190605162593063,4.288288300451504,1.4730877989745064,1.4730877989745064,0.0021327155153435,1.2294965609839985,0.2718124957327114,0.0043507242378776,1.3158535541215322,0.001369250085074,857404,33586,True,True,80.30281251497293,76.9954208505308,81.1926322922442,78.98314133760447,390244.7967808235,434539.3897038153,1013373.8426117214,881194.1036636656,2167689.333448042,2794567.946275387,481000.0,900000.0,12653857.32056805,11915223.642740795,16294436.591692727,17211020.02177594,10154502.867880024,10844417.268222691,509860.0,394716.0,904576.0,696078.8677203491,189362.73491708693,885441.6026374365,1223100.0000000002,521592.46402796474,428534.7904767479,1080631.9999999995,3201328.8721542466,2510474.91617826,6300000.0,19393107.71953848,21000545.10559768,68.93228471494966,70.22183891524124,SPY,2026-03-29 00:00:00,25,2,2026-07-01,1957-07-26,1956-04-11,stochastic,stochastic
CENTERPOINT,1.1999999999999993,8.8,5.494999999999999,24.295,12.662819907321847,110289997.9165118,118847684.79188558,-11056.203013442457,10.0,8.8,1.645,3.8499999999999996,740264,898910,7.999999999999963,4.00000000000007,2.650742672189845,1.643446728157625,1.643446728157625,0.0,1.0,0.25,0.0,1.0,0.25,314159,271828,True,True,78.93112110447169,79.0214720357023,80.57660321567178,82.87096928752814,1384989.4797373065,401687.229581691,927431.6828979579,892704.5872635618,3031841.7440685057,2720136.2701615198,481000.0,900000.0,5172200.321837003,4847460.901199021,7844389.372092932,8284856.6022020625,2970415.812790369,3186766.1100736298,523640.0,405384.0,929024.0,682289.1398697267,185611.34883046715,867900.4887001939,1121399.9999999998,482785.48680207785,1485658.3192507878,1086147.9999999995,3104611.248356705,3534022.275452393,6300000.0,11039778.123736227,11050834.326749668,68.93228471494966,70.22183891524124,SPY,2026-03-29 00:00:00,25,2,2026-07-01,1957-07-26,1956-04-11,0.00643403011000343,0.0032737397821989145
