date,apy_roi,apy_cpi,cpi_one_dollar,roi_one_dollar,num_il_2,num_il_1,num_al_2,num_al_1,num_il,num_non_taylor_2,num_non_taylor_1,num_non_taylor,earn_norm_lc,earn_norm_cc,mo_earn_lc_norm,cum_mo_earn_lc_norm,mo_earn_cc_norm,cum_mo_earn_cc_norm,mo_earn_inv_lc_norm,cum_mo_earn_inv_lc_norm,mo_earn_inv_cc_norm,cum_mo_earn_inv_cc_norm,mo_earn_ss_man_norm,cum_mo_earn_ss_man_norm,mo_earn_ss_woman_norm,cum_mo_earn_ss_woman_norm,mo_earn_ss_norm,cum_mo_earn_ss_norm,mo_earn_pen_man_norm,cum_mo_earn_pen_man_norm,mo_earn_pen_woman_norm,cum_mo_earn_pen_woman_norm,mo_earn_pen_norm,cum_mo_earn_pen_norm,exp_norm_total_lc,exp_norm_total_cc,worth_norm_lc,worth_norm_cc,added_lc_worth_norm,mo_exp_lc_norm,cum_mo_exp_lc_norm,mo_exp_cc_norm,cum_mo_exp_cc_norm,mo_exp_al_cc_norm,cum_mo_exp_al_cc_norm,mo_exp_non_taylor_norm,cum_mo_exp_non_taylor_norm,mo_exp_total_lc_norm,cum_mo_exp_total_lc_norm,mo_exp_total_cc_norm,cum_mo_exp_total_cc_norm
2026-07-31,4.00000000000007,2.0000000000000684,1.0016515813019202,1.003273739782199,2.0,0.0,0.0,0.0,2.0,2.0,0.0,2.0,20590.5536544413,20590.5536544413,33947.58789136383,33947.58789136383,33947.58789136383,33947.58789136383,10202.747758329882,10202.747758329882,10202.747758329882,10202.747758329882,3445.0,3445.0,2667.0,2667.0,6112.0,6112.0,5695.593264660743,5695.593264660743,1549.4409722617834,1549.4409722617834,7245.034236922527,7245.034236922527,919212.0,494365.09160889767,10168706.986907614,7158417.209395055,3010289.7775125597,9600.0,9600.0,3753.091608897652,3753.091608897652,0.0,0.0,9612.0,9612.0,917728.027729127,917728.027729127,493571.9908730199,493571.9908730199
2026-08-31,4.00000000000007,2.0000000000000684,1.0033058903246372,1.0065581969365593,2.0,0.0,0.0,0.0,2.0,2.0,0.0,2.0,38181.05355576255,39567.340481911895,30969.53900575044,64917.12689711427,32355.82593189978,66303.4138232636,8733.025295496589,18935.773053826473,9419.939113626075,19622.686871955957,3445.0,6890.0,2667.0,5334.0,6112.0,12224.0,5686.202039693047,11381.79530435379,1546.8861639971267,3096.3271362589103,7233.088203690173,14478.1224406127,938392.3221385911,507711.2402362326,10168706.986907614,7158417.209395055,3010289.7775125597,9600.0,19200.0,3756.1857666074584,7509.27737550511,0.0,0.0,9612.0,19224.0,19212.00000000006,936940.0277291271,13368.185766607467,506940.1766396274
2026-09-30,4.00000000000007,2.0000000000000684,1.0049629315732038,1.009853406548969,2.0,0.0,0.0,0.0,2.0,2.0,0.0,2.0,55718.10357207286,58505.20542619836,30933.167022692054,95850.29391980632,32336.267741065854,98639.68156432945,8720.912324872366,27656.68537869884,9416.157481916096,29038.844353872053,3445.0,10335.0,2667.0,8001.0,6112.0,18336.0,5676.826299522506,17058.621603876294,1544.3355682487168,4640.6627045076275,7221.161867771223,21699.284308383925,957541.018648071,521038.4796672064,10168706.986907614,7158417.209395055,3010289.7775125597,9600.0,28800.0,3759.282475230733,11268.559850735843,0.0,0.0,9612.0,28836.0,19211.999999999964,956152.0277291271,13371.282475230757,520311.4591148581
2026-10-31,4.00000000000007,2.0000000000000684,1.006622709560113,1.0131594038201774,2.0,0.0,0.0,0.0,2.0,2.0,0.0,2.0,73201.94130489923,77404.32428955498,30896.964174721288,126747.25809452761,32316.840840660014,130956.52240498946,8708.873417690393,36365.55879638923,9412.431161383527,38451.27551525558,3445.0,13780.0,2667.0,10668.0,6112.0,24448.0,5667.46601861689,22726.087622493185,1541.7891780707123,6182.45188257834,7209.255196687603,28908.539505071527,976658.1416746137,534346.8436334169,10168706.986907614,7158417.209395055,3010289.7775125597,9600.000000000004,38400.0,3762.3817368705227,15030.941587606365,0.0,0.0,9611.999999999998,38448.0,19211.99999999995,975364.0277291271,13374.381736870473,533685.8408517286
2026-11-30,4.00000000000007,2.0000000000000684,1.0082852288053108,1.0164762240661724,2.0,0.0,0.0,0.0,2.0,2.0,0.0,2.0,90632.80389432967,96264.87256875164,30860.930359745842,157608.18845427345,32297.545182646296,163254.06758763577,8696.908539429844,45062.46733581908,9408.760144292817,47860.03565954839,3445.0,17225.0,2667.0,13335.0,6112.0,30560.0,5658.121171486065,28384.20879397925,1539.2469865287244,7721.698869107064,7197.3681580147895,36105.90766308631,995743.7432784118,547636.3658129479,10168706.986907614,7158417.209395055,3010289.7775125597,9600.000000000002,48000.0,3765.4835536316104,18796.425141237974,0.0,0.0,9612.0,48060.0,19212.000000000025,994576.0277291271,13377.483553631622,547063.3244053602
2026-12-31,4.00000000000007,2.0000000000000684,1.009950493836208,1.0198039027185573,2.0,0.0,0.0,0.0,2.0,2.0,0.0,2.0,108010.92802017526,115087.02545588267,30825.065476128046,188433.2539304015,32278.380719347384,195532.44830698316,8685.017655768703,53747.48499158778,9405.144423059606,57265.180082608,3445.0,20670.0,2667.0,16002.0,6112.0,36672.0,5648.791732681925,34033.00052666118,1536.708986699798,9258.407855806861,7185.500719381724,43291.408382468035,1014797.8754338176,560907.0798304593,10168706.986907614,7158417.209395055,3010289.7775125597,9600.0,57600.0,3768.5879276205096,22565.013068858483,0.0,0.0,9612.000000000004,57672.0,19211.99999999998,1013788.0277291271,13380.587927620516,560443.9123329807
2027-01-31,4.00000000000007,2.0000000000000684,1.011618509187693,1.0231424753249287,2.0,0.0,0.0,0.0,2.0,2.0,0.0,2.0,125336.54990313006,133870.95783917443,30789.369422684635,219222.62335308612,32259.347403444473,227791.79571042763,8673.200732583622,62420.6857241714,9401.583990250738,66666.76407285874,3445.0,24115.0,2667.0,18669.0,6112.0,42784.0,5639.4776767983285,39672.478203459505,1534.1751716723938,10792.583027479255,7173.652848470722,50465.06123093876,1033820.5900294854,574159.0192572771,10168706.986907614,7158417.209395055,3010289.7775125597,9599.999999999993,67200.0,3771.6948609454735,26336.707929803957,0.0,0.0,9611.999999999995,67284.0,19212.000000000073,1033000.0277291272,13383.69486094541,573827.6071939261
2027-02-28,4.00000000000007,2.0000000000000684,1.0132892794021437,1.0264919775492574,2.0,0.0,0.0,0.0,2.0,2.0,0.0,2.0,142609.90530592887,152616.8443037913,30753.842098686364,249976.4654517725,32240.445187977064,260032.24089840468,8661.457735949853,71082.14346012125,9398.078838584228,76064.84291144297,3445.0,27560.0,2667.0,21336.0,6112.0,48896.0,5630.178978471023,45302.657181930525,1531.6455345463676,12324.228562025623,7161.82451301739,57626.88574395615,1052811.9388685126,587392.2176114831,10168706.986907614,7158417.209395055,3010289.7775125597,9600.000000000004,76800.0,3774.804355716494,30111.51228552045,0.0,0.0,9611.999999999996,76896.0,19212.000000000087,1052212.0277291273,13386.80435571654,587214.4115496427
2027-03-31,4.00000000000007,2.0000000000000684,1.0149628090294405,1.0298524451722684,2.0,0.0,0.0,0.0,2.0,2.0,0.0,2.0,159831.229534503,171324.8591326404,30718.48340385779,280694.9488556303,32221.674026342946,292253.9149247476,8649.788632141128,79731.93209226237,9394.628960929227,85459.4718723722,3445.0,31005.0,2667.0,24003.0,6112.0,55008.0,5620.895612377574,50923.552794308096,1529.1200684329528,13853.348630458575,7150.015680810528,64776.90142476668,1071771.97366858,600606.7083580038,10168706.986907614,7158417.209395055,3010289.7775125597,9600.000000000002,86400.0,3777.9164140453026,33889.42869956575,0.0,0.0,9612.0,86508.0,19211.9999999998,1071424.027729127,13389.916414045325,600604.3279636881
2027-04-30,4.00000000000007,2.0000000000000684,1.0166391026269779,1.0332239140918236,2.0,0.0,0.0,0.0,2.0,2.0,0.0,2.0,177000.75743913377,189995.17630717516,30683.293238376966,311378.24209400726,32203.03387229798,324456.94879704557,8638.193387629597,88370.12547989197,9391.234350305996,94850.7062226782,3445.0,34450.0,2667.0,26670.0,6112.0,61120.0,5611.627553237307,56535.18034754541,1526.5987664547417,15379.947396913316,7138.226319692049,71915.12774445873,1090700.746062094,613802.5249087006,10168706.986907614,7158417.209395055,3010289.7775125597,9599.999999999996,96000.0,3781.03103804537,37670.45973761112,0.0,0.0,9612.000000000004,96120.0,19212.000000000127,1090636.0277291273,13393.031038045387,613997.3590017335
2027-05-31,4.00000000000007,2.0000000000000684,1.0183181647596775,1.0366064203233052,2.0,0.0,0.0,0.0,2.0,2.0,0.0,2.0,194118.72341560406,208627.96950819713,30648.271502875188,342026.51359688246,32184.524679956055,356641.47347700165,8626.671969085704,96996.79744897767,9387.894999885959,104238.60122256416,3445.0,37895.0,2667.0,29337.0,6112.0,67232.0,5602.374775811229,62137.55512335664,1524.0816217456663,16904.02901865898,7126.456397556894,79041.58414201562,1109598.3075963266,626979.7006224587,10168706.986907614,7158417.209395055,3010289.7775125597,9599.999999999998,105600.0,3784.1482298319042,41454.60796744302,0.0,0.0,9612.000000000004,105732.0,19211.9999999999,1109848.0277291273,13396.148229831864,627393.5072315653
2027-06-30,4.00000000000007,2.0000000000000684,1.0200000000000002,1.0400000000000005,2.0,0.0,0.0,0.0,2.0,2.0,0.0,2.0,211185.36140634777,227223.4121166567,30613.418098436658,372639.93169531913,32166.146403788844,388807.6198807905,8615.224343378082,105612.02179235575,9384.61090299154,113623.2121255557,3445.0,41340.0,2667.0,32004.0,6112.0,73344.0,5593.13725490196,67730.6923782586,1521.56862745098,18425.59764610996,7114.70588235294,86156.29002436856,1128464.7097335544,640138.2688052761,10168706.986907614,7158417.209395055,3010289.7775125597,9599.999999999998,115200.0,3787.267991521879,45241.8759589649,0.0,0.0,9612.000000000004,115344.0,19211.999999999985,1129060.0277291273,13399.267991521854,640792.7752230872
2027-07-31,4.00000000000007,2.0000000000000684,1.0216846129279589,1.0434046893734874,2.0,0.0,0.0,0.0,2.0,2.0,0.0,2.0,228200.904901597,245781.67721445233,30578.73292659831,403218.6646219174,32147.898998625733,420955.5188794162,8603.850477573482,114215.87226992923,9381.382053096302,123004.594178652,3445.0,44785.0,2667.0,34671.0,6112.0,79456.0,5583.914965353669,73314.60734361227,1519.0597767272382,19944.657422837197,7102.974742080907,93259.26476644946,1147300.0038512014,653278.2627103525,10168706.986907614,7158417.209395055,3010289.7775125597,9599.999999999993,124800.0,3790.3903252339815,49032.26628419888,0.0,0.0,9611.999999999998,124956.0,19212.000000000076,1148272.0277291273,13402.390325234059,654195.1655483212
2027-08-31,4.00000000000007,2.0000000000000684,1.0233720081311304,1.0468205248140223,2.0,0.0,0.0,0.0,2.0,2.0,0.0,2.0,245165.58694052754,264302.9375852285,30544.215889349398,433762.8805112668,32129.782419653726,453085.30129906995,8592.550338936679,122808.4226088659,9378.208443824808,132382.8026224768,3445.0,48230.0,2667.0,37338.0,6112.0,85568.0,5574.707882052004,78889.31522566426,1516.5550627422804,21461.21248557948,7091.262944794284,100350.52771124375,1166104.241241977,666399.7155381786,10168706.986907614,7158417.209395055,3010289.7775125597,9600.000000000002,134400.0,3793.5152330886644,52825.78151728754,0.0,0.0,9611.999999999995,134568.0,19211.999999999825,1167484.027729127,13405.515233088667,667600.6807814098
2027-09-30,4.00000000000007,2.0000000000000684,1.0250621902046684,1.0502475428109284,2.0,0.0,0.0,0.0,2.0,2.0,0.0,2.0,262079.64011240174,282787.3657151723,30509.866889131292,464272.74740039813,32111.796622417303,485197.09792148723,8581.323894930372,131389.74650379628,9375.090068952653,141757.89269142944,3445.0,51675.0,2667.0,40005.0,6112.0,91680.0,5565.515979924023,84454.83120558829,1514.0544786752118,22975.26696425469,7079.570458599234,107430.09816984298,1184877.473114016,679502.660436624,10168706.986907614,7158417.209395055,3010289.7775125597,9600.0,144000.0,3796.64271720813,56622.42423449567,0.0,0.0,9611.99999999999,144180.0,19212.00000000022,1186696.0277291273,13408.642717208142,681009.323498618
2027-10-31,4.00000000000007,2.0000000000000684,1.0267551637513157,1.053685779972985,2.0,0.0,0.0,0.0,2.0,2.0,0.0,2.0,278943.2965577098,301235.13379380887,30475.685828837195,494748.43322923535,32093.94156281829,517291.03948430554,8570.171113215109,139959.91761701138,9372.026922406449,151129.9196138359,3445.0,55120.0,2667.0,42672.0,6112.0,97792.0,5556.339233938125,90011.17043952641,1511.558017716384,24486.824981971073,7067.897251654509,114497.99542149749,1203619.7505910187,692587.1305010265,10168706.986907614,7158417.209395055,3010289.7775125597,9600.000000000007,153600.0,3799.7727797163247,60422.197014212,0.0,0.0,9612.000000000011,153792.0,19211.999999999905,1205908.0277291273,13411.772779716293,694421.0962783343
2027-11-30,4.00000000000007,2.0000000000000684,1.0284509333814174,1.05713527302882,2.0,0.0,0.0,0.0,2.0,2.0,0.0,2.0,295756.7879693087,319646.4137147945,30441.672611811973,525190.1058410474,32076.217197115595,549367.2566814212,8559.091961649097,148519.00957866048,9369.01899826377,160498.93861209968,3445.0,58565.0,2667.0,45339.0,6112.0,103904.0,5547.1776191039835,95558.34805863039,1509.0656730673763,25995.89065503845,7056.24329217136,121554.23871366885,1222331.1247123894,705653.1587742798,10168706.986907614,7158417.209395055,3010289.7775125597,9600.000000000011,163200.0,3802.905422738943,64225.10243695094,0.0,0.0,9611.99999999999,163404.0,19211.99999999997,1225120.0277291273,13414.90542273894,707836.0017010733
2027-12-31,4.00000000000007,2.0000000000000684,1.0301495037129325,1.0605960588273,2.0,0.0,0.0,0.0,2.0,2.0,0.0,2.0,312520.34559355915,338021.3770767101,30407.827141851623,555597.932982899,32058.623481925457,581425.8801633467,8548.086408288282,157067.09598694876,9366.066290753202,169865.00490285287,3445.0,62010.0,2667.0,48006.0,6112.0,110016.0,5538.031110472475,101096.37916910287,1506.5774379409781,27502.468092979427,7044.608548413453,128598.8472620823,1241011.6464333755,718700.778246922,10168706.986907614,7158417.209395055,3010289.7775125597,9600.000000000015,172800.0,3806.040648403448,68031.14308535439,0.0,0.0,9612.000000000015,173016.0,19212.000000000087,1244332.0277291273,13418.040648403456,721254.0423494767
2028-01-31,4.00000000000007,2.0000000000000684,1.0318508793714471,1.0640681743379263,2.0,0.0,0.0,0.0,2.0,2.0,0.0,2.0,329234.2002314607,356360.1951838519,30374.149323203303,585972.0823061023,32041.16037422094,613467.0405375676,8537.15442138609,165604.25040833483,9363.16879425425,179228.17369710712,3445.0,65455.0,2667.0,50673.0,6112.0,116128.0,5528.899683135615,106625.2788522385,1504.09330556117,29006.561398540598,7032.992988696786,135631.8402507791,1259661.3666252068,731730.0218572239,10168706.986907614,7158417.209395055,3010289.7775125597,9599.999999999998,182400.0,3809.1784588390237,71840.32154419342,0.0,0.0,9612.0,182628.0,19212.000000000055,1263544.0277291273,13421.17845883908,734675.2208083158
2028-02-29,4.00000000000007,2.0000000000000684,1.033555064990187,1.0675516566512282,2.0,0.0,0.0,0.0,2.0,2.0,0.0,2.0,345898.58223978407,374663.0390470211,30340.639060564718,616312.721366667,32023.82783133191,645490.8683688994,8526.29596939349,174130.54637772831,9360.326503297374,188588.5002004045,3445.0,68900.0,2667.0,53340.0,6112.0,122240.0,5519.78331222649,112145.06216446498,1501.6132691631049,30508.174667703704,7021.396581389595,142653.23683216868,1278280.3360752333,744740.9224912766,10168706.986907614,7158417.209395055,3010289.7775125597,9600.0,192000.0,3812.318856176641,75652.64040037006,0.0,0.0,9612.000000000005,192240.0,19212.000000000062,1282756.0277291273,13424.318856176576,748099.5396644924
2028-03-31,4.00000000000007,2.0000000000000684,1.0352620652100297,1.0710465429791596,2.0,0.0,0.0,0.0,2.0,2.0,0.0,2.0,362513.7215322027,392930.0793843131,30307.296259084374,646620.0176257513,32006.62581094511,677497.4941798445,8515.511020958704,182646.05739868703,9357.539412563969,197946.03961296845,3445.0,72345.0,2667.0,56007.0,6112.0,128352.0,5510.681972919188,117655.74413738417,1499.1373219930904,32007.311989696795,7009.819294912279,149663.05612708096,1296868.6054870642,757733.5129830795,10168706.986907614,7158417.209395055,3010289.7775125597,9600.0,201600.0,3815.461842549037,79468.10224291909,0.0,0.0,9611.999999999996,201852.0,19211.99999999974,1301968.027729127,13427.461842549103,761527.0015070415
2028-04-30,4.00000000000007,2.0000000000000684,1.036971884679518,1.074552870655497,2.0,0.0,0.0,0.0,2.0,2.0,0.0,2.0,379079.84758042067,411161.4866219036,30274.1208243606,676894.138450112,31989.55427110374,709487.0484509482,8504.79954492735,191150.85694361437,9354.807516886232,207300.8471298547,3445.0,75790.0,2667.0,58674.0,6112.0,134464.0,5501.59564042873,123157.3397778129,1496.6654573085696,33503.97744700537,6998.2610977373,156661.31722481825,1315426.2254807055,770707.8261146278,10168706.986907614,7158417.209395055,3010289.7775125597,9600.0,211200.0,3818.6074200906455,83286.70966300974,0.0,0.0,9612.000000000007,211464.0,19212.000000000204,1321180.0277291273,13430.607420090513,774957.608927132
2028-05-31,4.00000000000007,2.0000000000000684,1.0386845280548715,1.0780706771362378,2.0,0.0,0.0,0.0,2.0,2.0,0.0,2.0,395597.1894153001,429357.4308948356,30241.112662442032,707135.251112554,31972.613170207587,741459.6616211558,8494.161510342206,199645.01845395658,9352.1308112474,216652.9779411021,3445.0,79235.0,2667.0,61341.0,6112.0,140576.0,5492.524290011006,128649.8640678239,1494.1976683781036,34998.17511538347,6986.721958389109,163648.03918320735,1333953.246592698,783663.8946159999,10168706.986907614,7158417.209395055,3010289.7775125597,9599.999999999987,220800.0,3821.755590937744,87108.46525394748,0.0,0.0,9612.00000000001,221076.0,19211.999999999967,1340392.0277291273,13433.755590937808,788391.3645180698
2028-06-30,4.00000000000007,2.0000000000000684,1.0404000000000009,1.0816000000000008,2.0,0.0,0.0,0.0,2.0,2.0,0.0,2.0,412065.9756279854,447518.08204780304,30208.27167982673,737343.5227923808,31955.80246701288,773415.4640881687,8483.596886443092,208128.61534039967,9349.509290781458,226002.48723188354,3445.0,82680.0,2667.0,64008.0,6112.0,146688.0,5483.467896962702,134133.3319647866,1491.7339484813522,36489.90906386482,6975.201845444054,170623.2410286514,1352449.7192762545,796601.7511654454,10168706.986907614,7158417.209395055,3010289.7775125597,9599.999999999989,230400.0,3824.906357228297,90933.37161117577,0.0,0.0,9611.999999999995,230688.0,19211.999999999898,1359604.0277291273,13436.906357228305,801828.2708752981
2028-07-31,4.00000000000007,2.0000000000000684,1.0421183051865186,1.0851408769484272,2.0,0.0,0.0,0.0,2.0,2.0,0.0,2.0,428486.4343710261,465643.60963593447,30175.597783462323,767519.1205758431,31939.122120631946,805354.5862088007,8473.105642666895,216601.72098306657,9346.942950773318,235349.43018265686,3445.0,86125.0,2667.0,66675.0,6112.0,152800.0,5474.426436621241,139607.75840140783,1489.2742909090564,37979.18335477388,6963.700727530298,177586.94175618168,1370915.6939013987,809521.4283894714,10168706.986907614,7158417.209395055,3010289.7775125597,9600.000000000011,240000.0,3828.059721102082,94761.43133227785,0.0,0.0,9611.999999999995,240300.0,19212.000000000062,1378816.0277291273,13440.059721102092,815268.3305964002
2028-08-31,4.00000000000007,2.0000000000000684,1.0438394482937534,1.0886933458065835,2.0,0.0,0.0,0.0,2.0,2.0,0.0,2.0,444858.79335949733,483734.18292557466,30143.090880745447,797662.2114565886,31922.572090533402,837277.1582993341,8462.687748647446,225064.408731714,9344.431786658712,244693.86196931556,3445.0,89570.0,2667.0,69342.0,6112.0,158912.0,5465.399884364708,145073.15828577254,1486.8186889630194,39466.002043736895,6952.218573327727,184539.1603295094,1389351.2207551005,822422.9588629303,10168706.986907614,7158417.209395055,3010289.7775125597,9600.0,249600.0,3831.2156847006286,98592.64701697847,0.0,0.0,9612.000000000005,249912.0,19211.99999999992,1398028.0277291273,13443.215684700646,828711.5462811008
2028-09-30,4.00000000000007,2.0000000000000684,1.045563434008762,1.0922574445233657,2.0,0.0,0.0,0.0,2.0,2.0,0.0,2.0,461183.27987211844,501789.97089506534,30110.750879521765,827772.9623361103,31906.152336541832,869183.3106358759,8452.343174215384,233516.75190592938,9341.975794024134,254035.8377633397,3445.0,93015.0,2667.0,72009.0,6112.0,165024.0,5456.388215611785,150529.54650138432,1484.3671359560897,40950.369179692985,6940.755351567875,191479.91568107728,1407756.3500414132,835306.3751091063,10168706.986907614,7158417.209395055,3010289.7775125597,9599.999999999985,259200.0,3834.374250167199,102427.02126714567,0.0,0.0,9612.000000000007,259524.0,19212.00000000013,1417240.0277291276,13446.374250167164,842157.920531268
2028-10-31,4.00000000000007,2.0000000000000684,1.0472902670263424,1.0958332111719047,2.0,0.0,0.0,0.0,2.0,2.0,0.0,2.0,477460.1207523695,519811.14223552414,30078.577688085505,857851.5400241958,31889.862818837642,901073.1734547135,8442.071889398108,241958.82379532748,9339.574968607034,263375.41273194674,3445.0,96460.0,2667.0,74676.0,6112.0,171136.0,5447.39140582169,155976.937907206,1481.9196252121405,42432.288804905125,6929.311031033831,198409.22671211112,1426131.131881612,848171.7095998027,10168706.986907614,7158417.209395055,3010289.7775125597,9599.999999999982,268800.0,3837.5354196468575,106264.55668679252,0.0,0.0,9612.000000000024,269136.0,19212.000000000062,1436452.0277291276,13449.535419646852,855607.4559509149
2028-11-30,4.00000000000007,2.0000000000000684,1.0490199520490462,1.099420683949973,2.0,0.0,0.0,0.0,2.0,2.0,0.0,2.0,493689.54240960616,537797.865351623,30046.571215179247,887898.1112393751,31873.70349795722,932946.8769526707,8431.873864419655,250390.69765974712,9337.229306295505,272712.64203824225,3445.0,99905.0,2667.0,77343.0,6112.0,177248.0,5438.409430494099,161415.3473377001,1479.4761500660545,43911.76495497118,6917.885580560153,205327.11229267129,1444475.6163143283,861018.9947554278,10168706.986907614,7158417.209395055,3010289.7775125597,9599.999999999987,278400.0,3840.6991952864464,110105.25588207897,0.0,0.0,9612.000000000025,278748.0,19212.00000000001,1455664.0277291276,13452.699195286583,869060.1551462015
2028-12-31,4.00000000000007,2.0000000000000684,1.0507524937871917,1.1030199011803923,2.0,0.0,0.0,0.0,2.0,2.0,0.0,2.0,509871.77082017175,555750.3083623644,30014.731369993795,917912.8426093688,31857.674334792617,964804.5512874634,8421.749069700689,258812.4467294478,9334.93880312853,282047.5808413708,3445.0,103350.0,2667.0,80010.0,6112.0,183360.0,5429.442265169089,166844.7896028692,1477.0367038637032,45388.801658834884,6906.4789690327925,212233.59126170407,1462789.8532956871,873848.2629450823,10168706.986907614,7158417.209395055,3010289.7775125597,9600.000000000002,288000.0,3843.8655792345394,113949.12146131351,0.0,0.0,9611.999999999984,288360.0,19211.999999999876,1474876.0277291273,13455.865579234523,882516.020725436
2029-01-31,4.00000000000007,2.0000000000000684,1.0524878969588767,1.1066309013114437,2.0,0.0,0.0,0.0,2.0,2.0,0.0,2.0,526007.031528508,573668.6391018569,29983.058062167605,947895.9006715365,31841.775290591315,996646.3265780547,8411.697475858356,267224.1442053062,9332.703455295865,291380.2842966667,3445.0,106795.0,2667.0,82677.0,6112.0,189472.0,5420.4898854270705,172265.27948829625,1474.6012799619305,46863.40293879681,6895.091165389001,219128.68242709307,1481073.8926994433,886659.5464866448,10168706.986907614,7158417.209395055,3010289.7775125597,9599.999999999998,297600.0,3847.0345736415043,117796.15603495501,0.0,0.0,9612.000000000002,297972.0,19212.0,1494088.0277291273,13459.03457364145,895975.0552990775
2029-02-28,4.00000000000007,2.0000000000000684,1.0542261662899912,1.1102537229172775,2.0,0.0,0.0,0.0,2.0,2.0,0.0,2.0,542095.5496482638,591553.0251200888,29951.551201786926,977847.4518733234,31826.006326956493,1028472.3329050111,8401.719053706196,275625.8632590124,9330.523259137979,300710.80755580467,3445.0,110240.0,2667.0,85344.0,6112.0,195584.0,5411.552266888713,177676.83175518498,1472.1698717285335,48335.572810525344,6883.722138617247,226012.4045657103,1499327.7843171163,899452.8776468586,10168706.986907614,7158417.209395055,3010289.7775125597,9599.999999999998,307200.0,3850.206180659493,121646.3622156145,0.0,0.0,9612.000000000024,307584.0,19212.000000000076,1513300.0277291273,13462.206180659488,909437.261479737
2029-03-31,4.00000000000007,2.0000000000000684,1.0559673065142308,1.1138884046983262,2.0,0.0,0.0,0.0,2.0,2.0,0.0,2.0,558137.5498634011,609403.6336837014,29920.210699385265,1007767.6625727087,31810.367405846642,1060282.7003108577,8391.813774254077,284017.67703326646,9328.3982111461,310039.2057669508,3445.0,113685.0,2667.0,88011.0,6112.0,201696.0,5402.629385214888,183079.46114039986,1469.7424725422447,49805.31528306759,6872.371857757133,232884.77642346744,1517551.5778581272,912228.2886414176,10168706.986907614,7158417.209395055,3010289.7775125597,9599.999999999998,316800.0,3853.380402442405,125499.7426180569,0.0,0.0,9612.000000000002,317196.0,19212.0,1532512.0277291273,13465.38040244242,922902.6418821794
2029-04-30,4.00000000000007,2.0000000000000684,1.0577113223731087,1.1175349854817171,2.0,0.0,0.0,0.0,2.0,2.0,0.0,2.0,574133.2564293003,627220.6317767596,29889.036465943253,1037656.6990386519,31794.85848957528,1092077.558800433,8381.981608708084,292399.65864197456,9326.328307962243,319365.534074913,3445.0,117130.0,2667.0,90678.0,6112.0,207808.0,5393.721216106596,188473.18235650644,1467.3190757927148,51272.634358860305,6861.040291899311,239745.81671536676,1535745.322949932,924985.8116350526,10168706.986907614,7158417.209395055,3010289.7775125597,9599.999999999982,326400.0,3856.5572411459334,129356.29985920283,0.0,0.0,9612.0,326808.0,19211.999999999873,1551724.027729127,13468.557241145878,936371.1991233253
2029-05-31,4.00000000000007,2.0000000000000684,1.0594582186159696,1.1211935042216876,2.0,0.0,0.0,0.0,2.0,2.0,0.0,2.0,590082.893173862,645004.1861015232,29858.02841288838,1067514.7274515403,31779.47954081143,1123857.0383412444,8372.222528470496,300771.88117044506,9324.31354637903,328689.84762129205,3445.0,120575.0,2667.0,93345.0,6112.0,213920.0,5384.827735304904,193858.01009181133,1464.899674880493,52737.5340337408,6849.727410185397,246595.54412555214,1553909.06913816,937725.4787416162,10168706.986907614,7158417.209395055,3010289.7775125597,9600.000000000005,336000.0,3859.7366989275392,133216.03655813038,0.0,0.0,9612.000000000015,336420.0,19212.000000000186,1570936.0277291273,13471.736698927636,949842.9358222529
2029-06-30,4.00000000000007,2.0000000000000684,1.0612080000000015,1.1248640000000012,2.0,0.0,0.0,0.0,2.0,2.0,0.0,2.0,605986.683498608,662754.4630792144,29827.18645209455,1097341.9139036348,31764.230522578833,1155621.2688638233,8362.536505139722,309134.4176755848,9322.353923339975,338012.20154463203,3445.0,124020.0,2667.0,96012.0,6112.0,220032.0,5375.9489185908815,199233.9590104022,1462.484263217011,54200.01829695781,6838.433181807893,253433.97730736004,1572042.865886745,950447.3220241696,10168706.986907614,7158417.209395055,3010289.7775125597,9599.999999999985,345600.0,3862.918777946482,137078.95533607685,0.0,0.0,9611.999999999976,346032.0,19211.999999999854,1590148.027729127,13474.918777946486,963317.8546001994
2029-07-31,4.00000000000007,2.0000000000000684,1.0629606712902497,1.1285465120263647,2.0,0.0,0.0,0.0,2.0,2.0,0.0,2.0,621844.8503797798,680471.6288507864,29796.51049588226,1127138.424399517,31749.111398256457,1187370.3802620796,8352.923510510062,317487.34118609485,9320.449435939168,347332.65098057117,3445.0,127465.0,2667.0,98679.0,6112.0,226144.0,5367.084741785527,204601.04375218775,1460.0728342245638,55660.09113118237,6827.15757601009,260261.13488337013,1590146.7625780627,963151.3734950672,10168706.986907614,7158417.209395055,3010289.7775125597,9600.00000000001,355200.0,3866.1034803637517,140945.0588164406,0.0,0.0,9612.000000000007,355644.0,19211.99999999991,1609360.027729127,13478.103480363732,976795.9580805631
2029-08-31,4.00000000000007,2.0000000000000684,1.0647162372596293,1.1322410796388471,2.0,0.0,0.0,0.0,2.0,2.0,0.0,2.0,637657.6163694353,698155.849277689,29766.000457018035,1156904.4248565352,31734.122131577933,1219104.5023936576,8343.383516571783,325830.72470266663,9318.600081421435,356651.2510619926,3445.0,130910.0,2667.0,101346.0,6112.0,232256.0,5358.235180749709,209959.27893293745,1457.6653813362925,57117.75651251867,6815.900562086002,267077.03544545616,1608220.8085130642,975837.6651160427,10168706.986907614,7158417.209395055,3010289.7775125597,9600.000000000004,364800.0,3869.290808342191,144814.3496247828,0.0,0.0,9611.999999999982,365256.0,19211.999999999985,1628572.027729127,13481.290808342173,990277.2488889053
2029-09-30,4.00000000000007,2.0000000000000684,1.066474702688938,1.1359477423043007,2.0,0.0,0.0,0.0,2.0,2.0,0.0,2.0,653425.2035965434,715807.2899426338,29735.656248714084,1186640.0811052492,31719.262686631657,1250823.7650802892,8333.916495510968,334164.6411981776,9316.80585718225,365968.05691917485,3445.0,134355.0,2667.0,104013.0,6112.0,238368.0,5349.4002113841,215308.67914432156,1455.261897996165,58573.01841051483,6804.662109380265,273881.6975548364,1626265.05291141,988506.2287982937,10168706.986907614,7158417.209395055,3010289.7775125597,9600.0,374400.0,3872.4807640463605,148686.83038882917,0.0,0.0,9612.000000000005,374868.0,19212.000000000062,1647784.027729127,13484.480764046395,1003761.7296529517
2029-10-31,4.00000000000007,2.0000000000000684,1.06823607236687,1.1396665396187813,2.0,0.0,0.0,0.0,2.0,2.0,0.0,2.0,669147.8337680761,733426.1161503581,29705.47778462845,1216345.5588898777,31704.533027860816,1282528.29810815,8324.522419709458,342489.16361788707,9315.06676076789,375283.12367994274,3445.0,137800.0,2667.0,106680.0,6112.0,244480.0,5340.579809629104,220649.25895395066,1452.8623776589604,60025.88078817379,6793.442187288064,280675.1397421245,1644279.5449116048,1001157.0964025676,10168706.986907614,7158417.209395055,3010289.7775125597,9600.000000000015,384000.0,3875.67334964267,152562.50373847183,0.0,0.0,9611.999999999976,384480.0,19211.99999999999,1666996.027729127,13487.673349642619,1017249.4030025944
2029-11-30,4.00000000000007,2.0000000000000684,1.0700003510900278,1.1433975113079722,2.0,0.0,0.0,0.0,2.0,2.0,0.0,2.0,684825.7281701003,751012.4929283868,29675.4649788642,1246021.023868742,31689.93312006284,1314218.2312282128,8315.201261744729,350804.3648796318,9313.382789875108,384596.50646981783,3445.0,141245.0,2667.0,109347.0,6112.0,250592.0,5331.773951464799,225981.03290541546,1450.4668137902486,61476.34760196404,6782.240765255048,287457.38050737954,1662264.3335711306,1013790.2997392453,10168706.986907614,7158417.209395055,3010289.7775125597,9599.999999999989,393600.0,3878.8685672992433,156441.37230577107,0.0,0.0,9612.000000000004,394092.0,19211.999999999938,1686208.027729127,13490.868567299329,1030740.2715698937
2029-12-31,4.00000000000007,2.0000000000000684,1.0717675436629361,1.1471406972276084,2.0,0.0,0.0,0.0,2.0,2.0,0.0,2.0,700459.1076688654,768566.5850277939,29645.61774596997,1275666.6416147118,31675.462928389883,1345893.6941566027,8305.952994389867,359110.31787402165,9311.753942351523,393908.26041216933,3445.0,144690.0,2667.0,112014.0,6112.0,256704.0,5322.98261291087,231304.0155183263,1448.075199866375,62924.42280183041,6771.057812777244,294228.43832015677,1680219.4678665805,1026405.8705684278,10168706.986907614,7158417.209395055,3010289.7775125597,9600.0,403200.0,3882.0664191860483,160323.43872495712,0.0,0.0,9611.999999999976,403704.0,19212.00000000014,1705420.0277291273,13494.066419185807,1044234.3379890795
2030-01-31,4.00000000000007,2.0000000000000684,1.0735376548980549,1.1508961373639017,2.0,0.0,0.0,0.0,2.0,2.0,0.0,2.0,716048.1927118909,786088.5569239624,29615.936000938855,1305282.5776156506,31661.122418348354,1377554.8165749512,8296.777590613581,367407.09546463523,9310.180216195271,403218.4406283646,3445.0,148135.0,2667.0,114681.0,6112.0,262816.0,5314.205770026537,236618.22128835286,1445.6875293744408,64370.11033120485,6759.893299400977,300988.33161955775,1698144.9966937923,1039003.8406000193,10168706.986907614,7158417.209395055,3010289.7775125597,9599.999999999973,412800.0,3885.2669074747864,164208.7056324319,0.0,0.0,9611.999999999975,413316.0,19212.0,1724632.0277291273,13497.266907474816,1057731.6048965543
2030-02-28,4.00000000000007,2.0000000000000684,1.0753106896157918,1.154663871833969,2.0,0.0,0.0,0.0,2.0,2.0,0.0,2.0,731593.203329051,803578.572817343,29586.419659208717,1334868.9972748593,31646.91155579868,1409201.72813075,8287.675023579828,375694.7704882151,9308.66160955516,412527.1022379198,3445.0,151580.0,2667.0,117348.0,6112.0,268928.0,5305.4433989105,241923.66468726334,1443.3037958122868,65813.41412701714,6748.747194722787,307737.0788142805,1716040.9688679813,1051584.2414938128,10168706.986907614,7158417.209395055,3010289.7775125597,9600.000000000007,422400.0,3888.470034339022,168097.17566677093,0.0,0.0,9612.000000000004,422928.0,19211.99999999985,1743844.027729127,13500.470034338972,1071232.0749308933
2030-03-31,4.00000000000007,2.0000000000000684,1.0770866526445162,1.1584439408862597,2.0,0.0,0.0,0.0,2.0,2.0,0.0,2.0,747094.3591336574,821036.796634211,29557.068636661876,1364426.0659115212,31632.830306955788,1440834.5584377057,8278.64526664802,383973.4157548631,9307.198120730734,421834.30035865057,3445.0,155025.0,2667.0,120015.0,6112.0,275040.0,5296.695475700867,247220.3601629642,1440.9239926884743,67254.33811970562,6737.619468389341,314474.6982826699,1733907.4331238745,1064147.1048595733,10168706.986907614,7158417.209395055,3010289.7775125597,9599.999999999985,432000.0,3891.6758019540666,171988.85146872498,0.0,0.0,9611.999999999976,432540.0,19212.000000000015,1763056.027729127,13503.675801954178,1084735.7507328475
2030-04-30,4.00000000000007,2.0000000000000684,1.0788655488205716,1.1622363849009862,2.0,0.0,0.0,0.0,2.0,2.0,0.0,2.0,762551.8793235404,838463.3920274223,29527.882849624722,1393953.9487611458,31618.87863838826,1472453.437076094,8269.68829337289,392243.104048236,9305.789748171954,431140.0901068225,3445.0,158470.0,2667.0,122682.0,6112.0,281152.0,5287.96197657509,252508.3221395393,1438.5481135222683,68692.88623322788,6726.510090097358,321201.20837276726,1751744.4381158403,1076692.4622571245,10168706.986907614,7158417.209395055,3010289.7775125597,9599.999999999993,441600.0,3894.88421249703,175883.73568122202,0.0,0.0,9611.999999999975,442152.0,19211.999999999967,1782268.027729127,13506.884212496976,1098242.6349453444
2030-05-31,4.00000000000007,2.0000000000000684,1.0806473829882897,1.1660412443905557,2.0,0.0,0.0,0.0,2.0,2.0,0.0,2.0,777965.9826821274,855858.5223771691,29498.862214867564,1423452.8109760133,31605.05651701909,1504058.4935931133,8260.804077504243,400503.90812574024,9304.436490479631,440444.5265973021,3445.0,161915.0,2667.0,125349.0,6112.0,287264.0,5279.2428777499035,257787.5650172892,1436.1761518436197,70129.0623850715,6715.419029593523,327916.6274023608,1769552.0324180243,1089220.3451964294,10168706.986907614,7158417.209395055,3010289.7775125597,9599.999999999982,451200.0,3898.0952681468075,179781.83094936883,0.0,0.0,9612.000000000024,451764.0,19212.000000000004,1801480.027729127,13510.095268146884,1111752.7302134912
2030-06-30,4.00000000000007,2.0000000000000684,1.0824321600000022,1.1698585600000018,2.0,0.0,0.0,0.0,2.0,2.0,0.0,2.0,793336.8875795208,873222.3507917325,29470.006649604322,1452922.8176256176,31591.36391012471,1535649.857503238,8251.992592987132,408755.9007187274,9303.13834640508,449747.6649437072,3445.0,165360.0,2667.0,128016.0,6112.0,293376.0,5270.538155481253,263058.10317277047,1433.8081011931472,71562.87048626466,6704.3462566744,334620.97365903517,1787330.26452448,1101730.7851376776,10168706.986907614,7158417.209395055,3010289.7775125597,9599.999999999995,460800.0,3901.3089710841296,183683.13992045296,0.0,0.0,9611.99999999998,461376.0,19211.999999999975,1820692.027729127,13513.308971083976,1125266.0391845752
2030-07-31,4.00000000000007,2.0000000000000684,1.0842198847160553,1.1736883725074196,2.0,0.0,0.0,0.0,2.0,2.0,0.0,2.0,808664.8119735729,890555.0401082358,29441.316071492656,1482364.1336971102,31577.80078533566,1567227.6582885736,8243.253813961572,416999.15453268896,9301.895314850306,459049.5602585575,3445.0,168805.0,2667.0,130683.0,6112.0,299488.0,5261.847786064239,268319.9509588347,1431.4439551221208,72994.31444138677,6693.29174118636,341314.2654002215,1805079.1828493015,1114223.8134913673,10168706.986907614,7158417.209395055,3010289.7775125597,9600.000000000024,470400.0,3904.52532349147,187587.66524394442,0.0,0.0,9612.000000000004,470988.0,19212.00000000008,1839904.027729127,13516.525323491634,1138782.5645080667
2030-08-31,4.00000000000007,2.0000000000000684,1.0860105620048224,1.1775307228244014,2.0,0.0,0.0,0.0,2.0,2.0,0.0,2.0,823949.9734109588,907856.7528933941,29412.79039863291,1511776.924095743,31564.367110635812,1598792.0253992095,8234.587714762636,425233.7422474516,9300.70739486781,468350.2676534253,3445.0,172250.0,2667.0,133350.0,6112.0,305600.0,5253.171745833046,273573.1227046678,1429.083707192443,74423.39814857922,6682.255453025489,347996.520853247,1822798.835726754,1126699.4616183895,10168706.986907614,7158417.209395055,3010289.7775125597,9600.00000000002,480000.0,3907.7443275531155,191495.40957149753,0.0,0.0,9612.00000000001,480600.0,19212.00000000003,1859116.027729127,13519.74432755307,1152302.3088356198
2030-09-30,4.00000000000007,2.0000000000000684,1.0878041967427174,1.1813856519964732,2.0,0.0,0.0,0.0,2.0,2.0,0.0,2.0,839192.5890282474,925127.6514442653,29384.429549568988,1541161.3536453121,31551.06285436273,1630343.0882535721,8225.994269920258,433459.7365173719,9299.574585660841,477649.8422390861,3445.0,175695.0,2667.0,136017.0,6112.0,311712.0,5244.510011160879,278817.63271582866,1426.7273509766317,75850.12549955586,6671.237362137511,354667.75821538456,1840489.2714114068,1139157.7608301123,10168706.986907614,7158417.209395055,3010289.7775125597,9599.999999999978,489600.0,3910.9659854552087,195406.37555695273,0.0,0.0,9612.000000000024,490212.0,19211.99999999984,1878328.0277291269,13522.96598545534,1165825.2748210751
2030-10-31,4.00000000000007,2.0000000000000684,1.089600793814208,1.185253201203533,2.0,0.0,0.0,0.0,2.0,2.0,0.0,2.0,854392.8755529721,942367.8977889984,29356.233443286914,1570517.587088599,31537.887985207777,1661880.97623878,8217.473454159144,441677.20997153106,9298.496886583076,486948.3391256692,3445.0,179140.0,2667.0,138684.0,6112.0,317824.0,5235.862558459902,284053.4952742886,1424.3748800578035,77274.50037961366,6660.237438517705,361327.99565390224,1858150.5380782643,1151598.7423884624,10168706.986907614,7158417.209395055,3010289.7775125597,9599.999999999987,499200.0,3914.1902993856033,199320.56585633833,0.0,0.0,9611.99999999998,499824.0,19212.000000000073,1897540.0277291269,13526.19029938545,1179351.4651204606
2030-11-30,4.00000000000007,2.0000000000000684,1.091400358111829,1.1891334117602916,2.0,0.0,0.0,0.0,2.0,2.0,0.0,2.0,869551.049304697,959577.6536875808,29328.20199921578,1599845.789087815,31524.8424722153,1693405.8187109954,8209.025242398866,449886.2352139299,9297.474297138962,496245.8134228082,3445.0,182585.0,2667.0,141351.0,6112.0,323936.0,5227.229364181173,289280.72463846975,1422.0262880296546,78696.52666764331,6649.255652210828,367977.2513061131,1875782.6838228977,1164022.4375060112,10168706.986907614,7158417.209395055,3010289.7775125597,9599.999999999949,508799.99999999994,3917.417271534063,203237.9831278724,0.0,0.0,9612.000000000013,509436.0,19212.00000000007,1916752.0277291269,13529.417271533943,1192880.8823919946
2030-12-31,4.00000000000007,2.0000000000000684,1.0932028945361956,1.1930263251167132,2.0,0.0,0.0,0.0,2.0,2.0,0.0,2.0,884667.3261960829,976757.0806325844,29300.33513722666,1629146.1242250416,31511.926284783196,1724917.7449957787,8200.649609753536,458086.8848236834,9296.506816983418,505542.3202397916,3445.0,186030.0,2667.0,144018.0,6112.0,330048.0,5218.610404814574,294499.33504328434,1419.6815684964452,80116.20823613975,6638.291973311019,374615.54327942414,1893385.756661574,1176428.8773460556,10168706.986907614,7158417.209395055,3010289.7775125597,9600.00000000005,518400.0,3920.6469040920606,207158.63003196445,0.0,0.0,9612.000000000025,519048.0,19211.99999999986,1935964.0277291266,13532.646904092273,1206413.5292960869
2031-01-31,4.00000000000007,2.0000000000000684,1.0950084079960165,1.1969319828584584,2.0,0.0,0.0,0.0,2.0,2.0,0.0,2.0,899741.9217339512,993906.33984991,29272.632777632647,1658418.7570026743,31499.139392662466,1756416.8843884412,8192.346531531934,466279.23135521536,9295.5944459221,514837.9146857137,3445.0,189475.0,2667.0,146685.0,6112.0,336160.0,5210.0056568887585,299709.3407001731,1417.3407150729804,81533.54895121272,6627.346371961739,381242.8896513859,1910959.8045313894,1188818.0930227018,10168706.986907614,7158417.209395055,3010289.7775125597,9600.000000000002,528000.0,3923.879199252928,211082.50923121738,0.0,0.0,9611.999999999947,528660.0,19211.99999999995,1955176.0277291266,13535.87919925277,1219949.4084953396
2031-02-28,4.00000000000007,2.0000000000000684,1.0968169034081081,1.2008504267073283,2.0,0.0,0.0,0.0,2.0,2.0,0.0,2.0,914775.0510203453,1011025.5922995314,29245.094841188828,1687663.851843863,31486.481765957327,1787903.3661543985,8184.115983237462,474463.3473384528,9294.73718391118,524132.6518696249,3445.0,192920.0,2667.0,149352.0,6112.0,342272.0,5201.415096971076,304910.7557971442,1415.0037213845942,82948.55267259732,6616.418818355671,387859.30846974155,1928504.8752903985,1201190.1156009492,10168706.986907614,7158417.209395055,3010289.7775125597,9599.999999999995,537600.0,3927.1141592117806,215009.62339042916,0.0,0.0,9611.999999999984,538272.0,19211.999999999978,1974388.0277291266,13539.114159211764,1233488.5226545513
2031-03-31,4.00000000000007,2.0000000000000684,1.098628385697407,1.2047816985217106,2.0,0.0,0.0,0.0,2.0,2.0,0.0,2.0,929766.9287535904,1028114.9986762378,29217.72124909179,1716881.5730929547,31473.953375124947,1819377.3195295234,8175.957940567888,482639.3052790207,9293.935031057228,533426.5869006822,3445.0,196365.0,2667.0,152019.0,6112.0,348384.0,5192.838701667514,310103.5944988117,1412.6705810671308,84361.22325366444,6605.509282734645,394464.8177524762,1946021.0167177445,1213544.9760967717,10168706.986907614,7158417.209395055,3010289.7775125597,9600.000000000038,547200.0,3930.351786165584,218939.97517659474,0.0,0.0,9611.999999999967,547884.0,19212.00000000022,1993600.0277291269,13542.351786165711,1247030.874440717
2031-04-30,4.00000000000007,2.0000000000000684,1.1004428597969838,1.2087258402970262,2.0,0.0,0.0,0.0,2.0,2.0,0.0,2.0,944717.7692293524,1045174.7194103745,29190.511922979465,1746072.0850159342,31461.554190975534,1850838.873720499,8167.8723794153275,490807.177658436,9293.18798761759,542719.7748882998,3445.0,199810.0,2667.0,154686.0,6112.0,354496.0,5184.276447622635,315287.8709464343,1410.3412877669289,85771.56454143138,6594.617735389564,401059.43548786576,1963508.2765137893,1225882.7054772014,10168706.986907614,7158417.209395055,3010289.7775125597,9599.999999999962,556800.0,3933.5920823130323,222873.56725890777,0.0,0.0,9611.999999999996,557496.0,19211.99999999985,2012812.0277291266,13545.592082312844,1260576.4665230298
2031-05-31,4.00000000000007,2.0000000000000684,1.102260330648056,1.2126828941661785,2.0,0.0,0.0,0.0,2.0,2.0,0.0,2.0,959627.7863416927,1062204.914668584,29163.466784931028,1775235.5518008652,31449.28418467251,1882288.1579051714,8159.859275866272,498967.0369343023,9292.496054000358,552012.2709423001,3445.0,203255.0,2667.0,157353.0,6112.0,360608.0,5175.72831151951,320463.5992579538,1408.0158351408027,87179.58037657218,6583.744146660312,407643.1796345261,1980966.7023002445,1238203.3346604104,10168706.986907614,7158417.209395055,3010289.7775125597,9600.000000000031,566400.0,3936.835049854765,226810.40230876254,0.0,0.0,9611.99999999998,567108.0,19212.000000000116,2032024.0277291266,13548.835049854799,1274125.3015728847
2031-06-30,4.00000000000007,2.0000000000000684,1.104080803200003,1.2166529024000023,2.0,0.0,0.0,0.0,2.0,2.0,0.0,2.0,974497.1935841232,1079205.7443545426,29136.585757466644,1804372.137558332,31437.14332773132,1913725.3012329028,8151.918606201496,507118.9555405038,9291.859230763925,561304.1301730641,3445.0,206700.0,2667.0,160020.0,6112.0,366720.0,5167.194270079656,325630.7935280335,1405.6942168560258,88585.2745934282,6572.8884869356825,414216.0681214618,1998396.341620299,1250506.8945157938,10168706.986907614,7158417.209395055,3010289.7775125597,9599.999999999984,576000.0,3940.080690993085,230750.48299975562,0.0,0.0,9611.999999999958,576720.0,19211.999999999836,2051236.0277291264,13552.080690993174,1287677.382263878
2031-07-31,4.00000000000007,2.0000000000000684,1.105904282410377,1.220635907407717,2.0,0.0,0.0,0.0,2.0,2.0,0.0,2.0,989326.2040506583,1096177.3681097,29109.86876354672,1833482.0063218786,31425.13159202091,1945150.4328249237,8144.050346895958,515263.0058873997,9291.277518617302,570595.4076916814,3445.0,210145.0,2667.0,162687.0,6112.0,372832.0,5158.674300062976,330789.4678280965,1403.3764265903137,89988.65102001851,6562.0507266532895,420778.1188481151,2015797.2419387512,1262793.4158640513,10168706.986907614,7158417.209395055,3010289.7775125597,9599.999999999976,585600.0,3943.3290079322037,234693.81200768784,0.0,0.0,9611.999999999976,586332.0,19211.999999999847,2070448.0277291262,13555.329007932021,1301232.7112718099
2031-08-31,4.00000000000007,2.0000000000000684,1.1077307732449195,1.2246319517373783,2.0,0.0,0.0,0.0,2.0,2.0,0.0,2.0,1004115.0304368659,1113119.945314015,29083.31572657296,1862565.3220484515,31413.2489497625,1976563.681774686,8136.254474618728,523399.2603620184,9290.75091842018,579886.1586101016,3445.0,213590.0,2667.0,165354.0,6112.0,378944.0,5150.168378267688,335939.63620636414,1401.0624580318058,91389.71347805033,6551.230836299494,427329.34968441457,2033169.4506421362,1275062.9294772702,10168706.986907614,7158417.209395055,3010289.7775125597,9600.000000000036,595200.0,3946.580002878165,238640.392010566,0.0,0.0,9611.99999999997,595944.0,19212.00000000022,2089660.0277291264,13558.580002878189,1314791.291274688
2031-09-30,4.00000000000007,2.0000000000000684,1.1095602806775724,1.2286410780763328,2.0,0.0,0.0,0.0,2.0,2.0,0.0,2.0,1018863.8850409152,1130033.6350866891,29056.926570386502,1891622.248618838,31401.495373529924,2007965.177148216,8128.530966232655,531527.7913282511,9290.279431182797,589176.4380412843,3445.0,217035.0,2667.0,168021.0,6112.0,385056.0,5141.67648153027,341081.3126878944,1398.75230487905,92788.46578292937,6540.42878640932,433869.7784708239,2050513.0150388544,1287315.4660790064,10168706.986907614,7158417.209395055,3010289.7775125597,9599.999999999949,604800.0,3949.8336780387463,242590.22568860473,0.0,0.0,9611.999999999969,605556.0,19212.000000000022,2108872.0277291266,13561.833678038742,1328353.1249527268
2031-10-31,4.00000000000007,2.0000000000000684,1.1113928096904928,1.232663329251675,2.0,0.0,0.0,0.0,2.0,2.0,0.0,2.0,1033572.979764624,1146918.596286903,29030.701219269362,1920652.9498381072,31389.870836249436,2039355.0479844655,8120.879798795014,539648.6711270461,9289.863058066072,598466.3010993504,3445.0,220480.0,2667.0,170688.0,6112.0,391168.0,5133.198586725392,346214.5112746198,1396.445960840983,94184.91174377035,6529.644547566375,440399.42301839025,2067827.982359303,1299551.0563443662,10168706.986907614,7158417.209395055,3010289.7775125597,9599.99999999998,614400.0,3953.0900356236207,246543.31572422833,0.0,0.0,9611.999999999967,615168.0,19211.999999999633,2128084.027729126,13565.09003562364,1341918.2149883504
2031-11-30,4.00000000000007,2.0000000000000684,1.1132283652740662,1.2366987482307041,2.0,0.0,0.0,0.0,2.0,2.0,0.0,2.0,1048242.5261145033,1163774.987514546,29004.63959794229,1949657.5894360496,31378.37531119959,2070733.423295665,8113.300949556765,547761.9720766029,9289.501800381355,607755.8028997318,3445.0,223925.0,2667.0,173355.0,6112.0,397280.0,5124.734670765853,351339.24594538566,1394.1434196369155,95579.05516340726,6518.878090402768,446918.301108793,2085114.399756002,1311769.7309000897,10168706.986907614,7158417.209395055,3010289.7775125597,9600.00000000002,624000.0,3956.3490778442524,250499.6648020726,0.0,0.0,9612.000000000025,624780.0,19212.000000000044,2147296.027729126,13568.3490778442,1355486.5640661947
2031-12-31,4.00000000000007,2.0000000000000684,1.11506695242692,1.2407473781213827,2.0,0.0,0.0,0.0,2.0,2.0,0.0,2.0,1062872.7352028002,1180602.9671109505,28978.741631567023,1978636.3310676166,31367.008772011788,2102100.432067677,8105.794395962605,555867.7664725655,9289.195659590643,617044.9985593224,3445.0,227370.0,2667.0,176022.0,6112.0,403392.0,5116.284710602521,356455.5306559882,1391.844674996514,96970.89983840377,6508.129385599035,453426.43049439206,2102372.314303724,1323971.5203246297,10168706.986907614,7158417.209395055,3010289.7775125597,9600.000000000002,633600.0,3959.6108069139286,254459.27560898653,0.0,0.0,9612.000000000045,634392.0,19212.000000000153,2166508.027729126,13571.61080691408,1369058.1748731087
2032-01-31,4.00000000000007,2.0000000000000684,1.1169085761559376,1.2448092621727977,2.0,0.0,0.0,0.0,2.0,2.0,0.0,2.0,1077463.8177485396,1197402.693159621,28953.00724574345,2007589.33831336,31355.77119266911,2133456.203260346,8098.360115651098,563966.1265882165,9288.94463730639,626333.9431966288,3445.0,230815.0,2667.0,178689.0,6112.0,409504.0,5107.84868322427,361563.3793392125,1389.5497206597838,98360.44955906355,6497.398403884054,459923.8288982761,2119601.7729996215,1336156.4551482357,10168706.986907614,7158417.209395055,3010289.7775125597,9599.999999999978,643200.0,3962.8752250477305,258422.15083403426,0.0,0.0,9611.999999999969,644004.0,19211.999999999844,2185720.027729126,13574.875225047545,1382633.0500981563
2032-02-29,4.00000000000007,2.0000000000000684,1.118753241476271,1.2488844437756226,2.0,0.0,0.0,0.0,2.0,2.0,0.0,2.0,1092015.9840785628,1214174.3234869624,28927.436366511385,2036516.7746798713,31344.662547507014,2164800.8658078527,8090.998086454585,572057.1246746711,9288.748735292029,635622.6919319208,3445.0,234260.0,2667.0,181356.0,6112.0,415616.0,5099.426565657914,366662.8059048704,1387.2585503770522,99747.7081094406,6486.685116034966,466410.5140143111,2136802.822763356,1348324.565853034,10168706.986907614,7158417.209395055,3010289.7775125597,9600.000000000016,652800.0,3966.1423344627187,262388.293168497,0.0,0.0,9611.99999999997,653616.0,19212.000000000196,2204932.027729126,13578.142334462742,1396211.1924326192
2032-03-31,4.00000000000007,2.0000000000000684,1.120600953411356,1.2529729664625802,2.0,0.0,0.0,0.0,2.0,2.0,0.0,2.0,1106529.4441285657,1230918.0156630087,28902.02892034957,2065418.803600221,31333.682811213126,2196134.548619066,8083.708286398981,580140.8329610701,9288.607955461128,644911.299887382,3445.0,237705.0,2667.0,184023.0,6112.0,421728.0,5091.018334968147,371753.8242398385,1384.971157908951,101132.67926734955,6475.989492877098,472886.5035071882,2153975.5104372245,1360475.8828731081,10168706.986907614,7158417.209395055,3010289.7775125597,9599.999999999967,662400.0,3969.412137377541,266357.7053058745,0.0,0.0,9612.000000000025,663228.0,19211.99999999989,2224144.027729126,13581.412137377463,1409792.6045699967
2032-04-30,4.00000000000007,2.0000000000000684,1.122451716992924,1.2570748739089086,2.0,0.0,0.0,0.0,2.0,2.0,0.0,2.0,1121004.4074441332,1247633.9270021499,28876.78483417511,2094295.588434396,31322.83195882706,2227457.380577893,8076.490693703762,588217.3236547739,9288.522299878196,654199.8221872601,3445.0,241150.0,2667.0,186690.0,6112.0,427840.0,5082.623968257482,376836.44820809603,1382.6875370264002,102515.36680437595,6465.311505283882,479351.81501247204,2171119.882786288,1372610.436594582,10168706.986907614,7158417.209395055,3010289.7775125597,9599.99999999998,672000.0,3972.6846360128197,270330.38994188735,0.0,0.0,9612.000000000004,672840.0,19211.99999999998,2243356.027729126,13584.684636013031,1423377.2892060098
2032-05-31,4.00000000000007,2.0000000000000684,1.1243055372610178,1.261190209932827,2.0,0.0,0.0,0.0,2.0,2.0,0.0,2.0,1135441.0831817745,1264322.2145638561,28851.70403534427,2123147.2924697404,31312.109965740427,2258769.4905436332,8069.345286781947,596286.6689415558,9288.491770758019,663488.3139580182,3445.0,244595.0,2667.0,189357.0,6112.0,433952.0,5074.243442666184,381910.6916507622,1380.4076815105902,103895.77448588655,6454.651124176774,485806.46613664884,2188235.986498499,1384728.257355698,10168706.986907614,7158417.209395055,3010289.7775125597,9599.99999999996,681600.0,3975.959832591047,274306.3497744784,0.0,0.0,9611.999999999965,682452.0,19211.999999999924,2262568.027729126,13587.959832590908,1436965.2490386008
2032-06-30,4.00000000000007,2.0000000000000684,1.1261624192640034,1.265319018496004,2.0,0.0,0.0,0.0,2.0,2.0,0.0,2.0,1149839.680109954,1280983.0351534036,28826.786451651067,2151974.0789213916,31301.516807696735,2290071.00735133,8062.272044240057,604348.9409857958,9288.51637046634,672776.8303284845,3445.0,248040.0,2667.0,192024.0,6112.0,440064.0,5065.8767353722105,386976.56838613446,1378.131585152966,105273.90607103951,6444.008320525177,492250.474457174,2205323.8681848273,1396829.3754469007,10168706.986907614,7158417.209395055,3010289.7775125597,9599.99999999998,691200.0,3979.237729336373,278285.5875038148,0.0,0.0,9612.000000000047,692064.0,19212.000000000233,2281780.0277291266,13591.237729336368,1450556.4867679372
2032-07-31,4.00000000000007,2.0000000000000684,1.128022368058585,1.2694613437040272,2.0,0.0,0.0,0.0,2.0,2.0,0.0,2.0,1164200.4066101215,1297616.5453225968,28802.032011327996,2180776.1109327194,31291.052460790965,2321362.059812121,8055.2709448778605,612404.2119306737,9288.596101519175,682065.4264300037,3445.0,251485.0,2667.0,194691.0,6112.0,446176.0,5057.523823591151,392034.0922097256,1375.859241755209,106649.76531279473,6433.38306534636,498683.85752252035,2222383.5743793882,1408913.8211109159,10168706.986907614,7158417.209395055,3010289.7775125597,9599.99999999995,700800.0,3982.518328475017,282268.1058322898,0.0,0.0,9612.00000000003,701676.0,19211.999999999774,2300992.0277291266,13594.518328475098,1464151.0050964123
2032-08-31,4.00000000000007,2.0000000000000684,1.1298853887098184,1.2736172298068749,2.0,0.0,0.0,0.0,2.0,2.0,0.0,2.0,1178523.470677741,1314222.9013704897,28777.440643045582,2209553.551575765,31280.716901470474,2352642.7767135915,8048.3419676886215,620452.5538983623,9288.730966583564,691354.1573965873,3445.0,254930.0,2667.0,197358.0,6112.0,452288.0,5049.184684576164,397083.27689430176,1373.590645129221,108023.35595792395,6422.775329705385,505106.63285222574,2239415.1515395697,1420981.62454283,10168706.986907614,7158417.209395055,3010289.7775125597,9600.000000000018,710400.0,3985.801632234845,286253.9074645246,0.0,0.0,9612.000000000051,711288.0,19212.00000000007,2320204.0277291266,13597.801632234794,1477748.806728647
2032-09-30,4.00000000000007,2.0000000000000684,1.1317514862911244,1.2777867211993876,2.0,0.0,0.0,0.0,2.0,2.0,0.0,2.0,1192809.0799233168,1330802.2593441082,28753.012275911635,2238306.563851677,31270.51010653365,2383913.2868201253,8041.485091858613,628494.038990221,9288.920968476652,700643.078365064,3445.0,258375.0,2667.0,200025.0,6112.0,458400.0,5040.85929561791,402124.13618991966,1371.3257890971072,109394.68174702107,6412.185084715017,511518.81793694076,2256418.646046156,1433032.8158901737,10168706.986907614,7158417.209395055,3010289.7775125597,9600.00000000004,720000.0,3989.0876428456777,290242.9951073703,0.0,0.0,9611.999999999969,720900.0,19212.000000000113,2339416.0277291266,13601.0876428457,1491349.8943714928
2032-10-31,4.00000000000007,2.0000000000000684,1.1336206658843033,1.2819698624217435,2.0,0.0,0.0,0.0,2.0,2.0,0.0,2.0,1207057.4415734177,1347354.775039168,28728.74683947219,2267035.310691149,31260.43205313101,2415173.7188732564,8034.700296767644,636528.7392869886,9289.16611016663,709932.2444752306,3445.0,261820.0,2667.0,202692.0,6112.0,464512.0,5032.547634044498,407156.68382396415,1369.064667491159,110763.74641451222,6401.612301535657,517920.43023847643,2273394.104203459,1445067.4252529992,10168706.986907614,7158417.209395055,3010289.7775125597,9599.999999999975,729600.0,3992.376362539024,294235.3714699093,0.0,0.0,9611.99999999997,730512.0,19211.999999999844,2358628.0277291266,13604.376362539098,1504954.270734032
2032-11-30,4.00000000000007,2.0000000000000684,1.1354929325795482,1.2861666981599336,2.0,0.0,0.0,0.0,2.0,2.0,0.0,2.0,1221268.7624717017,1363880.6040007942,28704.644263710106,2295739.954954859,31250.482718764197,2446424.2015920207,8027.987561988346,644556.7268489769,9289.466394772104,719221.7108700026,3445.0,265265.0,2667.0,205359.0,6112.0,470624.0,5024.249677221421,412180.93350118556,1366.807274153838,112130.55368866606,6391.056951375259,524311.4871898517,2290341.572239438,1457085.4826839617,10168706.986907614,7158417.209395055,3010289.7775125597,9599.999999999978,739200.0,3995.6677935484317,298231.03926345776,0.0,0.0,9612.000000000036,740124.0,19211.999999999913,2377840.0277291266,13607.667793548468,1518561.9385275804
2032-12-31,4.00000000000007,2.0000000000000684,1.137368291475459,1.290377273246239,2.0,0.0,0.0,0.0,2.0,2.0,0.0,2.0,1235443.2490799339,1380379.9015242376,28680.704479045286,2324420.659433904,31240.662081286817,2477664.8636733075,8021.346867286668,652578.0737162636,9289.821825562367,728511.532695565,3445.0,268710.0,2667.0,208026.0,6112.0,476736.0,5015.965402551489,417196.898903737,1364.5536029377583,113495.10729160381,6380.519005489247,530692.006195341,2307261.0963058323,1469087.0181883988,10168706.986907614,7158417.209395055,3010289.7775125597,9599.999999999975,748800.0,3998.961938109122,302230.0012015669,0.0,0.0,9612.00000000003,749736.0,19212.000000000207,2397052.0277291266,13610.961938109202,1532172.9004656896
2033-01-31,4.00000000000007,2.0000000000000684,1.1392467476790569,1.2946016326597107,2.0,0.0,0.0,0.0,2.0,2.0,0.0,2.0,1249581.1074790084,1396852.8226555912,28656.927416334904,2353077.586850239,31230.97011890338,2508895.833792211,8014.778192621447,660592.8519088851,9290.232405957382,737801.7651015224,3445.0,272155.0,2667.0,210693.0,6112.0,482848.0,5007.694787474772,422204.5936912118,1362.3036477056698,114857.41093930948,6369.998435180441,537062.0046305214,2324152.722478281,1481072.0617244113,10168706.986907614,7158417.209395055,3010289.7775125597,9600.000000000047,758400.0,4002.258798458233,306232.2600000251,0.0,0.0,9611.999999999993,759348.0,19212.00000000004,2416264.0277291266,13614.258798458122,1545787.1592641477
2033-02-28,4.00000000000007,2.0000000000000684,1.141128306305797,1.2988398215266486,2.0,0.0,0.0,0.0,2.0,2.0,0.0,2.0,1263682.5433699647,1413299.522192505,28633.31300687277,2381710.8998571117,31221.40681017012,2540117.240602381,8008.2815181444685,668601.1334270295,9290.698139527725,747092.4632410501,3445.0,275600.0,2667.0,213360.0,6112.0,488960.0,4999.437809468541,427204.0315006803,1360.0574023304425,116217.46834163992,6359.495211798983,543421.4998423203,2341016.4967564517,1493040.6432029419,10168706.986907614,7158417.209395055,3010289.7775125597,9600.000000000024,768000.0,4005.5583768347597,310237.8183768599,0.0,0.0,9612.000000000027,768960.0,19211.99999999995,2435476.0277291266,13617.558376834839,1559404.7176409825
2033-03-31,4.00000000000007,2.0000000000000684,1.1430129724795837,1.3030918851210844,2.0,0.0,0.0,0.0,2.0,2.0,0.0,2.0,1277747.7620750035,1429720.1546848991,28609.86118238926,2410320.761039501,31211.972133994255,2571329.212736375,8001.856824200523,676602.99025123,9291.219029994725,756383.6822710448,3445.0,279045.0,2667.0,216027.0,6112.0,495072.0,4991.1944460472005,432195.2259467275,1357.8148606950492,117575.28320233498,6349.0093067422495,549770.5091490626,2357852.4650641656,1504992.7924878548,10168706.986907614,7158417.209395055,3010289.7775125597,9599.999999999964,777600.0,4008.8606754795433,314246.6790523394,0.0,0.0,9611.999999999976,778572.0,19211.99999999984,2454688.0277291266,13620.860675479418,1573025.578316462
2033-04-30,4.00000000000007,2.0000000000000684,1.1449007513327831,1.3073578688652658,2.0,0.0,0.0,0.0,2.0,2.0,0.0,2.0,1291776.9685385004,1446114.8744356784,28586.571875050853,2438907.3329145517,31202.66606963457,2602531.87880601,7995.504091327132,684598.494342557,9291.795081230193,765675.477352275,3445.0,282490.0,2667.0,218694.0,6112.0,501184.0,4982.964674762235,437178.1906214897,1355.5760166925484,118930.85921902752,6338.540691454783,556109.0498405173,2374660.673249522,1516928.539396017,10168706.986907614,7158417.209395055,3010289.7775125597,9600.000000000047,787200.0,4012.1656966352057,318258.8447489746,0.0,0.0,9612.000000000011,788184.0,19211.999999999956,2473900.0277291266,13624.16569663537,1586649.7440130974
2033-05-31,4.00000000000007,2.0000000000000684,1.1467916480062388,1.311637818330141,2.0,0.0,0.0,0.0,2.0,2.0,0.0,2.0,1305770.3673280175,1462483.83550144,28563.4450174604,2467470.777932012,31193.48859670062,2633725.3674027105,7989.223300254576,692587.7176428116,9292.426297256834,774967.9036495319,3445.0,285935.0,2667.0,221361.0,6112.0,507296.0,4974.748473202138,442152.9390946918,1353.340864226068,120284.20008325359,6328.089337428206,562437.1391779456,2391441.1670850236,1528847.9136973745,10168706.986907614,7158417.209395055,3010289.7775125597,9600.000000000042,796800.0,4015.4734425462893,322274.31819152087,0.0,0.0,9612.000000000011,797796.0,19212.000000000255,2493112.027729127,13627.473442546097,1600277.2174556435
2033-06-30,4.00000000000007,2.0000000000000684,1.1486856676492843,1.315931779235845,2.0,0.0,0.0,0.0,2.0,2.0,0.0,2.0,1319728.1626353147,1478827.1916931875,28540.480542656827,2496011.258474669,31184.439695153458,2664909.807097864,7983.014431906004,700570.7320747176,9293.112682247754,784261.0163317797,3445.0,289380.0,2667.0,224028.0,6112.0,513408.0,4966.545818992359,447119.4849136842,1351.1093972087892,121635.30948046237,6317.6552162011485,568754.7943941467,2408193.992267698,1540750.9451150347,10168706.986907614,7158417.209395055,3010289.7775125597,9600.000000000005,806400.0,4018.7839154591934,326293.10210698005,0.0,0.0,9611.999999999955,807408.0,19211.99999999976,2512324.0277291266,13630.7839154593,1613908.0013711029
2033-07-31,4.00000000000007,2.0000000000000684,1.1505828154197575,1.3202397974521891,2.0,0.0,0.0,0.0,2.0,2.0,0.0,2.0,1333650.5582773576,1495145.0965770383,28517.67838411436,2524528.9368587835,31175.51934530502,2696085.326443169,7976.877467397028,708547.6095421147,9293.854240527053,793554.8705723067,3445.0,292825.0,2667.0,226695.0,6112.0,519520.0,4958.356689795243,452077.84160347946,1348.8816095639295,122984.1910900263,6307.238299359173,575062.0326935059,2424919.1944192285,1552637.6633253433,10168706.986907614,7158417.209395055,3010289.7775125597,9599.99999999997,816000.0,4022.097117622057,330315.1992246021,0.0,0.0,9612.00000000001,817020.0,19212.000000000386,2531536.027729127,13634.097117622016,1627542.0984887248
2033-08-31,4.00000000000007,2.0000000000000684,1.1524830964840156,1.3245619189991507,2.0,0.0,0.0,0.0,2.0,2.0,0.0,2.0,1347537.7576973238,1511437.7034749303,28495.038475743102,2553023.9753345265,31166.727527818126,2727252.053970987,7970.812388036211,716518.4219301508,9294.650976569485,802849.5215488762,3445.0,296270.0,2667.0,229362.0,6112.0,525632.0,4950.18106330996,457028.0226667894,1346.6574952247254,124330.84858525103,6296.838558534686,581358.8712520406,2441616.8190860725,1564508.0979579638,10168706.986907614,7158417.209395055,3010289.7775125597,9600.000000000015,825600.0,4025.413051284994,334340.61227588705,0.0,0.0,9611.999999999993,826632.0,19211.999999999807,2550748.027729127,13637.413051284988,1641179.5115400099
2033-09-30,4.00000000000007,2.0000000000000684,1.1543865160169478,1.328898190047364,2.0,0.0,0.0,0.0,2.0,2.0,0.0,2.0,1361389.9639656083,1527705.1654653312,28472.560751888515,2581496.536086415,31158.0642237067,2758410.1181946937,7964.819175324232,724483.2411054751,9295.502895000134,812145.0244438763,3445.0,299715.0,2667.0,232029.0,6112.0,531744.0,4942.018917272457,461970.04158406187,1344.4370481344179,125675.28563338546,6286.455965406874,587645.3272174475,2458286.9117395887,1576362.278595957,10168706.986907614,7158417.209395055,3010289.7775125597,9599.99999999995,835200.0,4028.731718699929,338369.34399458696,0.0,0.0,9611.999999999985,836244.0,19212.00000000014,2569960.027729127,13640.731718699964,1654820.2432587098
2033-10-31,4.00000000000007,2.0000000000000684,1.15629307920199,1.3332486569186142,2.0,0.0,0.0,0.0,2.0,2.0,0.0,2.0,1375207.379780827,1543947.6353839429,28450.245147331283,2609946.781233746,31149.52941433549,2789559.647609029,7958.897810954546,732442.1389164297,9296.410000595477,821441.4344444718,3445.0,303160.0,2667.0,234696.0,6112.0,537856.0,4933.870229455388,466903.9118135173,1342.2202622462335,127017.5058956317,6276.090491701621,593921.4177091491,2474929.51777616,1588200.2347758592,10168706.986907614,7158417.209395055,3010289.7775125597,9600.000000000024,844800.0,4032.053122120676,342401.39711670764,0.0,0.0,9611.99999999999,845856.0,19212.000000000015,2589172.027729127,13644.053122120617,1668464.2963808305
2033-11-30,4.00000000000007,2.0000000000000684,1.15820279123114,1.3376133660863319,2.0,0.0,0.0,0.0,2.0,2.0,0.0,2.0,1388990.2074708175,1560165.2658244048,28428.0915972871,2638374.872831033,31141.123081419795,2820700.7706904486,7953.04827681303,740395.1871932427,9297.372298281987,830738.8067427538,3445.0,306605.0,2667.0,237363.0,6112.0,543968.0,4925.734977668057,471829.6467911853,1340.0071315233697,128357.51302715506,6265.742109191427,600187.1598183404,2491544.682517316,1600021.9959877601,10168706.986907614,7158417.209395055,3010289.7775125597,9599.999999999969,854400.0,4035.3772638028718,346436.7743805105,0.0,0.0,9612.000000000033,855468.0,19212.000000000004,2608384.027729127,13647.377263802855,1682111.6736446333
2033-12-31,4.00000000000007,2.0000000000000684,1.1601156573049691,1.3419923641760896,2.0,0.0,0.0,0.0,2.0,2.0,0.0,2.0,1402738.6489936383,1576358.209138999,28406.100037406184,2666780.9728684393,31132.845207025974,2851833.6158974743,7947.2705549778075,748342.4577482205,9298.389793137494,840037.1965358913,3445.0,310050.0,2667.0,240030.0,6112.0,550080.0,4917.613139756358,476747.2599309417,1337.7976499389777,129695.31067709404,6255.410789695336,606442.5706080358,2508132.4512098595,1611827.5916753833,10168706.986907614,7158417.209395055,3010289.7775125597,9600.00000000002,864000.0,4038.704146003955,350475.47852651443,0.0,0.0,9612.000000000033,865080.0,19211.999999999953,2627596.027729127,13650.70414600414,1695762.3777906373
2034-01-31,4.00000000000007,2.0000000000000684,1.162031682632639,1.3463856979661,2.0,0.0,0.0,0.0,2.0,2.0,0.0,2.0,1416452.9059385685,1592526.6174393522,28384.270403773917,2695165.2432722133,31124.69577357133,2882958.3116710456,7941.564627719575,756284.0223759401,9299.462490390279,849336.6590262816,3445.0,313495.0,2667.0,242697.0,6112.0,556192.0,4909.504693602714,481656.7646245444,1335.591811476146,131030.90248857018,6245.09650507886,612687.6671131146,2524692.8690259857,1623617.0512361617,10168706.986907614,7158417.209395055,3010289.7775125597,9599.999999999973,873600.0,4042.0337709834,354517.51229749783,0.0,0.0,9611.999999999996,874692.0,19211.99999999997,2646808.027729127,13654.033770983397,1709416.4115616207
2034-02-28,4.00000000000007,2.0000000000000684,1.1639508724319139,1.3507934143877152,2.0,0.0,0.0,0.0,2.0,2.0,0.0,2.0,1430133.1795271013,1608670.6425971359,28362.60263290935,2723527.845905123,31116.674763823346,2914074.986434869,7935.930477501099,764219.9528534412,9300.590395419369,858637.249421701,3445.0,316940.0,2667.0,245364.0,6112.0,562304.0,4901.409617126017,486558.1742416704,1333.389610127884,132364.29209869806,6234.799227253901,618922.4663403685,2541225.981063408,1635390.404021318,10168706.986907614,7158417.209395055,3010289.7775125597,9599.999999999984,883200.0,4045.3661410022887,358562.8784385001,0.0,0.0,9611.999999999993,884304.0,19211.999999999774,2666020.027729127,13657.366141002132,1723073.7777026228
2034-03-31,4.00000000000007,2.0000000000000684,1.1658732319291762,1.3552155605259286,2.0,0.0,0.0,0.0,2.0,2.0,0.0,2.0,1443779.6706139403,1624790.4362447662,28341.096661766405,2751868.9425668893,31108.782160900097,2945183.768595769,7930.368086977505,772150.3209404188,9301.773513754739,867939.0229354557,3445.0,320385.0,2667.0,248031.0,6112.0,568416.0,4893.327888281566,491451.50212995196,1331.191039897106,133695.48313859515,6224.518928178672,625146.9852685472,2557731.8323454806,1647147.6793359425,10168706.986907614,7158417.209395055,3010289.7775125597,9600.00000000004,892800.0,4048.701258323845,362611.57969682396,0.0,0.0,9612.000000000038,893916.0,19212.00000000008,2685232.027729127,13660.701258323934,1736734.4789609467
2034-04-30,4.00000000000007,2.0000000000000684,1.1677987663594398,1.3596521836198774,2.0,0.0,0.0,0.0,2.0,2.0,0.0,2.0,1457392.579687992,1640886.149776105,28319.752427733074,2780188.6949946224,31101.01794827087,2976284.78654404,7924.877438995867,780075.1983794146,9303.01185107697,877242.0347865326,3445.0,323830.0,2667.0,250698.0,6112.0,574528.0,4885.25948506101,496336.76161501295,1328.996094796615,135024.47923339176,6214.255579857625,631361.2408484048,2574210.46782132,1658888.9064390692,10168706.986907614,7158417.209395055,3010289.7775125597,9599.999999999958,902400.0,4052.039125212959,366663.6188220369,0.0,0.0,9611.999999999982,903528.0,19211.999999999938,2704444.027729127,13664.039125212992,1750398.5180861596
2034-05-31,4.00000000000007,2.0000000000000684,1.1697274809663645,1.3641033310633475,2.0,0.0,0.0,0.0,2.0,2.0,0.0,2.0,1470972.1068733558,1656957.9343471548,28298.56986863081,2808487.264863253,31093.382109754726,3007378.1686537946,7919.458516595756,787994.6568960104,9304.305413217711,886546.3401997504,3445.0,327275.0,2667.0,253365.0,6112.0,580640.0,4877.204385492289,501213.96600050526,1326.8047688490853,136351.28400224083,6204.009154341374,637565.2500027462,2590661.932365929,1670614.1145437562,10168706.986907614,7158417.209395055,3010289.7775125597,9600.000000000044,912000.0,4055.3797439364616,370718.99856597336,0.0,0.0,9611.999999999985,913140.0,19212.000000000127,2723656.027729127,13667.379743936397,1764065.897830096
2034-06-30,4.00000000000007,2.0000000000000684,1.1716593810022708,1.3685690504052797,2.0,0.0,0.0,0.0,2.0,2.0,0.0,2.0,1484518.4519303134,1673005.940876756,28277.548922715243,2836764.8137859683,31085.874629521626,3038464.0432833163,7914.111303008496,795908.7681990189,9305.65420615913,895851.9944059096,3445.0,330720.0,2667.0,256032.0,6112.0,586752.0,4869.162567639564,506083.1285681448,1324.617056087047,137675.90105832787,6193.779623726611,643759.0296264729,2607086.2707803156,1682323.3328171612,10168706.986907614,7158417.209395055,3010289.7775125597,9599.999999999995,921600.0,4058.7231167630507,374777.7216827364,0.0,0.0,9612.0,922752.0,19212.000000000095,2742868.027729127,13670.72311676305,1777736.620946859
2034-07-31,4.00000000000007,2.0000000000000684,1.1735944717281537,1.3730493893502775,2.0,0.0,0.0,0.0,2.0,2.0,0.0,2.0,1498031.814256317,1689030.3200472835,28256.689528675153,2865021.5033146436,31078.495492091562,3069542.5387754077,7908.835781657606,803817.6039806765,9307.058236034345,905159.0526419439,3445.0,334165.0,2667.0,258699.0,6112.0,592864.0,4861.134009603175,510944.262577748,1322.4329505528708,138998.33400888075,6183.566960156046,649942.5965866289,2623483.52779162,1694016.5903806207,10168706.986907614,7158417.209395055,3010289.7775125597,9599.999999999973,931200.0,4062.0692459633165,378839.7909286997,0.0,0.0,9611.99999999996,932364.0,19211.999999999734,2762080.0277291266,13674.069245963374,1791410.6901928224
2034-08-31,4.00000000000007,2.0000000000000684,1.1755327584136968,1.3775443957591176,2.0,0.0,0.0,0.0,2.0,2.0,0.0,2.0,1511512.3928869742,1705031.2223053407,28235.9916256331,2893257.4949402767,31071.244682335247,3100613.783457743,7903.631936158516,811721.235916835,9308.517509127443,914467.5701510713,3445.0,337610.0,2667.0,261366.0,6112.0,598976.0,4853.118689519565,515797.38126726757,1320.2524462987494,140318.5864551795,6173.3711358183145,656115.9677224472,2639853.748053232,1705693.916309726,10168706.986907614,7158417.209395055,3010289.7775125597,9599.999999999987,940800.0,4065.418133809614,382905.20906250936,0.0,0.0,9611.999999999955,941976.0,19211.99999999994,2781292.0277291266,13677.41813380942,1805088.1083266318
2034-09-30,4.00000000000007,2.0000000000000684,1.1774742463372876,1.3820541176492593,2.0,0.0,0.0,0.0,2.0,2.0,0.0,2.0,1524960.3864970312,1721008.797862451,28215.45515314434,2921472.950093421,31064.122185473774,3131677.905643217,7898.499750318575,819619.7356671536,9310.032031873183,923777.6021829445,3445.0,341055.0,2667.0,264033.0,6112.0,605088.0,4845.116585561229,520642.4978528288,1318.075537386683,141636.66199256617,6163.192122947912,662279.1598453951,2656196.9761449145,1717355.3396344017,10168706.986907614,7158417.209395055,3010289.7775125597,9599.999999999976,950400.0,4068.7697825763335,386973.9788450857,0.0,0.0,9612.000000000013,951588.0,19211.99999999999,2800504.0277291266,13680.769782576346,1818768.878109208
2034-10-31,4.00000000000007,2.0000000000000684,1.179418940786031,1.3865786031953595,2.0,0.0,0.0,0.0,2.0,2.0,0.0,2.0,1538375.9934013574,1736963.1966957522,28195.08005119742,2949668.0301446184,31057.127987078038,3162735.0336302947,7893.439208136857,827513.1748752905,9311.601810857388,933089.203993802,3445.0,344500.0,2667.0,266700.0,6112.0,611200.0,4837.127675936651,525479.6255287655,1315.9022178884632,142952.56421045464,6153.029893825114,668432.1897392202,2672513.2565729255,1729000.889338982,10168706.986907614,7158417.209395055,3010289.7775125597,9599.99999999999,960000.0,4072.1241945396237,391046.10303962533,0.0,0.0,9611.999999999989,961200.0,19212.000000000076,2819716.0277291266,13684.124194539761,1832453.002303748
2034-11-30,4.00000000000007,2.0000000000000684,1.1813668470557637,1.391117900729786,2.0,0.0,0.0,0.0,2.0,2.0,0.0,2.0,1551759.4115559238,1752894.5685486866,28174.86626021383,2977842.896404832,31050.262073069774,3193785.2957033645,7888.450293804627,835401.6251690951,9313.226852816637,942402.4308466186,3445.0,347945.0,2667.0,269367.0,6112.0,617312.0,4829.151938890248,530308.7774676557,1313.7324818856555,144266.2966923403,6142.884420775903,674575.0741599961,2688802.6337701376,1740630.5943622885,10168706.986907614,7158417.209395055,3010289.7775125597,9599.999999999975,969600.0,4075.4813719775134,395121.5844116029,0.0,0.0,9611.999999999935,970811.9999999999,19211.99999999991,2838928.0277291266,13687.4813719774,1846140.4836757253
2034-12-31,4.00000000000007,2.0000000000000684,1.1833179704510695,1.3956720587431342,2.0,0.0,0.0,0.0,2.0,2.0,0.0,2.0,1565110.8385587821,1768803.0629316901,28154.813721047336,3005997.7101258794,31043.524429720295,3224828.820133085,7883.532991704623,843285.1581607998,9314.907164638413,951717.338011257,3445.0,351390.0,2667.0,272034.0,6112.0,623424.0,4821.189352702308,535129.9668203581,1311.5663234695849,145577.86301580988,6132.755676171892,680707.829836168,2705065.15209616,1752244.4835977063,10168706.986907614,7158417.209395055,3010289.7775125597,9600.000000000038,979200.0,4078.841317170026,399200.4257287729,0.0,0.0,9611.999999999984,980423.9999999999,19212.000000000022,2858140.0277291266,13690.84131717001,1859831.3249928954
2035-01-31,4.00000000000007,2.0000000000000684,1.1852723162852927,1.400241125884745,2.0,0.0,0.0,0.0,2.0,2.0,0.0,2.0,1578430.471651043,1784688.8291228823,28134.922374984788,3034132.632500864,31036.915043651305,3255865.735176736,7878.6872864114,851163.8454472112,9316.642753361266,961033.9807646183,3445.0,354835.0,2667.0,274701.0,6112.0,629536.0,4813.239895688931,539943.206716047,1309.4037367413182,146887.2667525512,6122.643632430249,686830.4734685982,2721300.8558374597,1763842.5858932612,10168706.986907614,7158417.209395055,3010289.7775125597,9599.99999999996,988800.0,4082.2040323989036,403282.62976117176,0.0,0.0,9612.00000000004,990035.9999999999,19212.0,2877352.0277291266,13694.204032398895,1873525.5290252944
2035-02-28,4.00000000000007,2.0000000000000684,1.1872298898805531,1.4048251509632248,2.0,0.0,0.0,0.0,2.0,2.0,0.0,2.0,1591718.5077178504,1800552.0161687536,28115.192163744414,3062247.8246646086,31030.43390183516,3286896.1690785713,7873.913162691079,859037.7586099022,9318.433626174647,970352.414390793,3445.0,358280.0,2667.0,277368.0,6112.0,635648.0,4805.303546201973,544748.510262249,1307.24471581165,148194.51146836285,6112.548262013624,692943.0217306118,2737509.7892074827,1775424.9300516974,10168706.986907614,7158417.209395055,3010289.7775125597,9599.99999999994,998399.9999999999,4085.569519947823,407368.19928111957,0.0,0.0,9612.000000000047,999647.9999999999,19212.000000000186,2896564.0277291266,13697.569519947969,1887223.0985452423
2035-03-31,4.00000000000007,2.0000000000000684,1.1891906965677606,1.4094241829469667,2.0,0.0,0.0,0.0,2.0,2.0,0.0,2.0,1604975.143289355,1816392.7728848518,28095.623029477698,3090343.4476940865,31024.080991593604,3317920.250070165,7869.210605501661,866906.9692154039,9320.27979041864,979672.6941812116,3445.0,361725.0,2667.0,280035.0,6112.0,641760.0,4797.380282628983,549545.890544878,1305.0892548010834,149499.60072316392,6102.469537430066,699045.4912680419,2753691.9963467694,1786991.5448305516,10168706.986907614,7158417.209395055,3010289.7775125597,9600.000000000095,1008000.0,4088.9377821024573,411457.137063222,0.0,0.0,9611.99999999998,1009259.9999999999,19211.99999999988,2915776.0277291266,13700.93778210229,1900924.0363273446
2035-04-30,4.00000000000007,2.0000000000000684,1.1911547416866293,1.4140382709646735,2.0,0.0,0.0,0.0,2.0,2.0,0.0,2.0,1618200.5745416873,1832211.2478564663,28076.2149147671,3118419.6626088535,31017.856300597865,3348938.106370763,7864.57959999255,874771.5488153965,9322.181253585051,988994.8754347967,3445.0,365170.0,2667.0,282702.0,6112.0,647872.0,4789.470083393145,554335.3606282711,1302.937347839818,150802.53807100374,6092.407431232963,705137.8986992749,2769847.521323083,1798542.4589422315,10168706.986907614,7158417.209395055,3010289.7775125597,9599.999999999953,1017600.0,4092.308821150248,415549.4458843723,0.0,0.0,9611.999999999907,1018871.9999999998,19211.999999999858,2934988.0277291266,13704.308821150105,1914628.3451484947
2035-05-31,4.00000000000007,2.0000000000000684,1.1931220305856924,1.4186674643058823,2.0,0.0,0.0,0.0,2.0,2.0,0.0,2.0,1631394.9972979266,1848007.5894393157,28056.96776262765,3146476.630371481,31011.75981687101,3379949.866187634,7860.020131504744,882631.5689469012,9324.138023315845,998319.0134581125,3445.0,368615.0,2667.0,285369.0,6112.0,653984.0,4781.572926953221,559116.9335552243,1300.78898906773,152103.32706007146,6082.361916020951,711220.2606152958,2785976.408131523,1810077.701054092,10168706.986907614,7158417.209395055,3010289.7775125597,9600.00000000009,1027200.0000000001,4095.6826393804695,419645.12852375273,0.0,0.0,9612.000000000084,1028483.9999999999,19212.00000000017,2954200.0277291266,13707.6826393806,1928336.0277878754
2035-06-30,4.00000000000007,2.0000000000000684,1.1950925686223168,1.4233118124214916,2.0,0.0,0.0,0.0,2.0,2.0,0.0,2.0,1644558.607029071,1863781.945760228,28037.88151650579,3174514.511887987,31005.791528784262,3410955.657716418,7855.532185570724,890487.1011324719,9326.15010740439,1007645.1635655168,3445.0,372060.0,2667.0,288036.0,6112.0,660096.0,4773.688791803493,563890.6223470279,1298.6441726343594,153401.9712327058,6072.332964437852,717292.5935797337,2802078.7006946476,1821597.29978851,10168706.986907614,7158417.209395055,3010289.7775125597,9600.000000000064,1036800.0000000002,4099.059239084436,423744.18776283716,0.0,0.0,9612.000000000044,1038095.9999999999,19212.000000000302,2973412.027729127,13711.059239084576,1942047.08702696
2035-07-31,4.00000000000007,2.0000000000000684,1.1970663611627173,1.4279713649242896,2.0,0.0,0.0,0.0,2.0,2.0,0.0,2.0,1657691.5988550032,1879534.4647178238,28018.956120278955,3202533.4680082663,30999.951425059535,3441955.609141478,7851.11574791432,898338.2168803862,9328.217513795344,1016973.3810793122,3445.0,375505.0,2667.0,290703.0,6112.0,666208.0,4765.8176564737,568656.4400035016,1296.5028926988923,154698.4741254047,6062.320549172592,723354.9141289063,2818154.4428625936,1833101.2837229613,10168706.986907614,7158417.209395055,3010289.7775125597,9600.000000000056,1046400.0000000002,4102.43862255527,427846.62638539245,0.0,0.0,9612.000000000051,1047707.9999999999,19212.000000000106,2992624.027729127,13714.438622555515,1955761.5256495154
2035-08-31,4.00000000000007,2.0000000000000684,1.1990434135819712,1.4326461715894832,2.0,0.0,0.0,0.0,2.0,2.0,0.0,2.0,1670794.1675454564,1895265.2939831985,28000.191518256706,3230533.659526523,30994.239494768794,3472949.8486362468,7846.770804451065,906184.9876848373,9330.340250584011,1026303.7213298962,3445.0,378950.0,2667.0,293370.0,6112.0,672320.0,4757.9594995289835,573414.3995030306,1294.365143430146,155992.83926883485,6052.324642959129,729407.2387718655,2834203.6784131927,1844589.6813900976,10168706.986907614,7158417.209395055,3010289.7775125597,9599.999999999965,1056000.0000000002,4105.820792087918,431952.4471774804,0.0,0.0,9612.0,1057320.0,19211.999999999578,3011836.0277291266,13717.820792087723,1969479.3464416033
2035-09-30,4.00000000000007,2.0000000000000684,1.2010237312640337,1.4373362823552307,2.0,0.0,0.0,0.0,2.0,2.0,0.0,2.0,1683866.5075209772,1910974.5810006007,27981.587655179093,3258515.2471817024,30988.655727333018,3503938.5043635797,7842.497341287441,914027.4850261247,9332.518326016885,1035636.2396559131,3445.0,382395.0,2667.0,296037.0,6112.0,678432.0,4750.114299569831,578164.5138026004,1292.2309190065516,157285.0701878414,6042.345218576383,735449.5839904419,2850226.451052098,1856062.5212778195,10168706.986907614,7158417.209395055,3010289.7775125597,9600.000000000076,1065600.0000000002,4109.205749979397,436061.6529274598,0.0,0.0,9612.000000000078,1066932.0,19212.000000000542,3031048.027729127,13721.20574997933,1983200.5521915825
2035-10-31,4.00000000000007,2.0000000000000684,1.203007319601752,1.4420417473231748,2.0,0.0,0.0,0.0,2.0,2.0,0.0,2.0,1696908.8128538877,1926662.4729881117,27963.144476217713,3286478.39165792,30983.200112523853,3534921.7044761037,7838.2953447216,921865.7803708464,9334.751748491573,1044970.9914044046,3445.0,385840.0,2667.0,298704.0,6112.0,684544.0,4742.28203523201,582906.7958378325,1290.1002136161399,158575.17040145752,6032.382248848149,741481.96623929,2866222.804412893,1867519.8318293558,10168706.986907614,7158417.209395055,3010289.7775125597,9599.999999999964,1075200.0000000002,4112.593498528423,440174.2464259882,0.0,0.0,9612.00000000007,1076544.0,19211.99999999984,3050260.027729127,13724.593498528493,1996925.145690111
2035-11-30,4.00000000000007,2.0000000000000684,1.2049941839968794,1.4467626167589782,2.0,0.0,0.0,0.0,2.0,2.0,0.0,2.0,1709921.2772692465,1942329.1169383246,27944.861926974423,3314423.2535848944,30977.87264046292,3565899.5771165667,7834.16480124278,929699.9451720892,9337.04052655671,1054308.0319309614,3445.0,389285.0,2667.0,301371.0,6112.0,690656.0,4734.462685186516,587641.258523019,1287.9730214565245,159863.14342291406,6022.43570664304,747504.401945933,2882192.7820572183,1878961.6414433355,10168706.986907614,7158417.209395055,3010289.7775125597,9599.99999999994,1084800.0000000002,4115.9840400357525,444290.23046602396,0.0,0.0,9612.00000000001,1086156.0,19211.99999999995,3069472.027729127,13727.98404003581,2010653.1297301468
2035-12-31,4.00000000000007,2.0000000000000684,1.2069843298600913,1.4514989410928603,2.0,0.0,0.0,0.0,2.0,2.0,0.0,2.0,1722904.094145806,1957974.6596190196,27926.739953482138,3342349.9935383764,30972.673301620307,3596872.250418187,7830.105697531603,937530.0508696208,9339.384668912444,1063647.416599874,3445.0,392730.0,2667.0,304038.0,6112.0,696768.0,4726.656228139515,592367.9147511586,1285.8493367348867,161148.99275964894,6012.505564874402,753516.9075108074,2898136.427474887,1890387.9784738661,10168706.986907614,7158417.209395055,3010289.7775125597,9599.99999999995,1094400.0000000002,4119.377376803955,448409.6078428279,0.0,0.0,9612.000000000065,1095768.0,19211.99999999982,3088684.027729127,13731.377376804021,2024384.507106951
2036-01-31,4.00000000000007,2.0000000000000684,1.208977762610999,1.4562507709201356,2.0,0.0,0.0,0.0,2.0,2.0,0.0,2.0,1735857.45651697,1973599.2475738397,27908.77850220426,3370258.772040581,30967.602086816878,3627839.852505004,7826.118020459658,945356.1688900804,9341.784184409562,1072989.2007842835,3445.0,396175.0,2667.0,306705.0,6112.0,702880.0,4718.862642832284,597086.7773939909,1283.7291536679586,162432.7219133169,6002.591796500243,759519.4993073076,2914053.7840840053,1901798.871230607,10168706.986907614,7158417.209395055,3010289.7775125597,9600.000000000053,1104000.0000000002,4122.773511137557,452532.3813539655,0.0,0.0,9612.00000000004,1105380.0,19212.000000000477,3107896.0277291276,13734.7735111375,2038119.2806180886
2036-02-29,4.00000000000007,2.0000000000000684,1.2109744876781647,1.4610181570017546,2.0,0.0,0.0,0.0,2.0,2.0,0.0,2.0,1748781.5570717482,1989203.0271229665,27890.977520034285,3398149.749560615,30962.65898722278,3658802.5114922267,7822.201757089963,953178.3706471703,9344.239082050506,1082333.439866334,3445.0,399620.0,2667.0,309372.0,6112.0,708992.0,4711.081908041148,601797.859302032,1281.612466482009,163714.3343797989,5992.694374523157,765512.1936818308,2929944.895231086,1913194.3479788455,10168706.986907614,7158417.209395055,3010289.7775125597,9599.999999999905,1113600.0000000002,4126.172445342909,456658.5537993084,0.0,0.0,9612.000000000016,1114992.0,19211.99999999973,3127108.027729127,13738.17244534331,2051857.453063432
2036-03-31,4.00000000000007,2.0000000000000684,1.2129745104991163,1.4658011502648463,2.0,0.0,0.0,0.0,2.0,2.0,0.0,2.0,1761676.5881557115,2004786.1443637935,27873.336954296494,3426023.0865149116,30957.84399435849,3689760.3554865853,7818.3568946762425,960996.7275418466,9346.749370988295,1091680.1892373222,3445.0,403065.0,2667.0,312039.0,6112.0,715104.0,4703.314002577432,606501.1733046095,1279.4992694128264,164993.83364921174,5982.813271990259,771495.006953821,2945809.804191171,1924574.4369395718,10168706.986907614,7158417.209395055,3010289.7775125597,9599.999999999998,1123200.0000000002,4129.574181728287,460788.1279810367,0.0,0.0,9612.000000000056,1124604.0,19212.000000000055,3146320.027729127,13741.574181728007,2065599.02724516
2036-04-30,4.00000000000007,2.0000000000000684,1.2149778365203625,1.470599801803261,2.0,0.0,0.0,0.0,2.0,2.0,0.0,2.0,1774542.741771941,2020348.7451715977,27855.856752744163,3453878.9432676556,30953.15710009326,3720713.5125866784,7814.583420663826,968811.3109625104,9349.315060527893,1101029.5042978502,3445.0,406510.0,2667.0,314706.0,6112.0,721216.0,4695.558905287394,611196.7322098969,1277.389556705703,166271.22320591743,5972.948461993097,777467.9554158142,2961648.554167949,1935939.1662895542,10168706.986907614,7158417.209395055,3010289.7775125597,9600.0,1132800.0000000002,4132.978722603987,464921.1067036407,0.0,0.0,9612.00000000007,1134216.0,19212.000000000262,3165532.0277291276,13744.978722604057,2079344.005967764
2036-05-31,4.00000000000007,2.0000000000000684,1.216984471197407,1.4754141628781183,2.0,0.0,0.0,0.0,2.0,2.0,0.0,2.0,1787380.2095819814,2035890.9752002116,27838.536863561763,3481717.4801312173,30948.598296645778,3751662.110883324,7810.881322688807,976622.1922851992,9351.936160124911,1110381.440457975,3445.0,409955.0,2667.0,317373.0,6112.0,727328.0,4687.816595052175,615884.548804949,1275.2833226154207,167546.50652853286,5963.099917667596,783431.0553334818,2977461.18829387,1947288.564161413,10168706.986907614,7158417.209395055,3010289.7775125597,9599.999999999985,1142400.0000000002,4136.3860702819975,469057.49277392274,0.0,0.0,9611.999999999909,1143828.0,19211.999999999513,3184744.027729127,13748.386070282051,2093092.392038046
2036-06-30,4.00000000000007,2.0000000000000684,1.2189944199947638,1.4802442849183521,2.0,0.0,0.0,0.0,2.0,2.0,0.0,2.0,1800189.1829067867,2051412.9798826948,27821.377235362484,3509538.8573665796,30944.167576585573,3782606.2784599094,7807.250588577866,984429.442873777,9354.612679386755,1119736.0531373618,3445.0,413400.0,2667.0,320040.0,6112.0,733440.0,4680.087050787735,620564.6358557368,1273.1805614062341,168819.6870899391,5953.267612193969,789384.3229456757,2993247.749630267,1958622.6586436965,10168706.986907614,7158417.209395055,3010289.7775125597,9599.999999999925,1152000.0000000002,4139.796227076381,473197.2890009991,0.0,0.0,9612.0,1153440.0,19212.000000000116,3203956.027729127,13751.796227076335,2106844.1882651225
2036-07-31,4.00000000000007,2.0000000000000684,1.2210076883859722,1.4850902195212619,2.0,0.0,0.0,0.0,2.0,2.0,0.0,2.0,1812969.8527276695,2066914.904432001,27804.377817189663,3537343.2351837694,30939.864932830584,3813546.14339274,7803.691206349502,992233.1340801265,9357.344628071683,1129093.3977654334,3445.0,416845.0,2667.0,322707.0,6112.0,739552.0,4672.370251444801,625237.0061071815,1271.0812673518546,170090.76835729097,5943.451518796656,795327.7744644723,3009008.2811674685,1969941.4777809542,10168706.986907614,7158417.209395055,3010289.7775125597,9599.999999999967,1161600.0000000002,4143.209195303088,477340.4981963022,0.0,0.0,9612.000000000084,1163052.0,19212.00000000005,3223168.027729127,13755.209195303363,2120599.3974604257
2036-08-31,4.00000000000007,2.0000000000000684,1.2230242818536112,1.489952018453063,2.0,0.0,0.0,0.0,2.0,2.0,0.0,2.0,1825722.4096872448,2082396.8938416482,27787.53855851578,3565130.773742285,30935.690358648502,3844481.8337513884,7800.203164212483,1000033.337244339,9360.13201608955,1138453.529781523,3445.0,420290.0,2667.0,325374.0,6112.0,745664.0,4664.666176008805,629901.6722831903,1268.9854347354367,171359.7537920264,5933.651610744242,801261.4260752165,3024742.825824919,1981245.0495738122,10168706.986907614,7158417.209395055,3010289.7775125597,9599.999999999922,1171200.0000000002,4146.624977279904,481487.12317358213,0.0,0.0,9612.000000000056,1172664.0,19211.999999999978,3242380.027729127,13758.624977279675,2134358.022437705
2036-09-30,4.00000000000007,2.0000000000000684,1.225044205889315,1.4948297336494405,2.0,0.0,0.0,0.0,2.0,2.0,0.0,2.0,1838447.0440903748,2097859.092886386,27770.859409243,3592901.633151528,30931.64384765696,3875413.4775990453,7796.78645056658,1007830.1236949057,9362.97485350121,1147816.5046350241,3445.0,423735.0,2667.0,328041.0,6112.0,751776.0,4656.974803499832,634558.6470866902,1266.89305784956,172626.64684987595,5923.867861349392,807185.2939365659,3040451.4264512965,1992533.4019790478,10168706.986907614,7158417.209395055,3010289.7775125597,9599.99999999992,1180800.0000000002,4150.043575326596,485637.16674890876,0.0,0.0,9612.000000000036,1182276.0,19211.999999999956,3261592.027729127,13762.043575326727,2148120.066013032
2036-10-31,4.00000000000007,2.0000000000000684,1.2270674659937875,1.4997234172161025,2.0,0.0,0.0,0.0,2.0,2.0,0.0,2.0,1851143.9459051096,2113301.6461228593,27754.34031970219,3620655.9734712304,30927.72539382252,3906341.2029928677,7793.441054002515,1015623.5647489082,9365.873150519423,1157182.3777855434,3445.0,427180.0,2667.0,330708.0,6112.0,757888.0,4649.296112972556,639207.9431996627,1264.804130996215,173891.45098087218,5914.100243968771,813099.3941805346,3056134.125824625,2003806.562909662,10168706.986907614,7158417.209395055,3010289.7775125597,9600.00000000009,1190400.0000000002,4153.464991764718,489790.63174067345,0.0,0.0,9612.000000000062,1191888.0,19212.000000000342,3280804.0277291276,13765.464991764686,2161885.5310047967
2036-11-30,4.00000000000007,2.0000000000000684,1.2290940676768174,1.504633121429338,2.0,0.0,0.0,0.0,2.0,2.0,0.0,2.0,1863813.3047636293,2128724.697890277,27737.98124065339,3648393.954711884,30923.934991461585,3937265.1379843294,7790.166963301709,1023413.7317122099,9368.82691750786,1166551.2047030514,3445.0,430625.0,2667.0,333375.0,6112.0,764000.0,4641.63008351619,643849.573283179,1262.7186484867884,175154.16962935898,5904.348732002978,819003.7429125377,3071790.9666523957,2015064.5602349564,10168706.986907614,7158417.209395055,3010289.7775125597,9600.000000000076,1200000.0000000002,4156.889228917946,493947.5209695914,0.0,0.0,9611.99999999997,1201500.0,19212.000000000047,3300016.0277291276,13768.889228918011,2175654.420233715
2036-12-31,4.00000000000007,2.0000000000000684,1.2311240164572934,1.5095588987365753,2.0,0.0,0.0,0.0,2.0,2.0,0.0,2.0,1876455.3099631811,2144128.3923110743,27721.782123285484,3676115.736835169,30920.27263524009,3968185.4106195695,7786.964167436396,1031200.6958796462,9371.83616498198,1175923.0408680334,3445.0,434070.0,2667.0,336042.0,6112.0,770112.0,4633.976694254426,648483.5499774334,1260.6366046420453,176414.80623400104,5894.613298896471,824898.3562114341,3087421.9915716792,2026307.4217806042,10168706.986907614,7158417.209395055,3010289.7775125597,9600.000000000055,1209600.0000000002,4160.316289111778,498107.8372587032,0.0,0.0,9612.000000000044,1211112.0,19211.99999999972,3319228.027729127,13772.316289111917,2189426.736522827
2037-01-31,4.00000000000007,2.0000000000000684,1.2331573178632191,1.5145008017569417,2.0,0.0,0.0,0.0,2.0,2.0,0.0,2.0,1889070.1504670177,2159512.873291575,27705.742919215896,3703821.479754385,30916.738320172437,3999102.148939742,7783.832655569527,1038984.5285352158,9374.90090360818,1185297.9417716416,3445.0,437515.0,2667.0,338709.0,6112.0,776224.0,4626.335924345375,653109.8859017788,1258.5579937921161,177673.36422779315,5884.893918137492,830783.2501295717,3103027.2431492456,2037535.1753287257,10168706.986907614,7158417.209395055,3010289.7775125597,9600.00000000004,1219200.0000000002,4163.746174673449,502271.5834333766,0.0,0.0,9611.999999999936,1220724.0,19211.999999999978,3338440.027729127,13775.746174673386,2203202.4826975004
2037-02-28,4.00000000000007,2.0000000000000684,1.2351939774317282,1.5194588832818254,2.0,0.0,0.0,0.0,2.0,2.0,0.0,2.0,1901658.0149053317,2174878.284522654,27689.863580490965,3731511.343334876,30913.332041624177,4030015.480981366,7780.772417054671,1046765.3009522704,9378.021144204851,1194675.9629158464,3445.0,440960.0,2667.0,341376.0,6112.0,782336.0,4618.707752981517,657728.5936547604,1256.4828102764793,178929.84703806962,5875.1905632579965,836658.4406928297,3118606.7638816773,2048747.8486179623,10168706.986907614,7158417.209395055,3010289.7775125597,9599.999999999967,1228800.0000000002,4167.178887932481,506438.7623213091,0.0,0.0,9612.000000000076,1230336.0,19212.000000000044,3357652.027729127,13779.178887932558,2216981.661585433
2037-03-31,4.00000000000007,2.0000000000000684,1.237234000709099,1.5244331962754407,2.0,0.0,0.0,0.0,2.0,2.0,0.0,2.0,1914219.0915761911,2190224.7694804007,27674.144059585546,3759185.4873944614,30910.053795308635,4060925.5347766746,7777.783441436461,1054543.0843937069,9381.196897741687,1204057.159813588,3445.0,444405.0,2667.0,344043.0,6112.0,788448.0,4611.092159389638,662339.68581415,1254.411048443947,180184.25808651358,5865.503207833585,842523.9439006633,3134160.5961954864,2059945.4693435489,10168706.986907614,7158417.209395055,3010289.7775125597,9599.999999999947,1238400.0000000002,4170.614431219931,510609.37675252906,0.0,0.0,9612.000000000035,1239948.0,19212.00000000017,3376864.027729127,13782.614431219965,2230764.276016653
2037-04-30,4.00000000000007,2.0000000000000684,1.2392773932507701,1.5294237938753923,2.0,0.0,0.0,0.0,2.0,2.0,0.0,2.0,1926753.5684464711,2205552.4714267747,27658.584309402242,3786844.071703864,30906.90357728913,4091832.4383539637,7774.865718449511,1062317.9501121563,9384.42817533976,1213441.5879889277,3445.0,447850.0,2667.0,346710.0,6112.0,794560.0,4603.489122830777,666943.1749369808,1252.3427026526497,181436.60078916623,5855.831825483427,848379.7757261468,3149688.782447229,2071128.065157388,10168706.986907614,7158417.209395055,3010289.7775125597,9599.99999999996,1248000.0000000002,4174.0528068690355,514783.4295593981,0.0,0.0,9611.99999999992,1249560.0,19211.99999999988,3396076.027729127,13786.05280686905,2244550.328823522
2037-05-31,4.00000000000007,2.0000000000000684,1.2413241606213556,1.5344307293932438,2.0,0.0,0.0,0.0,2.0,2.0,0.0,2.0,1939261.6331527836,2220861.533410269,27643.18428327205,3814487.2559871357,30903.88138397858,4122736.3197379424,7772.019238019596,1070089.969350176,9387.714988271946,1222829.3029771997,3445.0,451295.0,2667.0,349377.0,6112.0,800672.0,4595.89862260017,671539.073559581,1250.27776727002,182686.87855643625,5846.17638987019,854225.952116017,3165191.3649236225,2082295.6636681247,10168706.986907614,7158417.209395055,3010289.7775125597,9599.999999999927,1257600.0000000002,4177.494017214924,518960.923576613,0.0,0.0,9612.000000000071,1259172.0,19211.999999999996,3415288.027729127,13789.4940172149,2258339.822840737
2037-06-30,4.00000000000007,2.0000000000000684,1.2433743083946598,1.539454056315087,2.0,0.0,0.0,0.0,2.0,2.0,0.0,2.0,1951743.4730024077,2236152.0982665634,27627.943934953906,3842115.1999220895,30900.987212138643,4153637.306950081,7769.2439902627275,1077859.2133404387,9391.05734796258,1232220.3603251623,3445.0,454740.0,2667.0,352044.0,6112.0,806784.0,4588.320638027189,676127.3941976081,1248.2162366727778,183935.09479310902,5836.536874699967,860062.488990717,3180668.3858416583,2093448.292441216,10168706.986907614,7158417.209395055,3010289.7775125597,9599.999999999973,1267200.0000000002,4180.938064594515,523141.86164120754,0.0,0.0,9611.99999999999,1268784.0,19212.00000000015,3434500.027729127,13792.938064594506,2272132.7609053315
2037-07-31,4.00000000000007,2.0000000000000684,1.2454278421536924,1.544493828302113,2.0,0.0,0.0,0.0,2.0,2.0,0.0,2.0,1964199.2749742174,2251424.3086191863,27612.863218635306,3869728.063140725,30898.221058880776,4184535.528008962,7766.539965485361,1085625.7533059241,9394.455265987675,1241614.81559115,3445.0,458185.0,2667.0,354711.0,6112.0,812896.0,4580.755148475292,680708.1493460834,1246.1581052469155,185181.25289835595,5826.913253722208,865889.4022444392,3196119.887348718,2104585.9789990075,10168706.986907614,7158417.209395055,3010289.7775125597,9599.999999999924,1276800.0000000002,4184.384951346786,527326.2465925543,0.0,0.0,9611.999999999936,1278396.0,19211.999999999673,3453712.0277291266,13796.384951346628,2285929.145856678
2037-08-31,4.00000000000007,2.0000000000000684,1.2474847674906844,1.5495500991911864,2.0,0.0,0.0,0.0,2.0,2.0,0.0,2.0,1976629.225719606,2266678.306880166,27597.94208893025,3897326.005229655,30895.582921665686,4215431.110930628,7763.907154184952,1093389.6604601091,9397.908754074735,1251012.7243452247,3445.0,461630.0,2667.0,357378.0,6112.0,819008.0,4573.2021333419625,685281.3514794253,1244.103367387682,186425.35626574364,5817.305500729644,871706.7077451688,3211545.9115226893,2115708.7508208062,10168706.986907614,7158417.209395055,3010289.7775125597,9599.999999999949,1286400.0000000002,4187.834679812578,531514.0812723668,0.0,0.0,9612.00000000003,1288008.0,19211.999999999978,3472924.0277291266,13799.83467981242,2299728.98053649
2037-09-30,4.00000000000007,2.0000000000000684,1.2495450900071023,1.5546229229954187,2.0,0.0,0.0,0.0,2.0,2.0,0.0,2.0,1989033.5115634117,2281914.235250689,27583.180500880946,3924909.185730536,30893.072798303194,4246324.1837289315,7761.345547048998,1101151.0060071582,9401.417824102944,1260414.1421693277,3445.0,465075.0,2667.0,360045.0,6112.0,825120.0,4565.661572058654,689847.013051484,1242.0520174995675,187667.40828324322,5807.713589558221,877514.4213347271,3226946.5003720787,2126816.63534295,10168706.986907614,7158417.209395055,3010289.7775125597,9600.000000000064,1296000.0000000002,4191.287252334765,535705.3685247016,0.0,0.0,9611.99999999997,1297620.0,19212.000000000222,3492136.0277291266,13803.287252334923,2313532.267788825
2037-10-31,4.00000000000007,2.0000000000000684,1.2516088153136642,1.5597123539047473,2.0,0.0,0.0,0.0,2.0,2.0,0.0,2.0,2001412.318504841,2297132.235721752,27568.578409957598,3952477.7641404937,30890.690686952814,4277214.874415885,7758.855134955576,1108909.8611421138,9404.982488103333,1269819.1246574312,3445.0,468520.0,2667.0,362712.0,6112.0,831232.0,4558.133444090738,694405.1464955747,1240.0040499962884,188907.4123332395,5798.137494087026,883312.5588288141,3242321.695836126,2137909.659958885,10168706.986907614,7158417.209395055,3010289.7775125597,9600.000000000015,1305600.0000000002,4194.742671257969,539900.1111959595,0.0,0.0,9612.000000000035,1307232.0,19211.99999999968,3511348.027729126,13806.742671258191,2327339.0104600834
2037-11-30,4.00000000000007,2.0000000000000684,1.2536759490303548,1.5648184462865125,2.0,0.0,0.0,0.0,2.0,2.0,0.0,2.0,2013765.8322183874,2312332.4500748147,27554.135772056994,3980031.8999125506,30888.436586122734,4308103.311002008,7756.435908972913,1116666.2970510868,9408.602758258738,1279227.72741569,3445.0,471965.0,2667.0,365379.0,6112.0,837344.0,4550.617728937437,698955.7642245122,1237.9594593007719,190145.37179254027,5788.577188238209,889101.1360170522,3257671.5397849204,2148987.8520192355,10168706.986907614,7158417.209395055,3010289.7775125597,9600.000000000091,1315200.0000000002,4198.200938928817,544098.3121348884,0.0,0.0,9612.000000000015,1316844.0,19212.000000000106,3530560.027729126,13810.200938928645,2341149.2113990122
2037-12-31,4.00000000000007,2.0000000000000684,1.2557464967864405,1.5699412546860394,2.0,0.0,0.0,0.0,2.0,2.0,0.0,2.0,2026094.238054754,2327515.0198824517,27539.852543503053,4007571.7524560536,30886.310494670757,4338989.621496678,7754.087860359894,1124420.3849114466,9412.278646903393,1288640.0060625933,3445.0,475410.0,2667.0,368046.0,6112.0,843456.0,4543.1144061317855,703498.878630644,1235.9182398451414,191381.2900323854,5779.032645976927,894880.1686630291,3272996.074019512,2160051.238831877,10168706.986907614,7158417.209395055,3010289.7775125597,9600.000000000078,1324800.0000000002,4201.662057696025,548299.9741925844,0.0,0.0,9612.000000000047,1326456.0,19212.00000000031,3549772.0277291266,13813.66205769607,2354962.873456708
2038-01-31,4.00000000000007,2.0000000000000684,1.2578204642204847,1.5750808338272204,2.0,0.0,0.0,0.0,2.0,2.0,0.0,2.0,2038397.7210417695,2342680.086509005,27525.728681047567,4035097.481137101,30884.31241180434,4369873.933908483,7751.8109805657905,1132172.1958920124,9416.0101665236,1298056.0162291168,3445.0,478855.0,2667.0,370713.0,6112.0,849568.0,4535.62345524056,708034.5020858845,1233.880386070701,192615.1704184561,5769.503841311262,900649.6725043403,3288295.3402720285,2171099.8476620074,10168706.986907614,7158417.209395055,3010289.7775125597,9600.000000000076,1334400.0000000002,4205.126029910008,552505.1002224945,0.0,0.0,9611.999999999929,1336068.0,19212.000000000004,3568984.0277291266,13817.126029910121,2368779.999486618
2038-02-28,4.00000000000007,2.0000000000000684,1.2598978569803638,1.5802372386130996,2.0,0.0,0.0,0.0,2.0,2.0,0.0,2.0,2050676.4658853048,2357827.7911112295,27511.764141868407,4062609.2452789694,30882.442337078843,4400756.376245562,7749.605261229987,1139921.8011532424,9419.797329757474,1307475.8135588742,3445.0,482300.0,2667.0,373380.0,6112.0,855680.0,4528.144855864229,712562.6469417487,1231.8458924279198,193847.01631088404,5759.990748292148,906409.6632526325,3303569.380205785,2182133.7057322226,10168706.986907614,7158417.209395055,3010289.7775125597,9599.999999999996,1344000.0000000002,4208.592857923235,556713.6930804177,0.0,0.0,9611.999999999927,1345680.0,19211.999999999924,3588196.0277291266,13820.592857923162,2382600.5923445416
2038-03-31,4.00000000000007,2.0000000000000684,1.261978680723282,1.5854105241264596,2.0,0.0,0.0,0.0,2.0,2.0,0.0,2.0,2062930.6569701892,2372958.274638947,27497.95888357101,4090107.2041625404,30880.70027040089,4431637.076515963,7747.470694182436,1147669.2718474248,9423.640149394852,1316899.453708269,3445.0,485745.0,2667.0,376047.0,6112.0,861792.0,4520.678587636896,717083.3255293856,1229.8147533764177,195076.83106426045,5750.4933410133135,912160.1565936458,3318818.235415402,2193152.840222585,10168706.986907614,7158417.209395055,3010289.7775125597,9600.000000000013,1353600.0000000002,4212.062544090212,560925.7556245079,0.0,0.0,9611.999999999927,1355292.0,19212.000000000124,3607408.0277291266,13824.06254408977,2396424.6548886313
2038-04-30,4.00000000000007,2.0000000000000684,1.2640629411157864,1.5906007456304092,2.0,0.0,0.0,0.0,2.0,2.0,0.0,2.0,2075160.4783611232,2388071.6778356903,27484.3128641869,4117591.517026727,30879.086212024333,4462516.162727987,7745.407271442797,1155414.6791188675,9427.538638377562,1326326.9923466465,3445.0,489190.0,2667.0,378714.0,6112.0,867904.0,4513.224630226249,721596.5501596119,1227.7869633849498,196304.6180276454,5741.011593611199,917901.168187257,3334041.9474269147,2204157.278270701,10168706.986907614,7158417.209395055,3010289.7775125597,9600.000000000071,1363200.0000000002,4215.535090767276,565141.2907152752,0.0,0.0,9612.000000000045,1364904.0,19211.99999999975,3626620.027729126,13827.535090767322,2410252.1899793986
2038-05-31,4.00000000000007,2.0000000000000684,1.2661506438337835,1.5958079585689748,2.0,0.0,0.0,0.0,2.0,2.0,0.0,2.0,2087366.1138035888,2403168.141239351,27470.826042174333,4145062.3430689014,30877.600162553892,4493393.762890541,7743.414985221776,1163158.0941040893,9431.492809799482,1335758.485156446,3445.0,492635.0,2667.0,381381.0,6112.0,874016.0,4505.782963333497,726102.3331229454,1225.7625169313912,197530.3805445768,5731.545480264888,923632.713667522,3349240.557697889,2215147.046971784,10168706.986907614,7158417.209395055,3010289.7775125597,9599.99999999995,1372800.0000000002,4219.010500312579,569360.3012155878,0.0,0.0,9611.999999999969,1374516.0,19212.000000000106,3645832.027729126,13831.010500312916,2424083.2004797114
2038-06-30,4.00000000000007,2.0000000000000684,1.2682417945625537,1.6010322185676917,2.0,0.0,0.0,0.0,2.0,2.0,0.0,2.0,2099547.746724761,2418247.805182826,27457.498376417883,4172519.8414453194,30876.242122942574,4524270.005013484,7741.493827919322,1170899.5879320086,9435.502676906039,1345193.987833352,3445.0,496080.0,2667.0,384048.0,6112.0,880128.0,4498.353566693319,730600.6866896388,1223.7414085027226,198754.1219530795,5722.094975196042,929354.808642718,3364414.1076175314,2226122.173378734,10168706.986907614,7158417.209395055,3010289.7775125597,9600.000000000076,1382400.0000000002,4222.488775086432,573582.7899906742,0.0,0.0,9611.99999999993,1384128.0,19212.000000000007,3665044.027729126,13834.488775086178,2437917.6892547975
2038-07-31,4.00000000000007,2.0000000000000684,1.2703363989967669,1.606273581434199,2.0,0.0,0.0,0.0,2.0,2.0,0.0,2.0,2111705.560234417,2433310.8097946597,27444.329826229055,4199964.171271549,30875.012094492657,4555145.017107977,7739.643792126491,1178639.231724135,9439.568253095,1354633.556086447,3445.0,499525.0,2667.0,386715.0,6112.0,886240.0,4490.936420073814,735091.6231097126,1221.7236325950148,199975.8455856745,5712.660052668829,935067.4686953869,3379562.6385068065,2237082.684502207,10168706.986907614,7158417.209395055,3010289.7775125597,9599.999999999927,1392000.0000000002,4225.969917451103,577808.7599081254,0.0,0.0,9612.000000000053,1393740.0,19211.999999999978,3684256.027729126,13837.969917450973,2451755.6591722486
2038-08-31,4.00000000000007,2.0000000000000684,1.2724344628404987,1.6115321031588354,2.0,0.0,0.0,0.0,2.0,2.0,0.0,2.0,2123839.737125843,2448357.2949996917,27431.320351344657,4227395.491622893,30873.910078856352,4586018.927186833,7737.864870623788,1186377.0965947588,9443.6895519161,1364077.2456383633,3445.0,502970.0,2667.0,389382.0,6112.0,892352.0,4483.531503276432,739575.154612989,1219.7091837134133,201195.55476938793,5703.240686989845,940770.7093823767,3394686.191618543,2248028.607310687,10168706.986907614,7158417.209395055,3010289.7775125597,9599.99999999993,1401600.0000000002,4229.45392977052,582038.2138378959,0.0,0.0,9612.000000000033,1403352.0,19212.000000000146,3703468.027729126,13841.453929770827,2465597.1131020193
2038-09-30,4.00000000000007,2.0000000000000684,1.274535991807245,1.6168078399152372,2.0,0.0,0.0,0.0,2.0,2.0,0.0,2.0,2135950.459876737,2463387.4005196965,27418.46991192812,4254813.961534821,30872.936078034192,4616891.863264867,7736.157056382459,1194113.2536511412,9447.86658707108,1373525.1122254343,3445.0,506415.0,2667.0,392049.0,6112.0,898464.0,4476.138796135934,744051.293409125,1217.6980563721243,202413.25282576005,5693.836852508059,946464.5462348848,3409784.8081375523,2258959.968730555,10168706.986907614,7158417.209395055,3010289.7775125597,9600.000000000075,1411200.0000000002,4232.940814410975,586271.1546523068,0.0,0.0,9611.999999999956,1412964.0,19212.00000000003,3722680.027729126,13844.940814410656,2479442.05391643
2038-10-31,4.00000000000007,2.0000000000000684,1.2766409916199382,1.622100848060939,2.0,0.0,0.0,0.0,2.0,2.0,0.0,2.0,2148037.9106501187,2478401.2658740254,27405.77846856894,4282219.74000339,30872.090094376355,4647763.953359243,7734.520342563168,1201847.7739937045,9452.099372413471,1382977.2115978478,3445.0,509860.0,2667.0,394716.0,6112.0,904576.0,4468.7582785203285,748520.0516876453,1215.6902450943996,203628.94307085444,5684.448523614728,952148.9947584994,3424858.529180736,2269876.7956461636,10168706.986907614,7158417.209395055,3010289.7775125597,9599.999999999965,1420800.0000000002,4236.430573740282,590507.5852260471,0.0,0.0,9611.999999999987,1422576.0,19211.99999999977,3741892.027729126,13848.430573740268,2493290.48449017
2038-11-30,4.00000000000007,2.0000000000000684,1.2787494680109626,1.6274111841379746,2.0,0.0,0.0,0.0,2.0,2.0,0.0,2.0,2160102.2712952252,2493399.0303802495,27393.24598228205,4309612.985985672,30871.37213058244,4678635.325489826,7732.95472251707,1209580.7287162216,9456.387921949696,1392433.5995197974,3445.0,513305.0,2667.0,397383.0,6112.0,910688.0,4461.389930330819,752981.4416179761,1213.6857444125208,204842.62881526697,5675.07567474334,957824.0704332428,3439907.3957972005,2280779.114899907,10168706.986907614,7158417.209395055,3010289.7775125597,9599.999999999995,1430400.0000000002,4239.923210128573,594747.5084361756,0.0,0.0,9612.000000000065,1432188.0,19211.999999999876,3761104.027729126,13851.923210128729,2507142.407700299
2038-12-31,4.00000000000007,2.0000000000000684,1.2808614267221698,1.6327389048734826,2.0,0.0,0.0,0.0,2.0,2.0,0.0,2.0,2172143.723348417,2508380.833154796,27380.87241450794,4336993.85840018,30870.78218970092,4709506.107679526,7731.460189785567,1217312.1889060072,9460.732249837554,1401894.331769635,3445.0,516750.0,2667.0,400050.0,6112.0,916800.0,4454.033731501749,757435.4753494778,1211.6845488677852,206054.31336413475,5665.718280369534,963489.7887136124,3454931.4489683695,2291666.9532922907,10168706.986907614,7158417.209395055,3010289.7775125597,9599.999999999936,1440000.0000000002,4243.418725947726,598990.9271621234,0.0,0.0,9611.99999999998,1441800.0,19212.00000000028,3780316.0277291266,13855.418725947888,2520997.8264262467
2039-01-31,4.00000000000007,2.0000000000000684,1.282976873504895,1.6380840671803107,2.0,0.0,0.0,0.0,2.0,2.0,0.0,2.0,2184162.448034075,2523346.8131135916,27368.657727113474,4364362.516127294,30870.320275129947,4740376.427954656,7730.036738099697,1225042.225644107,9465.132370387282,1411359.4641400222,3445.0,520195.0,2667.0,402717.0,6112.0,922912.0,4446.689662000547,761882.1650114784,1209.6866530104905,207264.00001714524,5656.376315011038,969146.1650286234,3469930.7296080906,2302540.3375820043,10168706.986907614,7158417.209395055,3010289.7775125597,9599.999999999929,1449600.0000000002,4246.917123571603,603237.844285695,0.0,0.0,9611.999999999978,1451412.0,19211.999999999727,3799528.027729126,13858.917123571491,2534856.743549818
2039-02-28,4.00000000000007,2.0000000000000684,1.2850958141199718,1.643446728157625,2.0,0.0,0.0,0.0,2.0,2.0,0.0,2.0,2196158.6262654993,2538297.108972696,27356.601882390474,4391719.118009685,30869.986390616763,4771246.414345273,7728.684361380774,1232770.9100054877,9469.588298061659,1420829.0524380838,3445.0,523640.0,2667.0,405384.0,6112.0,929024.0,4439.357701827673,766321.522713306,1207.6920513999207,208471.69206854515,5647.049753227593,974793.214781851,3484905.278562754,2313399.294485993,10168706.986907614,7158417.209395055,3010289.7775125597,9599.999999999995,1459200.0000000002,4250.4184053761255,607488.2626910711,0.0,0.0,9611.99999999991,1461024.0,19211.999999999905,3818740.027729126,13862.418405376127,2548719.161955194
2039-03-31,4.00000000000007,2.0000000000000684,1.2872182543377482,1.6488269450915194,2.0,0.0,0.0,0.0,2.0,2.0,0.0,2.0,2208132.4386458048,2553231.8592489404,27344.704843056075,4419063.822852741,30869.78054025735,4802116.1948855305,7727.4030537395765,1240498.3130592273,9474.100047475213,1430303.152485559,3445.0,527085.0,2667.0,408051.0,6112.0,935136.0,4432.037831016563,770753.5605443226,1205.7007386043306,209677.39280714947,5637.738569620894,980430.9533514719,3499855.1366113983,2324243.850679527,10168706.986907614,7158417.209395055,3010289.7775125597,9599.999999999918,1468800.0000000002,4253.922573738964,611742.1852648101,0.0,0.0,9612.000000000038,1470636.0,19212.00000000014,3837952.027729126,13865.922573738912,2562585.084528933
2039-04-30,4.00000000000007,2.0000000000000684,1.2893441999381028,1.654224775455627,2.0,0.0,0.0,0.0,2.0,2.0,0.0,2.0,2220084.0654688166,2568151.202260564,27332.96657225238,4446396.789424993,30869.7027284972,4832985.897614027,7726.192809477671,1248224.505868705,9478.667633395215,1439781.8201189542,3445.0,530530.0,2667.0,410718.0,6112.0,941248.0,4424.730029633575,775178.2905739562,1203.7127092009305,210881.1055163504,5628.442738834506,986059.3960903065,3514780.3444658224,2335074.032796272,10168706.986907614,7158417.209395055,3010289.7775125597,9600.000000000038,1478400.0000000002,4257.429631040056,615999.6148958502,0.0,0.0,9611.99999999999,1480248.0,19212.00000000003,3857164.027729126,13869.429631040228,2576454.5141599732
2039-05-31,4.00000000000007,2.0000000000000684,1.2914736567104599,1.659640276911735,2.0,0.0,0.0,0.0,2.0,2.0,0.0,2.0,2232013.6867199624,2583055.276127849,27321.387033547486,4473718.17645854,30869.7529601317,4863855.650574159,7725.053623086025,1255949.559491791,9483.2910707412,1449265.1111896953,3445.0,533975.0,2667.0,413385.0,6112.0,947360.0,4417.434277777936,779595.7248517341,1201.7279577758732,212082.83347412627,5619.162235553809,991678.5583258603,3529680.9427706986,2345889.86742836,10168706.986907614,7158417.209395055,3010289.7775125597,9600.00000000004,1488000.0000000002,4260.939579660941,620260.5544755111,0.0,0.0,9611.99999999993,1489860.0,19211.99999999997,3876376.027729126,13872.939579660691,2590327.453739634
2039-06-30,4.00000000000007,2.0000000000000684,1.2936066304538054,1.6650735073104006,2.0,0.0,0.0,0.0,2.0,2.0,0.0,2.0,2243921.482077167,2597944.218773752,27309.966190934323,4501028.142649475,30869.931240304977,4894725.581814464,7723.985489245771,1263673.5449810368,9487.970374584862,1458753.0815642802,3445.0,537420.0,2667.0,416052.0,6112.0,953472.0,4410.150555581684,784005.8754073158,1199.7464789242372,213282.5799530505,5609.897034505921,997288.4553603663,3544556.972103682,2356691.381126461,10168706.986907614,7158417.209395055,3010289.7775125597,9599.999999999933,1497600.0000000002,4264.452421985451,624525.0068974965,0.0,0.0,9612.000000000065,1499472.0,19211.999999999458,3895588.0277291257,13876.452421985337,2604203.9061616194
2039-07-31,4.00000000000007,2.0000000000000684,1.295743126976703,1.670524524691568,0.0,1.0,0.0,1.0,1.0,0.0,1.0,1.0,2255807.630911738,2612818.1679245415,27298.704008829824,4528326.846658304,30870.237574510218,4925595.819388974,7722.988402827499,1271396.5333838642,9492.70556015063,1468245.7871244308,3445.0,540865.0,2667.0,418719.0,6112.0,959584.0,4402.878843209619,788408.7542505254,1197.7682672500137,214480.3482203005,5600.647110459633,1002889.1024708259,3553788.4729755195,2374591.475038469,10168706.986907614,7158417.209395055,3010289.7775125597,8100.00000000002,1505700.0000000002,3585.0932547352527,628110.1001522318,11915.749544280667,11915.749544280667,5491.999999999932,1504964.0,13592.000000000671,3909180.027729126,20992.842799015874,2625196.748960635
2039-08-31,4.00000000000007,2.0000000000000684,1.2978831520973093,1.6759933872851898,0.0,1.0,0.0,1.0,1.0,0.0,1.0,1.0,2267690.680370456,2627654.0138045703,27305.96853327293,4555632.815191577,30847.424662735706,4956443.24405171,7731.163857686241,1279127.6972415505,9485.977457771409,1477731.764582202,3445.0,544310.0,2667.0,421386.0,6112.0,965696.0,4395.6191208592445,792804.3733713846,1195.7933173660908,215676.1415376666,5591.412438225336,1008480.5149090512,3563004.7524125664,2392484.6572709084,10168706.986907614,7158417.209395055,3010289.7775125597,8099.999999999923,1513800.0000000002,3588.048909723381,631698.1490619552,11935.39692418109,23851.146468461757,5491.99999999999,1510456.0,13591.999999999733,3922772.0277291257,21015.44583390484,2646212.19479454
2039-09-30,4.00000000000007,2.0000000000000684,1.3000267116433906,1.6814801535118475,0.0,1.0,0.0,1.0,1.0,0.0,1.0,1.0,2279570.7486413466,2642451.9080372984,27313.361361975825,4582946.176553553,30824.715774199198,4987267.959825909,7739.395343198585,1286867.0925847492,9479.293354648591,1487211.0579368507,3445.0,547755.0,2667.0,424053.0,6112.0,971808.0,4388.371368760717,797192.7447401453,1193.8216238942389,216869.96316156085,5582.192992654956,1014062.7079017062,3572205.8355128067,2410370.9740526266,10168706.986907614,7158417.209395055,3010289.7775125597,8100.000000000044,1521900.0000000002,3591.0070014392604,635289.1560633944,11955.07669982259,35806.22316828435,5492.000000000029,1515948.0,13591.999999999714,3936364.027729125,21038.083701261734,2667250.2784958016
2039-10-31,4.00000000000007,2.0000000000000684,1.3021738114523376,1.6869848819833773,0.0,1.0,0.0,1.0,1.0,0.0,1.0,1.0,2291447.9537582975,2657212.0019631092,27320.882510567244,4610267.05906412,30802.110850722274,5018070.070676631,7747.682879550009,1294614.7754642991,9472.653234394542,1496683.7111712452,3445.0,551200.0,2667.0,426720.0,6112.0,977920.0,4381.135567176791,801573.880307322,1191.8531814650971,218061.81634302594,5572.9887486418875,1019635.6966503481,3581391.7473328444,2428250.471591671,10168706.986907614,7158417.209395055,3010289.7775125597,8099.999999999959,1530000.0000000002,3593.967531891765,638883.1235952862,11974.788924621142,47781.01209290549,5492.000000000024,1521440.0,13592.000000000162,3949956.027729125,21060.75645651272,2688311.034952314
2039-11-30,4.00000000000007,2.0000000000000684,1.3043244573711825,1.6925076315034944,0.0,1.0,0.0,1.0,1.0,0.0,1.0,1.0,2303322.4136016117,2671934.4466400137,27328.531995019854,4637595.59105914,30779.609834408187,5048849.68051104,7756.0264870741385,1302370.8019513732,9466.057080741492,1506149.7682519867,3445.0,554645.0,2667.0,429387.0,6112.0,984032.0,4373.911696402762,805947.7920037247,1189.887984718157,219251.7043277441,5563.799681120919,1025199.496331469,3590562.512887967,2446123.1960754143,10168706.986907614,7158417.209395055,3010289.7775125597,8100.000000000068,1538100.0000000002,3596.9305030916853,642480.0540983778,11994.533652080805,59775.545744986295,5492.000000000053,1526932.0,13592.00000000012,3963548.027729125,21083.46415517274,2709394.499107487
2039-12-31,4.00000000000007,2.0000000000000684,1.306478655256614,1.6980484610684226,0.0,1.0,0.0,1.0,1.0,0.0,1.0,1.0,2315194.2458985625,2686619.392844362,27336.30983164679,4664931.900890787,30757.212667643813,5079606.893178684,7764.426186254487,1310135.2281376277,9459.504877540941,1515609.2731295277,3445.0,558090.0,2667.0,432054.0,6112.0,990144.0,4366.699736766417,810314.4917404911,1187.9260283017493,220439.63035604585,5554.625765068166,1030754.1220965373,3599718.157152215,2463989.193670675,10168706.986907614,7158417.209395055,3010289.7775125597,8100.000000000063,1546200.0000000002,3599.895917051046,646079.9500154288,12014.310935793848,71789.85668078014,5492.000000000055,1532424.0,13592.000000000116,3977140.027729125,21106.206852844873,2730500.705960332
2040-01-31,4.00000000000007,2.0000000000000684,1.3086364109749937,1.703607429867524,0.0,1.0,0.0,1.0,1.0,0.0,1.0,1.0,2327063.568223946,2701266.991071547,27344.216037104583,4692276.116927892,30734.919293097955,5110341.812471782,7772.881997723141,1317908.1101353508,9452.996608764126,1525062.2697382919,3445.0,561535.0,2667.0,434721.0,6112.0,996256.0,4359.499668627985,814673.9914091191,1185.9673068730292,221625.59766291888,5545.466975501014,1036299.5890720383,3608858.7050584527,2481848.5105238464,10168706.986907614,7158417.209395055,3010289.7775125597,8100.00000000008,1554300.0000000002,3602.8637757837514,649682.8137912126,12034.120829440924,83823.97751022107,5491.99999999994,1537916.0,13591.999999999842,3990732.027729125,21128.984605224727,2751629.6905655568
2040-02-29,4.00000000000007,2.0000000000000684,1.310797730402372,1.7091845972839308,0.0,1.0,0.0,1.0,1.0,0.0,1.0,1.0,2338930.498000634,2715877.3915367075,27352.25062839174,4719628.367556283,30712.72965372141,5141054.5421255035,7781.393942261557,1325689.5040776124,9446.532258501218,1534508.8019967931,3445.0,564980.0,2667.0,437388.0,6112.0,1002368.0,4352.311472380069,819026.3028814992,1184.0118150979608,222809.60947801685,5536.32328747803,1041835.9123595164,3617984.1814984307,2499701.192761016,10168706.986907614,7158417.209395055,3010289.7775125597,8100.000000000067,1562400.0000000002,3605.8340813054333,653288.647872518,12053.963386791178,95877.94089701225,5492.000000000058,1543408.0,13592.000000000126,4004324.027729125,21151.797468096902,2772781.4880336537
2040-03-31,4.00000000000007,2.0000000000000684,1.3129626194245039,1.7147800228951808,0.0,1.0,0.0,1.0,1.0,0.0,1.0,1.0,2350795.152500125,2730450.744175432,27360.413622848435,4746988.781179132,30690.64369274707,5171745.18581825,7789.962040800478,1333479.4661184128,9440.111810962317,1543948.9138077553,3445.0,568425.0,2667.0,440055.0,6112.0,1008480.0,4345.135128447609,823371.4380099467,1182.0595476513038,223991.66902566815,5527.194676098912,1047363.1070356152,3627094.611322859,2517547.2864880892,10168706.986907614,7158417.209395055,3010289.7775125597,8100.000000000039,1570500.0000000002,3608.806835633206,656897.4547081513,12073.838661702423,107951.77955871467,5492.000000000058,1548900.0,13592.00000000063,4017916.0277291257,21174.6454973354,2793956.1335309893
2040-04-30,4.00000000000007,2.0000000000000684,1.3151310839368655,1.7203937664738527,0.0,1.0,0.0,1.0,1.0,0.0,1.0,1.0,2362657.6488430984,2744987.198644461,27368.705038158594,4774357.48621729,30668.66135369033,5202413.847171941,7798.586314419811,1341278.0524328325,9433.735250476464,1553382.6490582319,3445.0,571870.0,2667.0,442722.0,6112.0,1014592.0,4337.970617287817,827709.4086272345,1180.110499216598,225171.77952488474,5518.081116504415,1052881.1881521198,3636190.0193414693,2535386.837790919,10168706.986907614,7158417.209395055,3010289.7775125597,8099.999999999976,1578600.0000000002,3611.7820407860468,660509.2367489373,12093.746708121265,120045.52626683594,5492.000000000075,1554392.0,13591.999999999696,4031508.027729125,21197.528748907564,2815153.662279897
2040-05-31,4.00000000000007,2.0000000000000684,1.3173031298446698,1.726025887988205,0.0,1.0,0.0,1.0,1.0,0.0,1.0,1.0,2374518.1039999584,2759486.904322387,27377.12489234665,4801734.611109637,30646.782580346982,5233060.629752288,7807.26678434886,1349085.3192171813,9427.40256149243,1562810.0516197244,3445.0,575315.0,2667.0,445389.0,6112.0,1020704.0,4330.817919390131,832040.2265466247,1178.1646644861494,226349.9441893709,5508.98258387628,1058390.170735996,3645270.430323089,2553219.892735421,10168706.986907614,7158417.209395055,3010289.7775125597,8100.0000000000855,1586700.0000000002,3614.759698784283,664123.9964477216,12113.687580083286,132159.2138469192,5491.999999999942,1559884.0,13591.99999999985,4045100.027729125,21220.44727886698,2836374.109558764
2040-06-30,4.00000000000007,2.0000000000000684,1.3194787630628821,1.7316764476028172,0.0,1.0,0.0,1.0,1.0,0.0,1.0,1.0,2386376.6347913886,2773950.010310356,27385.67320378065,4829120.284313417,30625.007316796466,5263685.637069084,7816.003471966176,1356901.3226891474,9421.113728577548,1572231.1653483019,3445.0,578760.0,2667.0,448056.0,6112.0,1026816.0,4323.677015276158,836363.9035619008,1176.2220381610164,227526.1662275319,5499.899053437175,1063890.0697894332,3654335.8689957033,2571046.497367706,10168706.986907614,7158417.209395055,3010289.7775125597,8099.999999999991,1594800.0000000002,3617.739811650325,667741.736259372,12133.661331713118,144292.87517863233,5492.000000000019,1565376.0,13592.000000000538,4058692.0277291257,21243.40114336377,2857617.5107021276
2040-07-31,4.00000000000007,2.0000000000000684,1.3216579895162377,1.7373455056792315,0.0,1.0,0.0,1.0,1.0,0.0,1.0,1.0,2398233.3578888983,2788376.6654327596,27394.349991171064,4856514.634304588,30603.33550739724,5294288.972576481,7824.796398799933,1364726.1190879473,9414.868736419176,1581646.034084721,3445.0,582205.0,2667.0,450723.0,6112.0,1032928.0,4316.547885499624,840680.4514474005,1174.2826149509933,228700.4488424829,5490.8305004506165,1069380.9002898838,3663386.360046525,2588866.697714195,10168706.986907614,7158417.209395055,3010289.7775125597,8100.000000000045,1602900.0000000002,3620.7223814079725,671362.45864078,12153.66801722472,156446.54319585706,5492.000000000056,1570868.0,13591.999999999396,4072284.027729125,21266.390398632506,2878883.9011007603
2040-08-31,4.00000000000007,2.0000000000000684,1.3238408151392562,1.743033122776598,0.0,1.0,0.0,1.0,1.0,0.0,1.0,1.0,2410088.3898153696,2802767.018237939,27403.155273570294,4883917.789578158,30581.767096791067,5324870.739673273,7833.645586527926,1372559.7646744752,9408.667569823177,1591054.701654544,3445.0,585650.0,2667.0,453390.0,6112.0,1039040.0,4309.430510646316,844989.8819580468,1172.346389574598,229872.7952320575,5481.776900220914,1074862.6771901047,3672421.928122061,2606680.5397817497,10168706.986907614,7158417.209395055,3010289.7775125597,8099.999999999999,1611000.0000000002,3623.7074100827062,674986.1660508626,12173.707690921325,168620.25088677838,5492.0000000000155,1576360.0,13592.000000000542,4085876.0277291257,21289.415101004222,2900173.3162017646
2040-09-30,4.00000000000007,2.0000000000000684,1.326027245876259,1.7487393596523222,0.0,1.0,0.0,1.0,1.0,0.0,1.0,1.0,2421941.846945607,2817121.216998876,27412.089070373557,4911329.878648532,30560.302029899758,5355431.041703172,7842.551056976859,1380402.315731452,9402.510213714842,1600457.211868259,3445.0,589095.0,2667.0,456057.0,6112.0,1045152.0,4302.3248713340345,849292.2068293808,1170.4133567590573,231043.20858881657,5472.7382280930915,1080335.4154181979,3681442.5978281787,2624488.0695577916,10168706.986907614,7158417.209395055,3010289.7775125597,8099.999999999963,1619100.0000000002,3626.6948997017894,678612.8609505644,12193.780407195816,180814.0312939742,5491.999999999998,1581852.0,13591.999999999609,4099468.027729125,21312.475306897868,2921485.7915086625
2040-10-31,4.00000000000007,2.0000000000000684,1.328217287681385,1.754464277262713,0.0,1.0,0.0,1.0,1.0,0.0,1.0,1.0,2433793.8455068786,2831439.4097138885,27421.151401318293,4938751.03004985,30538.940251925895,5385969.981955098,7851.51283212372,1388253.8285635759,9396.396653138394,1609853.6085213972,3445.0,592540.0,2667.0,458724.0,6112.0,1051264.0,4295.230948212537,853587.4377775934,1168.4835112402907,232211.69210005685,5463.714459452828,1085799.1298776506,3690448.3937301766,2642289.3330104263,10168706.986907614,7158417.209395055,3010289.7775125597,8099.999999999945,1627200.0000000002,3629.684852294022,682242.5458028584,12213.886220530709,193027.91751450492,5492.000000000007,1587344.0,13592.000000000478,4113060.0277291257,21335.571072824474,2942821.362581487
2040-11-30,4.00000000000007,2.0000000000000684,1.3304109465186067,1.7602079367636347,0.0,1.0,0.0,1.0,1.0,0.0,1.0,1.0,2445644.5015794667,2845721.744107324,27430.342286485364,4966181.3723363355,30517.681708353794,5416487.663663452,7860.53093409468,1396114.3594976705,9390.326873257196,1619243.9353946545,3445.0,595985.0,2667.0,461391.0,6112.0,1057376.0,4288.14872196349,857875.5864995569,1166.5568477628985,233378.24894781975,5454.705569726389,1091253.835447377,3699439.3403528454,2660084.376088569,10168706.986907614,7158417.209395055,3010289.7775125597,8099.999999999939,1635300.0000000002,3632.677269890022,685875.2230727484,12234.025185498342,205261.94270000327,5492.00000000005,1592836.0,13591.99999999964,4126652.027729125,21358.70245538848,2964180.065036875
2040-12-31,4.00000000000007,2.0000000000000684,1.3326082283617469,1.7659703995111602,0.0,1.0,0.0,1.0,1.0,0.0,1.0,1.0,2457493.931097209,2859968.367630251,27439.66174629735,4993621.0340826325,30496.526344947357,5446984.190008399,7869.605385166094,1403983.9648828367,9384.300859353423,1628628.236254008,3445.0,599430.0,2667.0,464058.0,6112.0,1063488.0,4281.078173300408,862156.6646728573,1164.633361080146,234542.8823088999,5445.7115343805535,1096699.5469817575,3708415.46218054,2677873.244722065,10168706.986907614,7158417.209395055,3010289.7775125597,8099.999999999993,1643400.0000000002,3635.6721545220657,689510.8952272704,12254.197356761038,217516.1400567643,5492.000000000077,1598328.0,13592.00000000007,4140244.027729125,21381.86951128305,2985561.934548158
2041-01-31,4.00000000000007,2.0000000000000684,1.334809139194494,1.7717517270622256,0.0,1.0,0.0,1.0,1.0,0.0,1.0,1.0,2469342.249848043,2874179.42746115,27449.10980152002,5021070.143884152,30475.474107751757,5477459.664116151,7878.736207763542,1411862.7010906,9378.31859682826,1638006.5548508363,3445.0,602875.0,2667.0,466725.0,6112.0,1069600.0,4274.019282968611,866430.6839558259,1162.7130459539499,235705.59535485384,5436.732328922561,1102136.27931068,3717376.7836572435,2695655.9848218155,10168706.986907614,7158417.209395055,3010289.7775125597,8099.999999999941,1651500.0000000002,3638.669508223839,693149.5647354943,12274.402789071317,229790.54284583562,5492.000000000085,1603820.0,13591.999999999853,4153836.027729125,21405.07229729524,3006967.0068454533
2041-02-28,4.00000000000007,2.0000000000000684,1.33701368501042,1.777551981175289,0.0,1.0,0.0,1.0,1.0,0.0,1.0,1.0,2481189.5734745497,2888355.070506602,27458.686473261623,5048528.830357414,30454.524943092234,5507914.189059243,7887.923424462615,1419750.6245150627,9372.380071202062,1647378.9349220383,3445.0,606320.0,2667.0,469392.0,6112.0,1075712.0,4266.972031745164,870697.655987571,1160.795897154863,236866.3912520087,5427.767928900027,1107564.04723958,3726323.329186634,2713432.6422798983,10168706.986907614,7158417.209395055,3010289.7775125597,8099.999999999998,1659600.0000000002,3641.669333031151,696791.2340685255,12294.641537271878,242085.1843831075,5492.000000000052,1609312.0,13592.000000000398,4167428.0277291257,21428.310870303387,3028395.3177157566
2041-03-31,4.00000000000007,2.0000000000000684,1.3392218718129947,1.783371223810989,0.0,1.0,0.0,1.0,1.0,0.0,1.0,1.0,2493036.0174744935,2902495.443401978,27468.391782973235,5075997.222140387,30433.678797573695,5538347.867856816,7897.167057988814,1427647.7915730514,9366.48526811368,1656745.420190152,3445.0,609765.0,2667.0,472059.0,6112.0,1081824.0,4259.93640043883,874957.5923880098,1158.881909462062,238025.27316147077,5418.818309900892,1112982.8655494808,3735255.123132151,2731203.2629696913,10168706.986907614,7158417.209395055,3010289.7775125597,8099.9999999999645,1667700.0000000002,3644.6716309810754,700435.9056995065,12314.913656295903,254400.09803940338,5492.000000000045,1614804.0,13592.00000000001,4181020.0277291257,21451.58528727698,3049846.9030030337
2041-04-30,4.00000000000007,2.0000000000000684,1.3414337056156036,1.7892095171328077,0.0,1.0,0.0,1.0,1.0,0.0,1.0,1.0,2504881.6972013665,2916600.692512125,27478.225752448707,5103475.447892835,30412.935618082287,5568760.803474898,7906.467131217768,1435554.258704269,9360.634173320606,1666106.0543634726,3445.0,613210.0,2667.0,474726.0,6112.0,1087936.0,4252.912369890014,879210.5047578998,1156.9710776633308,239182.2442391341,5409.883447553345,1118392.748997034,3744172.1898170635,2748967.8927459987,10168706.986907614,7158417.209395055,3010289.7775125597,8100.000000000003,1675800.0000000002,3647.67640411266,704083.5821036192,12335.219201167205,266735.3172405706,5491.999999999977,1620296.0,13591.99999999998,4194612.027729126,21474.895605279627,3071321.7986083133
2041-05-31,4.00000000000007,2.0000000000000684,1.3436491924415639,1.7950669235077343,0.0,1.0,0.0,1.0,1.0,0.0,1.0,1.0,2516726.727864928,2930670.9639320513,27488.18840382527,5130963.636296661,30392.295351782483,5599153.098826681,7915.82366717458,1443470.0823714437,9354.82677269984,1675460.8811361725,3445.0,616655.0,2667.0,477393.0,6112.0,1094048.0,4245.899920970714,883456.4046788705,1155.0633965550478,240337.30763568915,5400.963317525762,1123793.7123145598,3753074.5535245333,2766726.5774451704,10168706.986907614,7158417.209395055,3010289.7775125597,8100.000000000008,1683900.0000000002,3650.6836544664143,707734.2657580856,12355.558227000167,279090.8754675708,5492.000000000064,1625788.0,13592.000000000246,4208204.027729126,21498.241881466776,3092820.0404897803
2041-06-30,4.00000000000007,2.0000000000000684,1.3458683383241405,1.800943505506931,0.0,1.0,0.0,1.0,1.0,0.0,1.0,1.0,2528571.2245317427,2944706.4034876134,27498.279759582052,5158461.916056243,30371.75794612005,5629524.856772801,7925.236689034886,1451395.3190604786,9349.06305224629,1684809.9441884188,3445.0,620100.0,2667.0,480060.0,6112.0,1100160.0,4238.899034584467,887695.303713455,1153.1588609421722,241490.46649663133,5392.057895526639,1129185.7702100864,3761962.2384976847,2784479.3628852265,10168706.986907614,7158417.209395055,3010289.7775125597,8100.000000000038,1692000.0000000002,3653.693384084757,711387.9591421704,12375.930789000191,291466.80625657097,5492.000000000057,1631280.0,13591.999999999922,4221796.027729126,21521.62417308518,3114341.6646628655
2041-07-31,4.00000000000007,2.0000000000000684,1.348091149306563,1.8068393259064017,0.0,0.0,2.0,0.0,0.0,0.0,0.0,0.0,2540415.3021257217,2958707.1567361974,27508.499842541994,5185970.415898785,30351.323348819096,5659876.18012162,7934.706220124172,1459330.0252806027,9343.342998074138,1694153.287186493,3445.0,623545.0,2667.0,482727.0,6112.0,1106272.0,4231.909691666297,891927.2134051212,1151.257465638228,242641.72396226955,5383.167157304524,1134568.9373673908,3761962.2384976847,2830266.600098359,10168706.986907614,7158417.209395055,3010289.7775125597,0.0,1692000.0000000002,0.0,711387.9591421704,49585.34776985462,341052.15402642556,0.0,1631280.0,0.0,4221796.027729126,49585.347769854576,3163927.01243272
2041-08-31,4.00000000000007,2.0000000000000684,1.350317631442042,1.812754447687663,0.0,0.0,2.0,0.0,0.0,0.0,0.0,0.0,2552303.4987310837,2972581.723664324,27563.27197829457,5213533.6878770795,30239.346204808382,5690115.526326428,7966.244307335629,1467296.2695879384,9292.255777153412,1703445.5429636464,3445.0,626990.0,2667.0,485394.0,6112.0,1112384.0,4224.931873182661,896152.1452783039,1149.3592054652918,243791.08316773485,5374.291078647952,1139943.228446039,3761962.2384976847,2876060.099856767,10168706.986907614,7158417.209395055,3010289.7775125597,0.0,1692000.0000000002,0.0,711387.9591421704,49667.10697111243,390719.260997538,0.0,1631280.0,0.0,4221796.027729126,49667.10697111243,3213594.1194038326
2041-09-30,4.00000000000007,2.0000000000000684,1.3525477907937848,1.818688934038416,0.0,0.0,2.0,0.0,0.0,0.0,0.0,0.0,2564235.7824926027,2986330.3609549687,27618.09964020358,5241151.787517283,30127.432315832077,5720242.95864226,7997.802656174842,1475294.0722441133,9241.192647567883,1712686.7356112143,3445.0,630435.0,2667.0,488061.0,6112.0,1118496.0,4217.965560131404,900370.1108384352,1147.4640752539772,244938.54724298883,5365.4296353853815,1145308.6580814242,3761962.2384976847,2921859.9866437213,10168706.986907614,7158417.209395055,3010289.7775125597,0.0,1692000.0000000002,0.0,711387.9591421704,49749.00098168983,440468.2619792278,0.0,1631280.0,0.0,4221796.027729126,49749.00098168983,3263343.1203855225
2041-10-31,4.00000000000007,2.0000000000000684,1.3547816334350133,1.8246428483532224,0.0,0.0,2.0,0.0,0.0,0.0,0.0,0.0,2576212.121776337,2999953.324583283,27672.98297289609,5268824.770490179,30015.58137317028,5750258.54001543,8029.381350262976,1483323.4535943763,9190.153468302009,1721876.8890795163,3445.0,633880.0,2667.0,490728.0,6112.0,1124608.0,4211.0107335417015,904581.1215719769,1145.5720698434216,246084.11931283225,5356.582803385123,1150665.2408848093,3761962.2384976847,2967666.3849595194,10168706.986907614,7158417.209395055,3010289.7775125597,0.0,1692000.0000000002,0.0,711387.9591421704,49831.03002386813,490299.29200309596,0.0,1631280.0,0.0,4221796.027729126,49831.03002386822,3313174.1504093907
2041-11-30,4.00000000000007,2.0000000000000684,1.3570191654489796,1.830616254234181,0.0,0.0,2.0,0.0,0.0,0.0,0.0,0.0,2588232.485169365,3013450.8698178907,27727.922121142845,5296552.692611322,29903.793068268453,5780162.3330836985,8060.980473272387,1491384.4340676488,9139.138098403015,1731016.0271779194,3445.0,637325.0,2667.0,493395.0,6112.0,1130720.0,4204.067374474007,908785.188946451,1143.6831840812724,247227.80249691353,5347.750558555279,1156012.9914433646,3761962.2384976847,3013479.4193218234,10168706.986907614,7158417.209395055,3010289.7775125597,0.0,1692000.0000000002,0.0,711387.9591421704,49913.19432029527,540212.4863233912,0.0,1631280.0,0.0,4221796.027729126,49913.1943202951,3363087.3447296857
2041-12-31,4.00000000000007,2.0000000000000684,1.3592603929289826,1.8366092154916074,0.0,0.0,2.0,0.0,0.0,0.0,0.0,0.0,2600296.8414795315,3026823.2512221737,27782.917229859333,5324335.609841181,29792.067092735557,5809954.400176434,8092.6001089275715,1499477.0341765764,9088.14639697925,1740104.1735748986,3445.0,640770.0,2667.0,496062.0,6112.0,1136832.0,4197.135464020005,912982.3244104709,1141.797412823672,248369.5999097372,5338.932876843677,1161351.9243202084,3761962.2384976847,3059299.2142659985,10168706.986907614,7158417.209395055,3010289.7775125597,0.0,1692000.0000000002,0.0,711387.9591421704,49995.49409398643,590207.9804173777,0.0,1631280.0,0.0,4221796.027729126,49995.49409398661,3413082.8388236724
2042-01-31,4.00000000000007,2.0000000000000684,1.3615053219783848,1.8426217961447153,0.0,0.0,2.0,0.0,0.0,0.0,0.0,0.0,2612405.1597351837,3040070.722655561,27837.968444105805,5352173.578285287,29680.403138344544,5839634.803314778,8124.240341005086,1507601.2745175816,9037.178223200453,1749141.351798099,3445.0,644215.0,2667.0,498729.0,6112.0,1142944.0,4190.214983302557,917172.5393937734,1139.9147509352442,249509.51466067246,5330.129734237801,1166682.0540544463,3761962.2384976847,3105125.8943454507,10168706.986907614,7158417.209395055,3010289.7775125597,0.0,1692000.0000000002,0.0,711387.9591421704,50077.92956832424,640285.9099857019,0.0,1631280.0,0.0,4221796.027729126,50077.92956832407,3463160.7683919966
2042-02-28,4.00000000000007,2.0000000000000684,1.363753958710629,1.8486540604223012,0.0,0.0,2.0,0.0,0.0,0.0,0.0,0.0,2624557.409184914,3053193.537274812,27893.07590908721,5380066.654194375,29568.80089703088,5869203.604211809,8155.901253333941,1515757.1757709156,8986.233436297518,1758127.5852343966,3445.0,647660.0,2667.0,501396.0,6112.0,1149056.0,4183.305913475649,921355.8453072491,1138.0351932890808,250647.54985396154,5321.341106764729,1172003.395161211,3761962.2384976847,3150959.5841319677,10168706.986907614,7158417.209395055,3010289.7775125597,0.0,1692000.0000000002,0.0,711387.9591421704,50160.50096705994,690446.4109527619,0.0,1631280.0,0.0,4221796.027729126,50160.50096705985,3513321.2693590564
2042-03-31,4.00000000000007,2.0000000000000684,1.3660063092492554,1.8547060727634292,0.0,0.0,2.0,0.0,0.0,0.0,0.0,0.0,2636753.5592973055,3066191.947535295,27948.239770154556,5408014.893964529,29457.26006089076,5898660.8642727,8187.582929795487,1523944.758700711,8935.311895561581,1767062.8971299583,3445.0,651105.0,2667.0,504063.0,6112.0,1155168.0,4176.408235724341,925532.2535429734,1136.1587347667266,251783.70858872827,5312.566970491067,1177315.962131702,3761962.2384976847,3196800.408216055,10168706.986907614,7158417.209395055,3010289.7775125597,0.0,1692000.0000000002,0.0,711387.9591421704,50243.20851431356,740689.6194670754,0.0,1631280.0,0.0,4221796.027729126,50243.208514313475,3563564.47787337
2042-04-30,4.00000000000007,2.0000000000000684,1.3682623797279165,1.8607778978181209,0.0,0.0,2.0,0.0,0.0,0.0,0.0,0.0,2648993.579760673,3079066.2051922693,28003.460172804786,5436018.354137334,29345.780322182392,5928006.644594882,8219.285454323788,1532164.0441550347,8884.413460343825,1775947.310590302,3445.0,654550.0,2667.0,506730.0,6112.0,1161280.0,4169.521931264717,929701.7754742381,1134.2853702581667,252917.99395898645,5303.807301522884,1182619.769433225,3761962.2384976847,3242648.491207276,10168706.986907614,7158417.209395055,3010289.7775125597,0.0,1692000.0000000002,0.0,711387.9591421704,50326.0524345746,791015.67190165,0.0,1631280.0,0.0,4221796.027729126,50326.0524345746,3613890.530307945
2042-05-31,4.00000000000007,2.0000000000000684,1.370522176290396,1.8668696004480445,0.0,0.0,2.0,0.0,0.0,0.0,0.0,0.0,2661277.4404828083,3091816.561302156,28058.73726268067,5464077.091400015,29234.36137332358,5957241.005968206,8251.008910906146,1540415.0530659407,8833.537990055449,1784780.8485803576,3445.0,657995.0,2667.0,509397.0,6112.0,1167392.0,4162.646981343834,933864.422455582,1132.4150946618108,254050.40905364827,5295.062076005645,1187914.8315092307,3761962.2384976847,3288503.9577345895,10168706.986907614,7158417.209395055,3010289.7775125597,0.0,1692000.0000000002,0.0,711387.9591421704,50409.03295270277,841424.7048543527,0.0,1631280.0,0.0,4221796.027729126,50409.03295270277,3664299.5632606475
2042-06-30,4.00000000000007,2.0000000000000684,1.3727857050906243,1.872981245727209,0.0,0.0,2.0,0.0,0.0,0.0,0.0,0.0,2673605.111590727,3104443.266223813,28114.071185572684,5492191.162585588,29123.00290689002,5986364.008875095,8282.753383582927,1548697.8064495237,8782.685344167156,1793563.5339245247,3445.0,661440.0,2667.0,512064.0,6112.0,1173504.0,4155.783367239671,938020.2058228216,1130.5479028844818,255180.95695653275,5286.331270124153,1193201.1627793547,3761962.2384976847,3334366.932446691,10168706.986907614,7158417.209395055,3010289.7775125597,0.0,1692000.0000000002,0.0,711387.9591421704,50492.15029392872,891916.8551482814,0.0,1631280.0,0.0,4221796.027729126,50492.15029392889,3714791.7135545765
2042-07-31,4.00000000000007,2.0000000000000684,1.3750529722926954,1.8791128989426586,0.0,0.0,2.0,0.0,0.0,0.0,0.0,0.0,2685976.563430414,3116946.5696197995,28169.462087417458,5520360.624673005,29011.70461561701,6015375.713490712,8314.518956447717,1557012.3254059714,8731.855382207623,1802295.3893067322,3445.0,664885.0,2667.0,514731.0,6112.0,1179616.0,4148.931070261071,942169.1368930826,1128.6837898413992,256309.64074637415,5277.614860102471,1198478.7776394573,3761962.2384976847,3380237.5400123484,10168706.986907614,7158417.209395055,3010289.7775125597,0.0,1692000.0000000002,0.0,711387.9591421704,50575.40468385416,942492.2598321356,0.0,1631280.0,0.0,4221796.027729126,50575.4046838545,3765367.118238431
2042-08-31,4.00000000000007,2.0000000000000684,1.3773239840708837,1.8852646255951704,0.0,0.0,2.0,0.0,0.0,0.0,0.0,0.0,2698391.76656657,3129326.7204576507,28224.91011429892,5548585.534787304,28900.466192397496,6044276.17968311,8346.305713647971,1565358.6311196194,8681.047963765066,1810976.4372704972,3445.0,668330.0,2667.0,517398.0,6112.0,1185728.0,4142.090071747703,946311.2269648303,1126.8227504561676,257436.4634968303,5268.912822203871,1203747.6904616612,3761962.2384976847,3426115.9051207434,10168706.986907614,7158417.209395055,3010289.7775125597,0.0,1692000.0000000002,0.0,711387.9591421704,50658.79634845316,993151.0561805888,0.0,1631280.0,0.0,4221796.027729126,50658.79634845316,3816025.914586884
2042-09-30,4.00000000000007,2.0000000000000684,1.3795987466096615,1.8914364913999537,0.0,0.0,2.0,0.0,0.0,0.0,0.0,0.0,2710850.691782359,3141583.9670111313,28280.415412450067,5576865.950199754,28789.28733027975,6073065.46701339,8378.113739385124,1573736.7448590044,8630.262948485897,1819606.700218983,3445.0,671775.0,2667.0,520065.0,6112.0,1191840.0,4135.260353070001,950446.4873179003,1124.964779660761,258561.4282764911,5260.225132730762,1209007.915594392,3761962.2384976847,3472002.1524818083,10168706.986907614,7158417.209395055,3010289.7775125597,0.0,1692000.0000000002,0.0,711387.9591421704,50742.32551407195,1043893.3816946608,0.0,1631280.0,0.0,4221796.027729126,50742.325514071614,3866768.2401009556
2042-10-31,4.00000000000007,2.0000000000000684,1.3818772661037146,1.8976285622873525,0.0,0.0,2.0,0.0,0.0,0.0,0.0,0.0,2723353.310079161,3153718.5568615044,28335.978128250998,5605201.928328005,28678.167722468846,6101743.634735859,8409.943117914529,1582146.6879769189,8579.500196073783,1828186.2004150567,3445.0,675220.0,2667.0,522732.0,6112.0,1197952.0,4128.441895629116,954574.9292135295,1123.1098723955106,259684.5381488866,5251.551768024627,1214259.4673624167,3761962.2384976847,3517896.406826567,10168706.986907614,7158417.209395055,3010289.7775125597,0.0,1692000.0000000002,0.0,711387.9591421704,50825.99240743034,1094719.3741020912,0.0,1631280.0,0.0,4221796.027729126,50825.99240743034,3917594.232508386
2042-11-30,4.00000000000007,2.0000000000000684,1.38415954875796,1.9038409044035496,0.0,0.0,2.0,0.0,0.0,0.0,0.0,0.0,2735899.592676317,3165730.7368987836,28391.598408230602,5633593.526736235,28567.107062322768,6130310.741798182,8441.793933545714,1590588.4819104646,8528.759566289695,1836714.9599813463,3445.0,678665.0,2667.0,525399.0,6112.0,1204064.0,4121.634680856867,958696.5638943863,1121.2580236090898,260805.7961724957,5242.892704465957,1219502.3600668826,3761962.2384976847,3563798.7929074727,10168706.986907614,7158417.209395055,3010289.7775125597,0.0,1692000.0000000002,0.0,711387.9591421704,50909.79725562161,1145629.1713577127,0.0,1631280.0,0.0,4221796.027729126,50909.79725562195,3968504.029764008
2042-12-31,4.00000000000007,2.0000000000000684,1.3864456007875632,1.910073584111273,0.0,0.0,2.0,0.0,0.0,0.0,0.0,0.0,2748489.511010883,3177620.7533229897,28447.27639906756,5662040.803135303,28456.105043356583,6158766.846841538,8473.666270643285,1599062.1481811078,8478.040918952333,1845193.0009002986,3445.0,682110.0,2667.0,528066.0,6112.0,1210176.0,4114.838690215689,962811.402584602,1119.4092282585011,261925.2054007542,5234.24791847419,1224736.6079853568,3761962.2384976847,3609709.4354987466,10168706.986907614,7158417.209395055,3010289.7775125597,0.0,1692000.0000000002,0.0,711387.9591421704,50993.74028611405,1196622.9116438269,0.0,1631280.0,0.0,4221796.027729126,50993.74028611355,4019497.7700501215
2043-01-31,4.00000000000007,2.0000000000000684,1.3887354284179534,1.9163266679905053,0.0,0.0,2.0,0.0,0.0,0.0,0.0,0.0,2761123.0367373805,3189388.851645405,28503.012247589304,5690543.815382892,28345.161359235954,6187112.008200774,8505.560213625986,1607567.7083947337,8427.34411393687,1853620.3450142355,3445.0,685555.0,2667.0,530733.0,6112.0,1216288.0,4108.0539051985825,966919.4564898006,1117.5634813090624,263042.7688820633,5225.617386507645,1229962.2253718644,3761962.2384976847,3655628.4593967204,10168706.986907614,7158417.209395055,3010289.7775125597,0.0,1692000.0000000002,0.0,711387.9591421704,51077.82172675029,1247700.7333705772,0.0,1631280.0,0.0,4221796.027729126,51077.82172675046,4070575.591776872
2043-02-28,4.00000000000007,2.0000000000000684,1.3910290378848427,1.9226002228391945,0.0,0.0,2.0,0.0,0.0,0.0,0.0,0.0,2773800.141727549,3201035.276689818,28558.806100772905,5719102.621483665,28234.275703780688,6215346.283904554,8537.47584696806,1616105.1842417018,8376.669011173717,1861997.0140254092,3445.0,689000.0,2667.0,533400.0,6112.0,1222400.0,4101.280307329064,971020.7367971296,1115.7207777343922,264158.4896597977,5217.001085063456,1235179.2264569278,3761962.2384976847,3701555.989420171,10168706.986907614,7158417.209395055,3010289.7775125597,0.0,1692000.0000000002,0.0,711387.9591421704,51162.041805749366,1298862.7751763265,0.0,1631280.0,0.0,4221796.027729126,51162.0418057497,4121737.633582622
2043-03-31,4.00000000000007,2.0000000000000684,1.3933264354342414,1.9288943156739677,0.0,0.0,2.0,0.0,0.0,0.0,0.0,0.0,2786520.7980700983,3212560.272593774,28614.65810574634,5747717.279589411,28123.447770960323,6243469.731675515,8569.413255198442,1624674.5974969002,8326.015470650325,1870323.0294960595,3445.0,692445.0,2667.0,536067.0,6112.0,1228512.0,4094.5178781611153,975115.2546752908,1113.881112516398,265272.3707723141,5208.398990677513,1240387.6254476053,3761962.2384976847,3747492.150410661,10168706.986907614,7158417.209395055,3010289.7775125597,0.0,1692000.0000000002,0.0,711387.9591421704,51246.4007517059,1350109.1759280325,0.0,1631280.0,0.0,4221796.027729126,51246.400751705565,4172984.0343343276
2043-04-30,4.00000000000007,2.0000000000000684,1.3956276273224757,1.9352090137308469,0.0,0.0,2.0,0.0,0.0,0.0,0.0,0.0,2799284.978070464,3223964.0828098147,28670.56840978698,5776387.847999197,28012.677254895738,6271482.408930411,8601.372522901931,1633275.9700198022,8275.38335240931,1878598.4128484689,3445.0,695890.0,2667.0,538734.0,6112.0,1234624.0,4087.7665992791317,979203.0212745699,1112.0444806452608,266384.41525295936,5199.811079924392,1245587.4365275297,3761962.2384976847,3793437.0672328826,10168706.986907614,7158417.209395055,3010289.7775125597,0.0,1692000.0000000002,0.0,711387.9591421704,51330.89879359208,1401440.0747216246,0.0,1631280.0,0.0,4221796.027729126,51330.898793592416,4224314.93312792
2043-05-31,4.00000000000007,2.0000000000000684,1.3979326198162048,1.9415443844659674,0.0,0.0,2.0,0.0,0.0,0.0,0.0,0.0,2812092.6542505627,3235246.950106722,28726.537160324744,5805114.385159522,27901.963849858148,6299384.372780269,8633.353734718841,1641909.323754521,8224.772516548268,1886823.185365017,3445.0,699335.0,2667.0,541401.0,6112.0,1240736.0,4081.026452297875,983284.0477268678,1110.2108771194219,267494.6261300788,5191.237329417297,1250778.673856947,3761962.2384976847,3839390.8647749894,10168706.986907614,7158417.209395055,3010289.7775125597,0.0,1692000.0000000002,0.0,711387.9591421704,51415.53616075734,1452855.610882382,0.0,1631280.0,0.0,4221796.027729126,51415.53616075734,4275730.469288678
2043-06-30,4.00000000000007,2.0000000000000684,1.4002414191924375,1.9479004955562986,0.0,0.0,2.0,0.0,0.0,0.0,0.0,0.0,2824943.7993485457,3246409.1165707535,28782.564504939237,5833896.949664461,27791.307250267415,6327175.680030537,8665.356975345476,1650574.6807298665,8174.182823219275,1894997.3681882364,3445.0,702780.0,2667.0,544068.0,6112.0,1246848.0,4074.29741886242,987358.3451457303,1108.3802969455699,268603.0064270244,5182.677715807989,1255961.351572755,3761962.2384976847,3885353.6679489412,10168706.986907614,7158417.209395055,3010289.7775125597,0.0,1692000.0000000002,0.0,711387.9591421704,51500.31308292922,1504355.9239653111,0.0,1631280.0,0.0,4221796.027729126,51500.313082928886,4327230.782371607
2043-07-31,4.00000000000007,2.0000000000000684,1.4025540317385499,1.9542774149003663,0.0,0.0,2.0,0.0,0.0,0.0,0.0,0.0,2837838.386318558,3257450.8236068804,28838.650591363483,5862735.600255825,27680.70715069178,6354856.387181229,8697.382329533903,1659272.0630594003,8123.614132628741,1903120.9823208652,3445.0,706225.0,2667.0,546735.0,6112.0,1252960.0,4067.5794806481076,991425.9246263785,1106.5527351386263,269709.559162163,5174.132215786734,1261135.4837885418,3761962.2384976847,3931325.6016908423,10168706.986907614,7158417.209395055,3010289.7775125597,0.0,1692000.0000000002,0.0,711387.9591421704,51585.2297902139,1555941.1537555251,0.0,1631280.0,0.0,4221796.027729126,51585.229790213576,4378816.01216182
2043-08-31,4.00000000000007,2.0000000000000684,1.4048704637523022,1.9606752106189784,0.0,0.0,2.0,0.0,0.0,0.0,0.0,0.0,2850776.388330494,3268372.3119400158,28894.795567480636,5891630.3958233055,27570.163245845593,6382426.550427075,8729.42988209307,1668001.4929414934,8073.0663050379235,1911194.048625903,3445.0,709670.0,2667.0,549402.0,6112.0,1259072.0,4060.8726193604916,995486.7972457389,1104.7281867217323,270814.28734888474,5165.600806082224,1266301.084594624,3761962.2384976847,3977306.7909612823,10168706.986907614,7158417.209395055,3010289.7775125597,0.0,1692000.0000000002,0.0,711387.9591421704,51670.28651309781,1607611.440268623,0.0,1631280.0,0.0,4221796.027729126,51670.28651309847,4430486.298674919
2043-09-30,4.00000000000007,2.0000000000000684,1.4071907215418555,1.967093951055953,0.0,0.0,2.0,0.0,0.0,0.0,0.0,0.0,2863757.7787697585,3279173.8216162464,28950.99958132836,5920581.395404634,27459.675230590412,6409886.225657665,8761.499717887888,1676762.9926593814,8022.539200759831,1919216.5878266627,3445.0,713115.0,2667.0,552069.0,6112.0,1265184.0,4054.176816735293,999540.9740624742,1102.9066467262357,271917.193995611,5157.0834634615285,1271458.1680580855,3761962.2384976847,4023297.3607456703,10168706.986907614,7158417.209395055,3010289.7775125597,0.0,1692000.0000000002,0.0,711387.9591421704,51755.483482446005,1659366.923751069,0.0,1631280.0,0.0,4221796.027729126,51755.48348244568,4482241.782157364
2043-10-31,4.00000000000007,2.0000000000000684,1.4095148114257896,1.9735337047788477,0.0,0.0,2.0,0.0,0.0,0.0,0.0,0.0,2876782.5312370234,3289855.59200406,29007.262781096106,5949588.65818573,27349.242799933476,6437235.468457598,8793.591921840622,1685556.584581222,7972.032680162749,1927188.6205068254,3445.0,716560.0,2667.0,554736.0,6112.0,1271296.0,4047.492054538347,1003588.4661170125,1101.0881101916766,273018.2821058027,5148.580164730023,1276606.7482228156,3761962.2384976847,4069297.436054583,10168706.986907614,7158417.209395055,3010289.7775125597,0.0,1692000.0000000002,0.0,711387.9591421704,51840.82092950563,1711207.7446805746,0.0,1631280.0,0.0,4221796.027729126,51840.8209295053,4534082.603086869
2043-11-30,4.00000000000007,2.0000000000000684,1.4118427397331201,1.9799945405796926,0.0,0.0,2.0,0.0,0.0,0.0,0.0,0.0,2889850.619547988,3300417.861795565,29063.585315126747,5978652.243500857,27238.865649026862,6464474.334106625,8825.706578930116,1694382.291160152,7921.546603665847,1935110.1671104913,3445.0,720005.0,2667.0,557403.0,6112.0,1277408.0,4040.8183145655535,1007629.2844315781,1099.2725721657737,274117.55467796844,5140.090886731327,1281746.839109547,3761962.2384976847,4115307.1419240986,10168706.986907614,7158417.209395055,3010289.7775125597,0.0,1692000.0000000002,0.0,711387.9591421704,51926.29908590419,1763134.0437664788,0.0,1631280.0,0.0,4221796.027729126,51926.299085904524,4586008.902172774
2043-12-31,4.00000000000007,2.0000000000000684,1.4141745128033152,1.986476527475725,0.0,0.0,2.0,0.0,0.0,0.0,0.0,0.0,2902962.0177331413,3310860.869007719,29119.96733191681,6007772.210832774,27128.543473166676,6491602.8775797915,8857.843774192499,1703240.1349343446,7871.080831741752,1942981.247942233,3445.0,723450.0,2667.0,560070.0,6112.0,1283520.0,4034.15557864283,1011663.440010221,1097.4600277044124,275215.01470567286,5131.615606347243,1286878.4547158943,3761962.2384976847,4161326.6034161374,10168706.986907614,7158417.209395055,3010289.7775125597,0.0,1692000.0000000002,0.0,711387.9591421704,52011.9181836512,1815145.96195013,0.0,1631280.0,0.0,4221796.027729126,52011.9181836512,4638020.820356425
2044-01-31,4.00000000000007,2.0000000000000684,1.4165101369863133,1.9929797347101266,0.0,0.0,2.0,0.0,0.0,0.0,0.0,0.0,2916116.700037523,3321184.850983539,29176.408980117358,6036948.619812891,27018.275967790978,6518621.153547582,8890.003592721687,1712130.1385270662,7820.635224914825,1950801.8831671479,3445.0,726895.0,2667.0,562737.0,6112.0,1289632.0,4027.5038286260587,1015690.943838847,1095.650471871629,276310.66517754446,5123.1543004976875,1292001.609016392,3761962.2384976847,4207355.945618804,10168706.986907614,7158417.209395055,3010289.7775125597,0.0,1692000.0000000002,0.0,711387.9591421704,52097.678455139656,1867243.6404052698,0.0,1631280.0,0.0,4221796.027729126,52097.67845513998,4690118.498811565
2044-02-29,4.00000000000007,2.0000000000000684,1.4188496186425403,1.9995042317527634,0.0,0.0,2.0,0.0,0.0,0.0,0.0,0.0,2929314.6409204877,3331390.0443933206,29232.91040853317,6066181.530221424,26908.06282848101,6545529.216376063,8922.18611966906,1721052.3246467353,7770.209643761117,1958572.092810909,3445.0,730340.0,2667.0,565404.0,6112.0,1295744.0,4020.863046401041,1019711.806885248,1093.8438997395997,277404.5090772841,5114.706946140641,1297116.3159625325,3761962.2384976847,4253395.293646725,10168706.986907614,7158417.209395055,3010289.7775125597,0.0,1692000.0000000002,0.0,711387.9591421704,52183.580133144234,1919427.220538414,0.0,1631280.0,0.0,4221796.027729126,52183.58013314391,4742302.078944709
2044-03-31,4.00000000000007,2.0000000000000684,1.421192964142927,2.0060500883009276,0.0,0.0,2.0,0.0,0.0,0.0,0.0,0.0,2942555.815055464,3341476.68523585,29289.471766124523,6095471.001987549,26797.903750959813,6572327.120127023,8954.391440243611,1730006.716086979,7719.803948908007,1966291.8967598171,3445.0,733785.0,2667.0,568071.0,6112.0,1301856.0,4014.233213883444,1023726.0400991315,1092.040306388625,278496.5493836727,5106.273520272069,1302222.5894828045,3761962.2384976847,4299444.772641389,10168706.986907614,7158417.209395055,3010289.7775125597,0.0,1692000.0000000002,0.0,711387.9591421704,52269.62345082495,1971696.843989239,0.0,1631280.0,0.0,4221796.027729126,52269.62345082495,4794571.702395534
2044-04-30,4.00000000000007,2.0000000000000684,1.423540179868926,2.012617374280082,0.0,0.0,2.0,0.0,0.0,0.0,0.0,0.0,2955840.1973297247,3351445.0088396147,29346.093202007316,6124817.095189556,26687.798431088948,6599014.918558112,8986.619639713059,1738993.335726692,7669.418001032874,1973961.31476085,3445.0,737230.0,2667.0,570738.0,6112.0,1307968.0,4007.6143130187543,1027733.6544121503,1090.2396869071179,279586.7890705798,5097.853999925872,1307320.4434827303,3761962.2384976847,4345504.507771492,10168706.986907614,7158417.209395055,3010289.7775125597,0.0,1692000.0000000002,0.0,711387.9591421704,52355.80864172487,2024052.6526309638,0.0,1631280.0,0.0,4221796.027729126,52355.80864172487,4846927.511037259
2044-05-31,4.00000000000007,2.0000000000000684,1.4258912722125296,2.0192061598446074,0.0,0.0,2.0,0.0,0.0,0.0,0.0,0.0,2969167.762844147,3361295.2498640087,29402.774865451152,6154219.870055007,26577.74656487242,6625592.665122985,9018.870803402984,1748012.206530095,7619.051660864723,1981580.3664217147,3445.0,740675.0,2667.0,573405.0,6112.0,1314080.0,4001.006325782228,1031734.6607379325,1088.4420363915895,280675.2311069714,5089.448362173817,1312409.891844904,3761962.2384976847,4391574.624233268,10168706.986907614,7158417.209395055,3010289.7775125597,0.0,1692000.0000000002,0.0,711387.9591421704,52442.13593977304,2076494.7885707368,0.0,1631280.0,0.0,4221796.027729126,52442.13593977304,4899369.646977033
2044-06-30,4.00000000000007,2.0000000000000684,1.4282462475762872,2.0258165153785517,0.0,0.0,2.0,0.0,0.0,0.0,0.0,0.0,2982538.486912983,3371027.642300539,29459.51690588465,6183679.386960891,26467.74784845083,6652060.412971436,9051.145016697901,1757063.351546793,7568.704789181917,1989149.0712108966,3445.0,744120.0,2667.0,576072.0,6112.0,1320192.0,3994.4092341788405,1035729.0699721114,1086.6473499466365,281761.878456918,5081.0565841254775,1317490.9484290294,3761962.2384976847,4437655.24725084,10168706.986907614,7158417.209395055,3010289.7775125597,0.0,1692000.0000000002,0.0,711387.9591421704,52528.60557928431,2129023.394150021,0.0,1631280.0,0.0,4221796.027729126,52528.60557928431,4951898.252556317
2044-07-31,4.00000000000007,2.0000000000000684,1.4306051123733219,2.032448511496382,0.0,0.0,2.0,0.0,0.0,0.0,0.0,0.0,2995952.3450636226,3380642.4194740253,29516.319472890173,6213195.706433781,26357.801978104057,6678418.21494954,9083.442365040859,1766146.7939118338,7518.377246812849,1996667.4484577095,3445.0,747565.0,2667.0,578739.0,6112.0,1326304.0,3987.8230202432396,1039716.8929923546,1084.8556226849269,282846.73407960293,5072.6786429281665,1322563.6270719576,3761962.2384976847,4483746.502076549,10168706.986907614,7158417.209395055,3010289.7775125597,0.0,1692000.0000000002,0.0,711387.9591421704,52615.217794959164,2181638.61194498,0.0,1631280.0,0.0,4221796.027729126,52615.217794959484,5004513.470351276
2044-08-31,4.00000000000007,2.0000000000000684,1.4329678730273492,2.039102219043739,0.0,0.0,2.0,0.0,0.0,0.0,0.0,0.0,3009409.313036362,3390139.8140438003,29573.182716208416,6242768.88914999,26247.908650249392,6704666.123599789,9115.762933934473,1775262.5568457684,7468.068894635008,2004135.5173523445,3445.0,751010.0,2667.0,581406.0,6112.0,1332416.0,3981.247666039695,1043698.1406583943,1083.066849727188,283929.8009293301,5064.314515766883,1327627.9415877245,3761962.2384976847,4529848.513991306,10168706.986907614,7158417.209395055,3010289.7775125597,0.0,1692000.0000000002,0.0,711387.9591421704,52701.972821885436,2234340.5847668652,0.0,1631280.0,0.0,4221796.027729126,52701.97282188511,5057215.443173161
2044-09-30,4.00000000000007,2.0000000000000684,1.4353345359726934,2.0457777090981923,0.0,0.0,2.0,0.0,0.0,0.0,0.0,0.0,3022909.3667841754,3399520.058004904,29630.106785736338,6272398.995935726,26138.06756143843,6730804.191161227,9148.106808939507,1784410.6636547078,7417.779593575038,2011553.2969459195,3445.0,754455.0,2667.0,584073.0,6112.0,1338528.0,3974.68315366205,1047672.8238120563,1081.2810262021912,285011.0819555323,5055.964179864241,1332683.9057675886,3761962.2384976847,4575961.408304924,10168706.986907614,7158417.209395055,3010289.7775125597,0.0,1692000.0000000002,0.0,711387.9591421704,52788.87089553864,2287129.4556624037,0.0,1631280.0,0.0,4221796.027729126,52788.87089553897,5110004.3140687
2044-10-31,4.00000000000007,2.0000000000000684,1.4377051076543064,2.052475052970003,0.0,0.0,2.0,0.0,0.0,0.0,0.0,0.0,3036452.4824724807,3408783.3826892776,29687.091831530357,6302086.087767256,26028.27840836111,6756832.469569588,9180.474075677508,1793591.1377303854,7367.509204607501,2018920.806150527,3445.0,757900.0,2667.0,586740.0,6112.0,1344640.0,3968.129465233671,1051640.95327729,1079.498147246741,286090.58010277903,5047.627612480412,1337731.533380069,3761962.2384976847,4622085.310356462,10168706.986907614,7158417.209395055,3010289.7775125597,0.0,1692000.0000000002,0.0,711387.9591421704,52875.912251782865,2340005.367914187,0.0,1631280.0,0.0,4221796.027729126,52875.912251782545,5162880.226320483
2044-11-30,4.00000000000007,2.0000000000000684,1.4400795945277833,2.0591943222028815,0.0,0.0,2.0,0.0,0.0,0.0,0.0,0.0,3050038.636478911,3417930.018766956,29744.138003802298,6331830.225771058,25918.540887839426,6782751.010457427,9212.864819828867,1802804.0025502143,7317.257588755949,2026238.063739283,3445.0,761345.0,2667.0,589407.0,6112.0,1350752.0,3961.586582907403,1055602.5398601976,1077.71820800566,287168.2983107847,5039.304790913064,1342770.8381709822,3761962.2384976847,4668220.345514568,10168706.986907614,7158417.209395055,3010289.7775125597,0.0,1692000.0000000002,0.0,711387.9591421704,52963.097126870365,2392968.465041057,0.0,1631280.0,0.0,4221796.027729126,52963.097126870365,5215843.323447353
2044-12-31,4.00000000000007,2.0000000000000684,1.4424580030593823,2.0659355885747552,0.0,0.0,2.0,0.0,0.0,0.0,0.0,0.0,3063667.8053930863,3426960.1962472512,29801.245452923766,6361631.471223982,25808.854696831528,6808559.865154259,9245.27912713475,1812049.281677349,7267.024607091071,2033505.088346374,3445.0,764790.0,2667.0,592074.0,6112.0,1356864.0,3955.054488865517,1059557.594349063,1075.941203631776,288244.23951441643,5030.995692497293,1347801.8338634796,3761962.2384976847,4714366.639177811,10168706.986907614,7158417.209395055,3010289.7775125597,0.0,1692000.0000000002,0.0,711387.9591421704,53050.42575744325,2446018.8907985003,0.0,1631280.0,0.0,4221796.027729126,53050.42575744293,5268893.749204796
2045-01-31,4.00000000000007,2.0000000000000684,1.4448403397260403,2.0726989240985327,0.0,0.0,2.0,0.0,0.0,0.0,0.0,0.0,3077339.966016385,3435874.144479943,29858.414329425956,6391489.885553408,25699.219532426785,6834259.084686685,9277.717083395151,1821326.9987607442,7216.810120731139,2040721.898467105,3445.0,768235.0,2667.0,594741.0,6112.0,1362976.0,3948.5331653196636,1063506.1275143826,1074.1671292859103,289318.40664370236,5022.700294605574,1352824.5341580852,3761962.2384976847,4760524.316775036,10168706.986907614,7158417.209395055,3010289.7775125597,0.0,1692000.0000000002,0.0,711387.9591421704,53137.898380534614,2499156.789179035,0.0,1631280.0,0.0,4221796.027729126,53137.898380534614,5322031.6475853305
2045-02-28,4.00000000000007,2.0000000000000684,1.447226611015392,2.079484401022875,0.0,0.0,2.0,0.0,0.0,0.0,0.0,0.0,3091055.095361715,3444672.092156456,29915.644783998097,6421405.530337406,25589.63509184739,6859848.719778533,9310.178774472062,1830637.1775352163,7166.613990841814,2047888.512457947,3445.0,771680.0,2667.0,597408.0,6112.0,1369088.0,3942.0225945108223,1067448.1501088934,1072.3959801368617,290390.80262383923,5014.418574647684,1357838.952732733,3761962.2384976847,4806693.503765691,10168706.986907614,7158417.209395055,3010289.7775125597,0.0,1692000.0000000002,0.0,711387.9591421704,53225.515233566824,2552382.304412602,0.0,1631280.0,0.0,4221796.027729126,53225.515233567145,5375257.1628188975
2045-03-31,4.00000000000007,2.0000000000000684,1.4496168234257865,2.0862920918329655,0.0,0.0,2.0,0.0,0.0,0.0,0.0,0.0,3104813.1706532924,3453354.267311043,29972.936967489793,6451378.467304897,25480.10107244734,6885328.8208509805,9342.664286286852,1839979.8418215031,7116.436078634998,2055004.948536582,3445.0,775125.0,2667.0,600075.0,6112.0,1375200.0,3935.5227587092563,1071383.6728676027,1070.6277513613963,291461.43037520064,5006.150510070653,1362845.1032428036,3761962.2384976847,4852874.3256401755,10168706.986907614,7158417.209395055,3010289.7775125597,0.0,1692000.0000000002,0.0,711387.9591421704,53313.27655435542,2605695.5809669574,0.0,1631280.0,0.0,4221796.027729126,53313.27655435542,5428570.439373253
2045-04-30,4.00000000000007,2.0000000000000684,1.4520109834663055,2.093122069251286,0.0,0.0,2.0,0.0,0.0,0.0,0.0,0.0,3118614.169326408,3461920.8973219604,30030.291030908764,6481408.7583358055,25370.617171710233,6910699.438022691,9375.173704822118,1849355.0155263252,7066.276245368364,2062071.2247819505,3445.0,778570.0,2667.0,602742.0,6112.0,1381312.0,3929.0336402144626,1075312.7065078171,1068.8624381442323,292530.29281334486,4997.896078358695,1367842.9993211622,3761962.2384976847,4899066.90792018,10168706.986907614,7158417.209395055,3010289.7775125597,0.0,1692000.0000000002,0.0,711387.9591421704,53401.18258110667,2659096.763548064,0.0,1631280.0,0.0,4221796.027729126,53401.18258110667,5481971.621954359
2045-05-31,4.00000000000007,2.0000000000000684,1.4544090976567812,2.0999744062383927,0.0,0.0,2.0,0.0,0.0,0.0,0.0,0.0,3132458.06902721,3470372.208912642,30087.707125426314,6511496.465461232,25261.18308725026,6935960.621109941,9407.707116122234,1858762.7226424473,7016.134352346484,2069087.359134297,3445.0,782015.0,2667.0,605409.0,6112.0,1387424.0,3922.555221355123,1079235.2617291722,1067.1000356780282,293597.3928490229,4989.655257033151,1372832.6545781954,3761962.2384976847,4945271.376159026,10168706.986907614,7158417.209395055,3010289.7775125597,0.0,1692000.0000000002,0.0,711387.9591421704,53489.233552419944,2712585.997100484,0.0,1631280.0,0.0,4221796.027729126,53489.233552419624,5535460.855506779
2045-06-30,4.00000000000007,2.0000000000000684,1.4568111725278137,2.1068491759936947,0.0,0.0,2.0,0.0,0.0,0.0,0.0,0.0,3146344.847612475,3478708.428152872,30145.185402371782,6541641.650863604,25151.79851680941,6961112.41962675,9440.264606291637,1868202.987248739,6966.01026091846,2076053.3693952153,3445.0,785460.0,2667.0,608076.0,6112.0,1393536.0,3916.0874844890573,1083151.3492136612,1065.3405391633685,294662.73338818626,4981.4280236524255,1377814.0826018478,3761962.2384976847,4991487.855942014,10168706.986907614,7158417.209395055,3010289.7775125597,0.0,1692000.0000000002,0.0,711387.9591421704,53577.42970728912,2766163.4268077733,0.0,1631280.0,0.0,4221796.027729126,53577.42970728943,5589038.285214068
2045-07-31,4.00000000000007,2.0000000000000684,1.4592172146207891,2.113746451956238,0.0,0.0,2.0,0.0,0.0,0.0,0.0,0.0,3160274.483149388,3486929.7804599497,30202.726013237312,6571844.376876841,25042.46315825788,6986154.882785008,9472.84626149759,1877675.8335102366,6915.903832478769,2082969.273227694,3445.0,788905.0,2667.0,610743.0,6112.0,1399648.0,3909.630412003174,1087060.9796256644,1063.5839438087514,295726.317331995,4973.214355811926,1382787.2969576598,3761962.2384976847,5037716.4728867505,10168706.986907614,7158417.209395055,3010289.7775125597,0.0,1692000.0000000002,0.0,711387.9591421704,53665.77128510055,2819829.1980928737,0.0,1631280.0,0.0,4221796.027729126,53665.77128510087,5642704.056499169
2045-08-31,4.00000000000007,2.0000000000000684,1.461627230487897,2.120666307805489,0.0,0.0,2.0,0.0,0.0,0.0,0.0,0.0,3174246.953915318,3495036.4905998623,30260.329109675455,6602104.705986517,24933.176709594576,7011088.0594946025,9505.452167968118,1887181.2856782046,6865.814928466847,2089835.088156161,3445.0,792350.0,2667.0,613410.0,6112.0,1405760.0,3903.183986313424,1090964.1636119778,1061.8302448305758,296788.1475768256,4965.0142311439995,1387752.3111888038,3761962.2384976847,5083957.352643504,10168706.986907614,7158417.209395055,3010289.7775125597,0.0,1692000.0000000002,0.0,711387.9591421704,53754.258525635974,2873583.4566185097,0.0,1631280.0,0.0,4221796.027729126,53754.258525635654,5696458.315024805
2045-09-30,4.00000000000007,2.0000000000000684,1.4640412266921483,2.1276088174621206,0.0,0.0,2.0,0.0,0.0,0.0,0.0,0.0,3188262.238397597,3503028.782688442,30317.994843501252,6632422.700830018,24823.938868941812,7035911.998363544,9538.082411993439,1896719.3680901981,6815.743410366682,2096650.8315665275,3445.0,795795.0,2667.0,616077.0,6112.0,1411872.0,3896.748189864752,1094860.9118018425,1060.079437453128,297848.2270142787,4956.82762731788,1392709.1388161217,3761962.2384976847,5130210.6208955385,10168706.986907614,7158417.209395055,3010289.7775125597,0.0,1692000.0000000002,0.0,711387.9591421704,53842.891669073266,2927426.348287583,0.0,1631280.0,0.0,4221796.027729126,53842.891669073266,5750301.206693878
2045-10-31,4.00000000000007,2.0000000000000684,1.4664592098073934,2.1345740550888035,0.0,0.0,2.0,0.0,0.0,0.0,0.0,0.0,3202320.3152933028,3510906.880192531,30375.723366693644,6662798.424196712,24714.74933455033,7060626.747698095,9570.737079926432,1906290.1051701247,6765.689139704838,2103416.520706232,3445.0,799240.0,2667.0,618744.0,6112.0,1417984.0,3890.3230051310475,1098751.2348069735,1058.331516908569,298906.55853118724,4948.6545220396165,1397657.7933381614,3761962.2384976847,5176476.40335946,10168706.986907614,7158417.209395055,3010289.7775125597,0.0,1692000.0000000002,0.0,711387.9591421704,53931.670955984984,2981358.0192435677,0.0,1631280.0,0.0,4221796.027729126,53931.6709559853,5804232.877649863
2045-11-30,4.00000000000007,2.0000000000000684,1.46888118641834,2.1415620950909973,0.0,0.0,2.0,0.0,0.0,0.0,0.0,0.0,3216421.163509032,3518671.0059311353,30433.514831391112,6693231.939028103,24605.607804793457,7085232.355502889,9603.416258182435,1915893.521428307,6715.651978053268,2110132.1726842853,3445.0,802685.0,2667.0,621411.0,6112.0,1424096.0,3883.9084146150985,1102635.1432215886,1056.5864784369207,299963.1450096242,4940.4948930520195,1402598.2882312133,3761962.2384976847,5222754.825785551,10168706.986907614,7158417.209395055,3010289.7775125597,0.0,1692000.0000000002,0.0,711387.9591421704,54020.596627340936,3035378.615870909,0.0,1631280.0,0.0,4221796.027729126,54020.596627340616,5858253.474277204
2045-12-31,4.00000000000007,2.0000000000000684,1.471307163120571,2.1485730121177458,0.0,0.0,2.0,0.0,0.0,0.0,0.0,0.0,3230564.7621606886,3526321.3820765847,30491.369389898697,6723723.308418002,24496.513978169627,7109728.869481058,9636.120033238722,1925529.6414615458,6665.631787025775,2116797.804471311,3445.0,806130.0,2667.0,624078.0,6112.0,1430208.0,3877.504400848544,1106512.6476224372,1054.8443172860543,301017.98932691023,4932.348718134598,1407530.636949348,3761962.2384976847,5269046.013958122,10168706.986907614,7158417.209395055,3010289.7775125597,0.0,1692000.0000000002,0.0,711387.9591421704,54109.66892450849,3089488.2847954175,0.0,1631280.0,0.0,4221796.027729126,54109.66892450849,5912363.1432017125
2046-01-31,4.00000000000007,2.0000000000000684,1.4737371465205622,2.1556068810624747,0.0,0.0,2.0,0.0,0.0,0.0,0.0,0.0,3244751.090573261,3533858.2301556827,30549.287194682962,6754272.595612685,24387.46755329978,7134116.337034358,9668.848491635852,1935198.4899531817,6615.628428279587,2123413.4328995906,3445.0,809575.0,2667.0,626745.0,6112.0,1436320.0,3871.110946391824,1110383.758568829,1053.105028711676,302071.0943556219,4924.2159751035,1412454.8529244515,3761962.2384976847,5315350.093695844,10168706.986907614,7158417.209395055,3010289.7775125597,0.0,1692000.0000000002,0.0,711387.9591421704,54198.88808925346,3143687.172884671,0.0,1631280.0,0.0,4221796.027729126,54198.88808925346,5966562.031290966
2046-02-28,4.00000000000007,2.0000000000000684,1.4761711432357008,2.1626637770637904,0.0,0.0,2.0,0.0,0.0,0.0,0.0,0.0,3258980.1282806075,3541281.771050856,30607.26839837515,6784879.86401106,24278.468228926136,7158394.805263284,9701.601719978384,1944900.0916731602,6565.641763513763,2129979.0746631045,3445.0,813020.0,2667.0,629412.0,6112.0,1442432.0,3864.728033834137,1114248.486602663,1051.3686079773147,303122.4629635992,4916.096641811451,1417370.949566263,3761962.2384976847,5361667.190852096,10168706.986907614,7158417.209395055,3010289.7775125597,0.0,1692000.0000000002,0.0,711387.9591421704,54288.254363738306,3197975.4272484095,0.0,1631280.0,0.0,4221796.027729126,54288.254363738306,6020850.285654704
2046-03-31,4.00000000000007,2.0000000000000684,1.478609159894303,2.1697437755062845,0.0,0.0,2.0,0.0,0.0,0.0,0.0,0.0,3273251.8550252365,3548592.225001303,30665.313153770483,6815545.177164831,24169.51570391413,7182564.320967197,9734.379804932705,1954634.471478093,6515.671654470153,2136494.7463175748,3445.0,816465.0,2667.0,632079.0,6112.0,1448544.0,3858.3556457933864,1118106.8422484566,1049.6350503543094,304172.0980139535,4907.990696147695,1422278.9402624108,3761962.2384976847,5407997.4313153075,10168706.986907614,7158417.209395055,3010289.7775125597,0.0,1692000.0000000002,0.0,711387.9591421704,54377.76799052701,3252353.1952389367,0.0,1631280.0,0.0,4221796.027729126,54377.76799052701,6075228.053645231
2046-04-30,4.00000000000007,2.0000000000000684,1.4810512031356324,2.176846952021338,0.0,0.0,2.0,0.0,0.0,0.0,0.0,0.0,3287566.250758093,3555789.8116041375,30723.42161382935,6846268.59877866,24060.609677248045,7206624.930644445,9767.182833229912,1964401.6543113228,6465.717962931841,2142960.4642805066,3445.0,819910.0,2667.0,634746.0,6112.0,1454656.0,3851.9937649161375,1121958.8360133728,1047.9043511217958,305220.0023650753,4899.8981160379335,1427178.8383784487,3761962.2384976847,5454340.941009296,10168706.986907614,7158417.209395055,3010289.7775125597,0.0,1692000.0000000002,0.0,711387.9591421704,54467.42921258259,3306820.6244515195,0.0,1631280.0,0.0,4221796.027729126,54467.42921258259,6129695.482857813
2046-05-31,4.00000000000007,2.0000000000000684,1.4834972796099177,2.183973382487929,0.0,0.0,2.0,0.0,0.0,0.0,0.0,0.0,3301923.295638345,3562874.7498155334,30781.593931677824,6877050.192710338,23951.749848033032,7230576.680492478,9800.01089166457,1974201.6652029874,6415.780550722878,2149376.2448312296,3445.0,823355.0,2667.0,637413.0,6112.0,1460768.0,3845.6423738775693,1125804.4783872503,1046.1765055666935,306266.178870642,4891.818879444263,1432070.657257893,3761962.2384976847,5500697.845893614,10168706.986907614,7158417.209395055,3010289.7775125597,0.0,1692000.0000000002,0.0,711387.9591421704,54557.23827326859,3361377.862724788,0.0,1631280.0,0.0,4221796.027729126,54557.23827326859,6184252.721131082
2046-06-30,4.00000000000007,2.0000000000000684,1.4859473959783709,2.191123143033443,0.0,0.0,2.0,0.0,0.0,0.0,0.0,0.0,3316322.970033168,3569847.2579518603,30839.830260606832,6907890.022970945,23842.93591549144,7254419.61640797,9832.86406709534,1984034.5292700827,6365.859279708337,2155742.104110938,3445.0,826800.0,2667.0,640080.0,6112.0,1466880.0,3839.3014553814264,1129643.7798426317,1044.4515089836939,307310.63037962565,4883.7529643651205,1436954.410222258,3761962.2384976847,5547068.271963889,10168706.986907614,7158417.209395055,3010289.7775125597,0.0,1692000.0000000002,0.0,711387.9591421704,54647.19541634931,3416025.0581411375,0.0,1631280.0,0.0,4221796.027729126,54647.19541634931,6238899.916547431
2046-07-31,4.00000000000007,2.0000000000000684,1.4884015589132058,2.1982963100344883,0.0,0.0,2.0,0.0,0.0,0.0,0.0,0.0,3330765.25451753,3576707.5536908205,30898.13075407328,6938788.153725018,23734.167578965513,7278153.783986935,9865.742446444952,1993900.2717165276,6315.954011794695,2162058.0581227327,3445.0,830245.0,2667.0,642747.0,6112.0,1472992.0,3832.9709921599724,1133476.7508347917,1042.7293566752458,308353.3597363009,4875.700348835218,1441830.1105710932,3761962.2384976847,5593452.345252166,10168706.986907614,7158417.209395055,3010289.7775125597,0.0,1692000.0000000002,0.0,711387.9591421704,54737.30088599245,3470762.35902713,0.0,1631280.0,0.0,4221796.027729126,54737.30088599245,6293637.217433423
2046-08-31,4.00000000000007,2.0000000000000684,1.4908597750976558,2.2054929601177093,0.0,0.0,2.0,0.0,0.0,0.0,0.0,0.0,3345250.1298739817,3583455.8540725876,30956.49556570104,6969744.649290719,23625.444537913827,7301779.228524849,9898.646116701444,2003798.917833229,6266.064608927101,2168324.1227316596,3445.0,833690.0,2667.0,645414.0,6112.0,1479104.0,3826.650966973943,1137303.4018017657,1041.0100439515443,309394.36978025245,4867.661010925487,1446697.7715820186,3761962.2384976847,5639850.191827251,10168706.986907614,7158417.209395055,3010289.7775125597,0.0,1692000.0000000002,0.0,711387.9591421704,54827.55492676731,3525589.9139538975,0.0,1631280.0,0.0,4221796.027729126,54827.55492676731,6348464.77236019
2046-09-30,4.00000000000007,2.0000000000000684,1.4933220512259922,2.2127131701606064,0.0,0.0,2.0,0.0,0.0,0.0,0.0,0.0,3359777.577092444,3590092.3755009314,31014.924849280673,7000759.57414,23516.76649191088,7325295.995016759,9931.575164916207,2013730.4929981453,6216.190933091046,2174540.3136647507,3445.0,837135.0,2667.0,648081.0,6112.0,1485216.0,3820.3413626125,1141123.7431643782,1039.293566130517,310433.66334638296,4859.634928743017,1451557.4065107617,3761962.2384976847,5686261.937795052,10168706.986907614,7158417.209395055,3010289.7775125597,0.0,1692000.0000000002,0.0,711387.9591421704,54917.95778364663,3580507.871737544,0.0,1631280.0,0.0,4221796.027729126,54917.95778364663,6403382.730143837
2046-10-31,4.00000000000007,2.0000000000000684,1.4957883940035421,2.219957017292357,0.0,0.0,2.0,0.0,0.0,0.0,0.0,0.0,3374347.577369998,3596617.3337443518,31073.418758769803,7031832.99289877,23408.133140647355,7348704.128157407,9964.529678207056,2023695.0226763524,6166.332846312166,2180706.646511063,3445.0,840580.0,2667.0,650748.0,6112.0,1491328.0,3814.042161893182,1144937.7853262713,1037.579918537812,311471.2432649208,4851.622080430994,1456409.0285911928,3761962.2384976847,5732687.709298927,10168706.986907614,7158417.209395055,3010289.7775125597,0.0,1692000.0000000002,0.0,711387.9591421704,55008.50970200655,3635516.3814395503,0.0,1631280.0,0.0,4221796.027729126,55008.50970200655,6458391.239845843
2046-11-30,4.00000000000007,2.0000000000000684,1.4982588101467076,2.2272245788946385,0.0,0.0,2.0,0.0,0.0,0.0,0.0,0.0,3388960.112110674,3603030.943937203,31131.97744829399,7062964.970347064,23299.544183928534,7372003.672341336,9997.509743755954,2033692.5324201083,6116.490210653884,2186823.1367217167,3445.0,844025.0,2667.0,653415.0,6112.0,1497440.0,3807.753347661859,1148745.5386739331,1035.8690965067844,312507.1123614276,4843.622444168644,1461252.6510353615,3761962.2384976847,5779127.632520017,10168706.986907614,7158417.209395055,3010289.7775125597,0.0,1692000.0000000002,0.0,711387.9591421704,55099.210927628366,3690615.5923671788,0.0,1631280.0,0.0,4221796.027729126,55099.210927628985,6513490.450773472
2046-12-31,4.00000000000007,2.0000000000000684,1.500733306382983,2.234515932602457,0.0,0.0,2.0,0.0,0.0,0.0,0.0,0.0,3403615.1629252406,3609333.4205808155,31190.601072145753,7094155.571419209,23190.999321672767,7395194.671663009,10030.515448811075,2043723.0478689193,6066.662888218489,2192889.7996099354,3445.0,847470.0,2667.0,656082.0,6112.0,1503552.0,3801.474902792688,1152547.0135767257,1034.161095378484,313541.2734568061,4835.635998171172,1466088.2870335327,3761962.2384976847,5825581.833677598,10168706.986907614,7158417.209395055,3010289.7775125597,0.0,1692000.0000000002,0.0,711387.9591421704,55190.06170669889,3745805.6540738777,0.0,1631280.0,0.0,4221796.027729126,55190.06170669765,6568680.51248017
2047-01-31,4.00000000000007,2.0000000000000684,1.503211889450974,2.241831156304975,0.0,0.0,2.0,0.0,0.0,0.0,0.0,0.0,3418312.7116310005,3615524.9775446192,31249.289784787266,7125404.861203996,23082.49825391244,7418277.169916921,10063.546880685453,2053786.5947496048,6016.850741146996,2198906.6503510824,3445.0,850915.0,2667.0,658749.0,6112.0,1509664.0,3795.2068101880614,1156342.2203869137,1032.4559105016426,314573.72936730774,4827.662720689704,1470915.9497542225,3761962.2384976847,5872050.439029422,10168706.986907614,7158417.209395055,3010289.7775125597,0.0,1692000.0000000002,0.0,711387.9591421704,55281.062285810855,3801086.7163596884,0.0,1631280.0,0.0,4221796.027729126,55281.06228581147,6623961.574765981
2047-02-28,4.00000000000007,2.0000000000000684,1.5056945661004155,2.2491703281463438,0.0,0.0,2.0,0.0,0.0,0.0,0.0,0.0,3433052.74025158,3621605.82806726,31308.04374084993,7156712.904944846,22974.040680791226,7441251.210597713,10096.604126759003,2063883.198876364,5967.053631617771,2204873.7039827,3445.0,854360.0,2667.0,661416.0,6112.0,1515776.0,3788.949052778564,1160131.1694396923,1030.753537232661,315604.4829045404,4819.702590011225,1475735.6523442338,3761962.2384976847,5918533.574872053,10168706.986907614,7158417.209395055,3010289.7775125597,0.0,1692000.0000000002,0.0,711387.9591421704,55372.212911962524,3856458.929271651,0.0,1631280.0,0.0,4221796.027729126,55372.21291196314,6679333.787677945
2047-03-31,4.00000000000007,2.0000000000000684,1.5081813430921898,2.256533526526538,0.0,0.0,2.0,0.0,0.0,0.0,0.0,0.0,3447835.231016723,3627576.1847577184,31366.863095132645,7188079.768039979,22865.626302565797,7464116.836900278,10129.687274476808,2074012.8861508407,5917.271421847037,2210790.975404547,3445.0,857805.0,2667.0,664083.0,6112.0,1521888.0,3782.701613522926,1163913.871053215,1029.0539709355971,316633.53687547595,4811.755584458523,1480547.4079286924,3761962.2384976847,5965031.367541223,10168706.986907614,7158417.209395055,3010289.7775125597,0.0,1692000.0000000002,0.0,711387.9591421704,55463.51383256045,3911922.4431042112,0.0,1631280.0,0.0,4221796.027729126,55463.51383255983,6734797.301510504
2047-04-30,4.00000000000007,2.0000000000000684,1.5106722271983457,2.263920830102194,0.0,0.0,2.0,0.0,0.0,0.0,0.0,0.0,3462660.1663620854,3633436.2595964186,31425.748002605636,7219505.516042585,22757.254819601272,7486874.091719879,10162.796411351123,2084175.6825621917,5867.50397408723,2216658.479378634,3445.0,861250.0,2667.0,666750.0,6112.0,1528000.0,3776.4644754079764,1167690.335528623,1027.3572069821523,317660.8940824581,4803.821682390128,1485351.2296110825,3761962.2384976847,6011543.943412165,10168706.986907614,7158417.209395055,3010289.7775125597,0.0,1692000.0000000002,0.0,711387.9591421704,55554.96529541891,3967477.4083996303,0.0,1631280.0,0.0,4221796.027729126,55554.96529541829,6790352.266805923
2047-05-31,4.00000000000007,2.0000000000000684,1.5131672252021167,2.271332317787448,0.0,0.0,2.0,0.0,0.0,0.0,0.0,0.0,3477527.5289290287,3639186.2639363413,31484.698618408038,7250990.214660993,22648.925932373568,7509523.017652253,10195.931624960238,2094371.614187152,5817.751150628771,2222476.2305292627,3445.0,864695.0,2667.0,669417.0,6112.0,1534112.0,3770.2376214485957,1171460.5731500718,1025.6632407516602,318686.55732320977,4795.900862200256,1490147.1304732827,3761962.2384976847,6058071.428899961,10168706.986907614,7158417.209395055,3010289.7775125597,0.0,1692000.0000000002,0.0,711387.9591421704,55646.567548760664,4023123.975948391,0.0,1631280.0,0.0,4221796.027729126,55646.56754876128,6845998.834354684
2047-06-30,4.00000000000007,2.0000000000000684,1.515666343897939,2.2787680687547827,0.0,0.0,2.0,0.0,0.0,0.0,0.0,0.0,3492437.301564418,3644826.408504131,31543.715097850432,7282533.929758843,22540.639341468042,7532063.656993721,10229.0930029492,2104600.707190101,5768.012813796917,2228244.2433430594,3445.0,868140.0,2667.0,672084.0,6112.0,1540224.0,3764.021034687671,1175224.5941847595,1023.972067631072,319710.52939084085,4787.993102318743,1494935.1235756015,3761962.2384976847,6104613.9504598845,10168706.986907614,7158417.209395055,3010289.7775125597,0.0,1692000.0000000002,0.0,711387.9591421704,55738.32084121818,4078862.2967896094,0.0,1631280.0,0.0,4221796.027729126,55738.32084121879,6901737.155195902
2047-07-31,4.00000000000007,2.0000000000000684,1.5181695900914707,2.2862281624358696,0.0,0.0,0.0,1.0,0.0,0.0,0.0,0.0,3507389.4673204157,3650356.903401201,31602.797596414184,7314136.727355258,22432.394747576996,7554496.051741297,10262.280633031114,2114862.987823132,5718.288825954173,2233962.5321690137,3445.0,871585.0,2667.0,674751.0,6112.0,1546336.0,3757.8146981960494,1178982.4088829556,1022.2836830149463,320732.8130738558,4780.098381210995,1499715.2219568125,3761962.2384976847,6109298.965521367,10168706.986907614,7158417.209395055,3010289.7775125597,0.0,1692000.0000000002,0.0,711387.9591421704,13957.556355458533,4092819.853145068,0.0,1631280.0,0.0,4221796.027729126,13957.556355457918,6915694.71155136
2047-08-31,4.00000000000007,2.0000000000000684,1.5206769705996097,2.2937126785224193,0.0,0.0,0.0,1.0,0.0,0.0,0.0,0.0,3522384.009454282,3655914.812301514,31661.946269750824,7345798.673625008,22461.04604817744,7576957.097789475,10295.494602984758,2125158.4824261167,5736.39115750619,2239698.92332652,3445.0,875030.0,2667.0,677418.0,6112.0,1552448.0,3751.618595072491,1182734.027478028,1020.598082305435,321753.4111561613,4772.216677377926,1504487.4386341905,3761962.2384976847,6113999.269687474,10168706.986907614,7158417.209395055,3010289.7775125597,0.0,1692000.0000000002,0.0,711387.9591421704,13980.570385014415,4106800.4235300827,0.0,1631280.0,0.0,4221796.027729126,13980.570385015028,6929675.2819363745
2047-09-30,4.00000000000007,2.0000000000000684,1.5231884922505128,2.301221696967032,0.0,0.0,0.0,1.0,0.0,0.0,0.0,0.0,3537420.9114281703,3661500.1184061803,31721.161273685022,7377519.8348986935,22489.73874749904,7599446.836536974,10328.735000657985,2135487.2174267746,5754.507562877099,2245453.430889397,3445.0,878475.0,2667.0,680085.0,6112.0,1558560.0,3745.4327084436254,1186479.4601864717,1018.915260912271,322772.32641707355,4764.347969355897,1509251.7866035465,3761962.2384976847,6118714.875695508,10168706.986907614,7158417.209395055,3010289.7775125597,0.0,1692000.0000000002,0.0,711387.9591421704,14003.622361439098,4120804.045891522,0.0,1631280.0,0.0,4221796.027729126,14003.622361439098,6943678.904297814
2047-10-31,4.00000000000007,2.0000000000000684,1.5257041618836138,2.308755297984052,0.0,0.0,0.0,1.0,0.0,0.0,0.0,0.0,3552500.156908927,3667112.8050385164,31780.44276421326,7409300.277662907,22518.472918623,7621965.309455597,10362.001913965301,2145849.21934074,5772.638088897221,2251226.0689782943,3445.0,881920.0,2667.0,682752.0,6112.0,1564672.0,3739.2570214639018,1190218.7172079356,1017.2352142527564,323789.56163132633,4756.492235716658,1514008.2788392631,3761962.2384976847,6123445.796324342,10168706.986907614,7158417.209395055,3010289.7775125597,0.0,1692000.0000000002,0.0,711387.9591421704,14026.712347301896,4134830.758238824,0.0,1631280.0,0.0,4221796.027729126,14026.712347301285,6957705.616645115
2047-11-30,4.00000000000007,2.0000000000000684,1.5282239863496427,2.316313562050425,0.0,0.0,0.0,1.0,0.0,0.0,0.0,0.0,3567621.7297678906,3672752.8556439183,31839.79089750367,7441140.06856041,22547.24863473716,7644512.558090334,10395.29543088971,2156244.5147716296,5790.782782431892,2257016.851760726,3445.0,885365.0,2667.0,685419.0,6112.0,1570784.0,3733.091517315546,1193951.8087252511,1015.5579377517489,324805.1195690781,4748.649455067295,1518756.9282943304,3761962.2384976847,6128192.044394448,10168706.986907614,7158417.209395055,3010289.7775125597,0.0,1692000.0000000002,0.0,711387.9591421704,14049.84040527368,4148880.598644098,0.0,1631280.0,0.0,4221796.027729126,14049.840405273071,6971755.457050389
2047-12-31,4.00000000000007,2.0000000000000684,1.5307479725106439,2.323896569906556,0.0,0.0,0.0,1.0,0.0,0.0,0.0,0.0,3582785.6140806945,3678420.2537897285,31899.205829898314,7473039.274390308,22576.065969133044,7667088.624059467,10428.615639482383,2166673.1304111117,5808.941690380064,2262825.793451106,3445.0,888810.0,2667.0,688086.0,6112.0,1576896.0,3726.936179208515,1197678.7449044597,1013.8834268416504,325819.0029959197,4740.819606050165,1523497.7479003805,3761962.2384976847,6132953.63276794,10168706.986907614,7158417.209395055,3010289.7775125597,0.0,1692000.0000000002,0.0,711387.9591421704,14073.006598131367,4162953.605242229,0.0,1631280.0,0.0,4221796.027729126,14073.006598131977,6985828.46364852
2048-01-31,4.00000000000007,2.0000000000000684,1.5332761272399948,2.331504402557175,0.0,0.0,0.0,1.0,0.0,0.0,0.0,0.0,3597991.7941270648,3684114.983165101,31958.687717911725,7504997.96210822,22604.924995206595,7689693.549054673,10461.96262786325,2177135.093038975,5827.114859675621,2268652.9083107817,3445.0,892255.0,2667.0,690753.0,6112.0,1583008.0,3720.7909903804493,1201399.53589484,1012.2116769623939,326831.2146728821,4733.002667342843,1528230.7505677233,3761962.2384976847,6137730.574348594,10168706.986907614,7158417.209395055,3010289.7775125597,0.0,1692000.0000000002,0.0,711387.9591421704,14096.210988752606,4177049.8162309816,0.0,1631280.0,0.0,4221796.027729126,14096.210988752606,6999924.674637273
2048-02-29,4.00000000000007,2.0000000000000684,1.535808457422425,2.3391371412721984,0.0,0.0,0.0,1.0,0.0,0.0,0.0,0.0,3613240.2543906253,3689837.027580876,32018.236718233704,7537016.198826454,22633.825786460657,7712327.374841133,10495.33648422003,2187630.4295231947,5845.302337287784,2274498.2106480696,3445.0,895700.0,2667.0,693420.0,6112.0,1589120.0,3714.6559340966282,1205114.1918289366,1010.5426835614315,327841.75735644356,4725.198617658059,1532955.9491853814,3761962.2384976847,6142522.882081902,10168706.986907614,7158417.209395055,3010289.7775125597,0.0,1692000.0000000002,0.0,711387.9591421704,14119.453640121423,4191169.269871103,0.0,1631280.0,0.0,4221796.027729126,14119.453640122028,7014044.128277395
2048-03-31,4.00000000000007,2.0000000000000684,1.538344969954035,2.3467948675876,0.0,0.0,0.0,1.0,0.0,0.0,0.0,0.0,3628530.9795586993,3695586.370969445,32077.85298772659,7569094.05181418,22662.76841650264,7734990.143257636,10528.73729681029,2198159.166820005,5863.504170219676,2280361.7148182895,3445.0,899145.0,2667.0,696087.0,6112.0,1595232.0,3708.530993649924,1208822.7228225865,1008.8764420937216,328850.63379853725,4717.407435743646,1537673.356621125,3761962.2384976847,6147330.568955087,10168706.986907614,7158417.209395055,3010289.7775125597,0.0,1692000.0000000002,0.0,711387.9591421704,14142.734615323514,4205312.004486427,0.0,1631280.0,0.0,4221796.027729126,14142.734615322302,7028186.862892717
2048-04-30,4.00000000000007,2.0000000000000684,1.540885671742314,2.3544776633062816,0.0,0.0,0.0,1.0,0.0,0.0,0.0,0.0,3643863.9545221133,3701362.9973846255,32137.536683428574,7601231.588497609,22691.752959046356,7757681.896216682,10562.16515396015,2208721.3319739653,5881.720405510219,2286243.4352237997,3445.0,902590.0,2667.0,698754.0,6112.0,1601344.0,3702.4161523607577,1212525.1389749474,1007.2129480217171,329857.84674655896,4709.6291003824745,1542382.9857215076,3761962.2384976847,6152153.64799716,10168706.986907614,7158417.209395055,3010289.7775125597,0.0,1692000.0000000002,0.0,711387.9591421704,14166.05397754941,4219478.058463976,0.0,1631280.0,0.0,4221796.027729126,14166.053977550619,7042352.916870268
2048-05-31,4.00000000000007,2.0000000000000684,1.5434305697061605,2.3621856104989463,0.0,0.0,0.0,1.0,0.0,0.0,0.0,0.0,3659239.164375,3707166.8910015277,32197.28796255149,7633428.87646016,22720.779487910833,7780402.675704593,10595.620144065686,2219316.9521180307,5899.95109023329,2292143.386314033,3445.0,906035.0,2667.0,701421.0,6112.0,1607456.0,3696.311393577051,1216221.4503685245,1005.552196815352,330863.39894337434,4701.863590392403,1547084.8493119,3761962.2384976847,6156992.132278934,10168706.986907614,7158417.209395055,3010289.7775125597,0.0,1692000.0000000002,0.0,711387.9591421704,14189.411790094584,4233667.47025407,0.0,1631280.0,0.0,4221796.027729126,14189.411790094584,7056542.328660362
2048-06-30,4.00000000000007,2.0000000000000684,1.5459796707758993,2.3699187915049746,0.0,0.0,0.0,1.0,0.0,0.0,0.0,0.0,3674656.594414608,3712998.036116428,32257.1069824841,7665685.983442645,22749.848077020943,7803152.523781613,10629.10235559191,2229946.0544736227,5918.196271497782,2298061.582585531,3445.0,909480.0,2667.0,704088.0,6112.0,1613568.0,3690.216700674184,1219911.6670691988,1003.8941839520304,331867.29312732635,4694.110884626214,1551778.9601965263,3761962.2384976847,6161846.034913073,10168706.986907614,7158417.209395055,3010289.7775125597,0.0,1692000.0000000002,0.0,711387.9591421704,14212.808116357133,4247880.278370427,0.0,1631280.0,0.0,4221796.027729126,14212.808116355929,7070755.136776718
2048-07-31,4.00000000000007,2.0000000000000684,1.5485329818933016,2.377677288933305,0.0,0.0,0.0,1.0,0.0,0.0,0.0,0.0,3690116.2301411023,3718856.41714664,32316.993900790378,7698002.977343435,22778.958800408556,7825931.482582022,10662.611877074129,2240608.6663506967,5936.455996447946,2303998.038581979,3445.0,912925.0,2667.0,706755.0,6112.0,1619680.0,3684.132057054947,1223595.7991262537,1002.238904916613,332869.532032243,4686.37096197156,1556465.3311584978,3761962.2384976847,6166715.369054127,10168706.986907614,7158417.209395055,3010289.7775125597,0.0,1692000.0000000002,0.0,711387.9591421704,14236.243019841482,4262116.521390269,0.0,1631280.0,0.0,4221796.027729126,14236.243019842685,7084991.379796561
2048-08-31,4.00000000000007,2.0000000000000684,1.5510905100116033,2.385461185663317,0.0,0.0,0.0,1.0,0.0,0.0,0.0,0.0,3705618.057257375,3724742.0186303854,32376.94887521028,7730379.926218646,22808.11173221193,7848739.594314234,10696.148797117796,2251304.8151478143,5954.730312263741,2309952.7688942426,3445.0,916370.0,2667.0,709422.0,6112.0,1625792.0,3678.057446149498,1227273.856572403,1000.5863552014059,333870.1183874444,4678.643801350904,1561143.9749598487,3761962.2384976847,6171600.147898557,10168706.986907614,7158417.209395055,3010289.7775125597,0.0,1692000.0000000002,0.0,711387.9591421704,14259.71656415602,4276376.237954425,0.0,1631280.0,0.0,4221796.027729126,14259.71656415542,7099251.096360716
2048-09-30,4.00000000000007,2.0000000000000684,1.5536522620955244,2.3932705648457144,0.0,0.0,0.0,1.0,0.0,0.0,0.0,0.0,3721162.061668851,3730654.8252266683,32436.972063660432,7762816.898282306,22837.30694667504,7871576.90126091,10729.713204398322,2262034.5283522126,5973.019266160547,2315925.7881604033,3445.0,919815.0,2667.0,712089.0,6112.0,1631904.0,3671.9928514153157,1230945.8494238185,998.9365303061472,334869.05491775053,4670.929381721463,1565814.90434157,3761962.2384976847,6176500.3846847825,10168706.986907614,7158417.209395055,3010289.7775125597,0.0,1692000.0000000002,0.0,711387.9591421704,14283.228813013156,4290659.466767438,0.0,1631280.0,0.0,4221796.027729126,14283.228813013156,7113534.325173729
2048-10-31,4.00000000000007,2.0000000000000684,1.5562182451212874,2.4011055099034153,0.0,0.0,0.0,1.0,0.0,0.0,0.0,0.0,3736748.229483299,3736594.8217151486,32497.06362423536,7795313.961906542,22866.544518149898,7894443.445779059,10763.305187662098,2272797.8335398748,5991.322905390092,2321917.1110657933,3445.0,923260.0,2667.0,714756.0,6112.0,1638016.0,3665.9382563371555,1234611.7876801556,997.2894257379957,335866.3443434885,4663.227682075151,1570478.1320236453,3761962.2384976847,6181416.092693216,10168706.986907614,7158417.209395055,3010289.7775125597,0.0,1692000.0000000002,0.0,711387.9591421704,14306.779830232344,4304966.24659767,0.0,1631280.0,0.0,4221796.027729126,14306.779830232344,7127841.105003961
2048-11-30,4.00000000000007,2.0000000000000684,1.5587884660766367,2.408966104532443,0.0,0.0,0.0,1.0,0.0,0.0,0.0,0.0,3752376.547010636,3742561.9929960123,32557.22371520575,7827871.185621748,22895.82452109408,7917339.270300153,10796.92483572596,2283594.758375601,6009.641277238955,2327926.752343032,3445.0,926705.0,2667.0,717423.0,6112.0,1644128.0,3659.8936444270034,1238271.6813245825,995.6450370115178,336861.98938050005,4655.538681438521,1575133.6707050838,3761962.2384976847,6186347.285246291,10168706.986907614,7158417.209395055,3010289.7775125597,0.0,1692000.0000000002,0.0,711387.9591421704,14330.369679735884,4319296.616277406,0.0,1631280.0,0.0,4221796.027729126,14330.369679735884,7142171.474683697
2048-12-31,4.00000000000007,2.0000000000000684,1.5613629319608577,2.41685243270282,0.0,0.0,0.0,1.0,0.0,0.0,0.0,0.0,3768047.000762743,3748556.3240898484,32617.452495021942,7860488.6381167695,22925.147030074768,7940264.417330228,10830.572237477876,2294425.330613079,6027.974429030364,2333954.7267720625,3445.0,930150.0,2667.0,720090.0,6112.0,1650240.0,3653.858999224032,1241925.5403238067,994.0033596486762,337855.99274014874,4647.862358872708,1579781.5330639565,3761962.2384976847,6191293.975708505,10168706.986907614,7158417.209395055,3010289.7775125597,0.0,1692000.0000000002,0.0,711387.9591421704,14353.99842555371,4333650.61470296,0.0,1631280.0,0.0,4221796.027729126,14353.99842555371,7156525.473109251
2049-01-31,4.00000000000007,2.0000000000000684,1.5639416497847956,2.424764578659463,0.0,0.0,0.0,1.0,0.0,0.0,0.0,0.0,3783759.5774532715,3754577.8001375212,32677.750122310976,7893166.38823908,22954.51211976326,7963218.929449991,10864.24748187699,2305289.578094956,6046.322408123587,2340001.049180186,3445.0,933595.0,2667.0,722757.0,6112.0,1656352.0,3647.834304294556,1245573.3746281012,992.364389178817,338848.35712932755,4640.198693473373,1584421.73175743,3761962.2384976847,6196256.177486453,10168706.986907614,7158417.209395055,3010289.7775125597,0.0,1692000.0000000002,0.0,711387.9591421704,14377.666131820362,4348028.28083478,0.0,1631280.0,0.0,4221796.027729126,14377.666131819768,7170903.1392410705
2049-02-28,4.00000000000007,2.0000000000000684,1.5665246265708743,2.4327026269230876,0.0,0.0,0.0,1.0,0.0,0.0,0.0,0.0,3799514.263997457,3760626.406400048,32738.116755879397,7925904.50499496,22983.91986494139,7986202.849314933,10897.95065795454,2316187.5287529104,6064.685261913904,2346065.7344421,3445.0,937040.0,2667.0,725424.0,6112.0,1662464.0,3641.8195432319867,1249215.1941713332,990.7281211386579,339839.0852504662,4632.547664370644,1589054.2794218005,3761962.2384976847,6201233.904028867,10168706.986907614,7158417.209395055,3010289.7775125597,0.0,1692000.0000000002,0.0,711387.9591421704,14401.372862775552,4362429.653697556,0.0,1631280.0,0.0,4221796.027729126,14401.372862776147,7185304.512103846
2049-03-31,4.00000000000007,2.0000000000000684,1.5691118693531163,2.4406666622911053,0.0,0.0,0.0,1.0,0.0,0.0,0.0,0.0,3815311.047511932,3766702.1282584714,32798.552554713766,7958703.057549673,23013.370340497124,8009216.21965543,10931.68185481268,2327119.2106077233,6083.063037833473,2352148.7974799336,3445.0,940485.0,2667.0,728091.0,6112.0,1668576.0,3635.814699656787,1252851.00887099,989.0945510722757,340828.17980153847,4624.9092507290625,1593679.1886725295,3761962.2384976847,6206227.168826647,10168706.986907614,7158417.209395055,3010289.7775125597,0.0,1692000.0000000002,0.0,711387.9591421704,14425.118682765278,4376854.772380321,0.0,1631280.0,0.0,4221796.027729126,14425.118682765278,7199729.630786612
2049-04-30,4.00000000000007,2.0000000000000684,1.571703385177161,2.4486567698385344,0.0,0.0,0.0,1.0,0.0,0.0,0.0,0.0,3831149.915314537,3772804.951213735,32859.05767797806,7991562.115227651,23042.863621426826,8032259.083276857,10965.441161625673,2338084.651769349,6101.455783349804,2358250.2532632835,3445.0,943930.0,2667.0,730758.0,6112.0,1674688.0,3629.8197572164277,1256480.8286282064,987.4636745310949,341815.64347606956,4617.283431747523,1598296.472104277,3761962.2384976847,6211235.985412903,10168706.986907614,7158417.209395055,3010289.7775125597,0.0,1692000.0000000002,0.0,711387.9591421704,14448.903656242344,4391303.676036564,0.0,1631280.0,0.0,4221796.027729126,14448.903656242344,7214178.534442854
2049-05-31,4.00000000000007,2.0000000000000684,1.5742991811002842,2.4566730349189054,0.0,0.0,0.0,1.0,0.0,0.0,0.0,0.0,3847030.8549241354,3778934.860886562,32919.632285018284,8024481.747512669,23072.399782834975,8055331.483059691,10999.22866764075,2349083.8804369895,6119.863545968375,2364370.1168092517,3445.0,947375.0,2667.0,733425.0,6112.0,1680800.0,3623.834699585343,1260104.6633277917,985.8354870738742,342801.4789631434,4609.6701866592175,1602906.1422909363,3761962.2384976847,6216260.367362989,10168706.986907614,7158417.209395055,3010289.7775125597,0.0,1692000.0000000002,0.0,711387.9591421704,14472.727847764472,4405776.403884328,0.0,1631280.0,0.0,4221796.027729126,14472.727847765063,7228651.262290619
2049-06-30,4.00000000000007,2.0000000000000684,1.5768992641914177,2.4647155431651746,0.0,0.0,0.0,1.0,0.0,0.0,0.0,0.0,3862953.8540604305,3785091.84301733,32980.27653536037,8057462.024048029,23101.97889993398,8078433.461959626,11033.044462176576,2360116.924899166,6138.286373230203,2370508.403182482,3445.0,950820.0,2667.0,736092.0,6112.0,1686912.0,3617.8595104648853,1263722.5228382566,984.2099842666962,343785.68894741015,4602.0694947315815,1607508.2117856678,3761962.2384976847,6221300.328294538,10168706.986907614,7158417.209395055,3010289.7775125597,0.0,1692000.0000000002,0.0,711387.9591421704,14496.59132199834,4420272.995206326,0.0,1631280.0,0.0,4221796.027729126,14496.591321997748,7243147.853612617
2049-07-31,4.00000000000007,2.0000000000000684,1.579503641531168,2.4727843804906384,0.0,0.0,0.0,0.0,0.0,0.0,0.0,0.0,3878918.900643776,3791275.8834659476,33040.99058870993,8090503.014636739,23131.601048045668,8101565.063007671,11066.888634624976,2371183.813533791,6156.7243127138445,2376665.1274951957,3445.0,954265.0,2667.0,738759.0,6112.0,1693024.0,3611.8941735832805,1267334.4170118398,982.5871616829537,344768.2761090931,4594.481335266234,1612102.693120934,3761962.2384976847,6221300.328294538,10168706.986907614,7158417.209395055,3010289.7775125597,0.0,1692000.0000000002,0.0,711387.9591421704,0.0,4420272.995206326,0.0,1631280.0,0.0,4221796.027729126,0.0,7243147.853612617
